,Ticker,Price,Number of Shares to Buy,One-Year Price Return,One-Year Return Percentile,Six-Month Price Return,Six-Month Return Percentile,Three-Month Price Return,Three-Month Return Percentile,One-Month Price Return,One-Month Return Percentile,HQM Scores
0,A,140.19,N/A,0.11610821448958286,N/A,0.07711279373969959,N/A,-0.0964070918411084,N/A,0.05435029489318111,N/A,N/A
1,AAL,13.1,N/A,-0.31052631578947365,N/A,-0.007575757575757569,N/A,-0.2330210772833723,N/A,-0.06294706723891275,N/A,N/A
2,AAP,126.87,N/A,-0.3958252079038464,N/A,-0.2357509754159636,N/A,-0.13907936389453424,N/A,0.07586241986364106,N/A,N/A
3,AAPL,165.23,N/A,0.006962134859672453,N/A,0.16541024584845077,N/A,0.2173181427039006,N/A,0.06599999999999984,N/A,N/A
4,ABBV,161.18,N/A,0.03155398058364289,N/A,0.1371027935845901,N/A,0.06433768784226301,N/A,0.05474491244923585,N/A,N/A
5,ABC,167.38,N/A,0.054416669081489566,N/A,0.18654857419933824,N/A,0.022757546946147844,N/A,0.1010393369293512,N/A,N/A
6,ABMD,381.02,N/A,0.0,N/A,0.0,N/A,0.0,N/A,0.0,N/A,N/A
7,ABT,104.52,N/A,-0.09519027667162994,N/A,0.0192995972342771,N/A,-0.07361860420594168,N/A,0.0827991165221138,N/A,N/A
8,ACN,279.98,N/A,-0.10948573580498376,N/A,0.07630675857445302,N/A,-0.013340935849540547,N/A,0.1243178818265529,N/A,N/A
9,ADBE,377.92,N/A,-0.101132147274284,N/A,0.28763202725724035,N/A,0.0973924153551311,N/A,0.05522979840285936,N/A,N/A
10,ADI,189.57,N/A,0.23396599286842257,N/A,0.37507271775067497,N/A,0.14104761858901815,N/A,0.02001614205004043,N/A,N/A
11,ADM,82.2,N/A,-0.13555124382818295,N/A,-0.03215893316127261,N/A,-0.06175522540702927,N/A,0.1069216267169404,N/A,N/A
12,ADP,218.16,N/A,-0.029394020825139644,N/A,-0.054150491350957175,N/A,-0.07342046986450423,N/A,0.023168558296595032,N/A,N/A
13,ADSK,197.09,N/A,0.0018299191785697837,N/A,-0.008102667337694935,N/A,-0.017987045341305352,N/A,-0.01014514589925175,N/A,N/A
14,AEE,89.74,N/A,-0.04810698030130911,N/A,0.17152823469206568,N/A,0.013264803782975676,N/A,0.05551634909433068,N/A,N/A
15,AEP,93.29,N/A,-0.05389329652620933,N/A,0.11744223234509564,N/A,-0.007435984461994893,N/A,0.02855567805953707,N/A,N/A
16,AES,24.33,N/A,0.023912329873999383,N/A,0.03143480933505738,N/A,-0.11291469323911928,N/A,0.08664582402858412,N/A,N/A
17,AFL,66.57,N/A,0.045158312360563,N/A,0.1296031711017065,N/A,-0.07556431958784371,N/A,0.08614782183064107,N/A,N/A
18,AIG,51.92,N/A,-0.1563964871517819,N/A,0.015528272252332886,N/A,-0.1804831235083908,N/A,0.09906858594411516,N/A,N/A
19,AIV,7.76,N/A,0.1238233164373641,N/A,0.09295774647887334,N/A,0.0332889480692411,N/A,0.12301013024602026,N/A,N/A
20,AIZ,119.03,N/A,-0.3627470138302582,N/A,-0.210114358558842,N/A,-0.06497273000783188,N/A,0.13448341593595114,N/A,N/A
21,AJG,203.21,N/A,0.13813743341355544,N/A,0.16706801799447613,N/A,0.04169176360706994,N/A,0.12894444444444453,N/A,N/A
22,AKAM,82.93,N/A,-0.3030506765274392,N/A,0.004724981826992991,N/A,-0.06694419441944177,N/A,0.12661323189784013,N/A,N/A
23,ALB,205.9,N/A,-0.017482981316429558,N/A,-0.1669792011820075,N/A,-0.151335543955172,N/A,-0.012422658161062916,N/A,N/A
24,ALGN,347.69,N/A,-0.15160314284319942,N/A,0.6443908437381762,N/A,0.41314420419444,N/A,0.08358525259450866,N/A,N/A
25,ALK,42.64,N/A,-0.2533706881456837,N/A,0.026727666746929835,N/A,-0.15228628230616292,N/A,0.08526342580809376,N/A,N/A
26,ALL,114.89,N/A,-0.16431480942682564,N/A,-0.12795573971198015,N/A,-0.146455438718487,N/A,0.09304538102939786,N/A,N/A
27,ALLE,104.43,N/A,-0.011878651166575492,N/A,0.1255052001939969,N/A,-0.07017204888920137,N/A,0.010743321718931664,N/A,N/A
28,ALXN,182.5,N/A,0.0,N/A,0.0,N/A,0.0,N/A,0.0,N/A,N/A
29,AMAT,111.79,N/A,-0.004170742092782453,N/A,0.5095374028772899,N/A,0.02414561391936565,N/A,-0.08817292006525279,N/A,N/A
30,AMCR,11.1,N/A,-0.009476896717888428,N/A,0.03158892575347805,N/A,-0.0764315311267535,N/A,0.03738317757009346,N/A,N/A
31,AMD,89.87,N/A,-0.0342789598108747,N/A,0.5505521048999311,N/A,0.2553429249895236,N/A,-0.08145952575633686,N/A,N/A
32,AME,139.22,N/A,0.10334530301577338,N/A,0.1942884838918604,N/A,-0.035692937257702395,N/A,0.0313356544929253,N/A,N/A
33,AMGN,248.07,N/A,0.007666666937468314,N/A,-0.003750543666183548,N/A,-0.07112431140307518,N/A,0.0795508942947909,N/A,N/A
34,AMP,311.61,N/A,0.09006342524297395,N/A,0.17578341225092298,N/A,-0.07006573194758858,N/A,0.1072380343246988,N/A,N/A
35,AMT,208.83,N/A,-0.1657651726633994,N/A,0.09295823594248342,N/A,-0.08944602407127455,N/A,0.0448646874462133,N/A,N/A
36,AMZN,102.74,N/A,-0.3227712721603887,N/A,-0.0971087090253978,N/A,0.06965122332118678,N/A,0.038302172814552726,N/A,N/A
37,ANET,163.42,N/A,0.29104123874229737,N/A,0.562930374904361,N/A,0.4051590713671538,N/A,0.0009800318510351236,N/A,N/A
38,ANSS,320.18,N/A,0.13406297595012928,N/A,0.5117091595845136,N/A,0.26713629887604884,N/A,0.029219839917708823,N/A,N/A
39,ANTM,482.58,N/A,0.2815235732036283,N/A,0.05585082874378733,N/A,0.006370677989535833,N/A,-0.07055450096761873,N/A,N/A
40,AON,329.81,N/A,0.01216463472644458,N/A,0.1928710573696437,N/A,0.04244532938282353,N/A,0.11200647358306082,N/A,N/A
41,AOS,67.57,N/A,0.08052355099984787,N/A,0.32343320941856657,N/A,0.1312270222126981,N/A,0.03207575989002587,N/A,N/A
42,APA,39.49,N/A,-0.07956227347419209,N/A,-0.003786569660520378,N/A,-0.12029601181552274,N/A,0.24417139256458745,N/A,N/A
43,APD,286.2,N/A,0.18903495397163428,N/A,0.2196992942620435,N/A,-0.05998491771747783,N/A,0.04827024421546744,N/A,N/A
44,APH,78.63,N/A,0.13003525342078892,N/A,0.13967753343807776,N/A,-0.022857164160742127,N/A,0.02676939148602764,N/A,N/A
45,APTV,107.6,N/A,0.0008371314296342636,N/A,0.2608389969533629,N/A,0.04924427108727447,N/A,0.003731343283581934,N/A,N/A
46,ARE,123.58,N/A,-0.3476662361059718,N/A,-0.062007825456643184,N/A,-0.2007719360876241,N/A,0.03257654502127316,N/A,N/A
47,ATO,114.1,N/A,-0.029552301262347536,N/A,0.1525322375691165,N/A,0.007695045514078957,N/A,-0.0051443020315633525,N/A,N/A
48,ATVI,85.5,N/A,0.08323831242873414,N/A,0.19147157190635444,N/A,0.14672746781115875,N/A,0.08241549563235862,N/A,N/A
49,AVB,174.02,N/A,-0.2678908592795527,N/A,0.01243641001056539,N/A,0.03410612988068751,N/A,0.08852984042985734,N/A,N/A
50,AVGO,627.36,N/A,0.119613546295956,N/A,0.4634624266939129,N/A,0.09086982505846386,N/A,0.001435045437784721,N/A,N/A
51,AVY,178.88,N/A,0.083112932445917,N/A,0.06387913838160486,N/A,-0.07177549919050186,N/A,0.0745479666005886,N/A,N/A
52,AWK,149.84,N/A,-0.08226537866965233,N/A,0.1503695093732389,N/A,-0.04305975639663207,N/A,0.05662506170227766,N/A,N/A
53,AXP,163.71,N/A,-0.0829383169444946,N/A,0.16494284158954842,N/A,0.06872521338925797,N/A,0.049811372539715126,N/A,N/A
54,AZO,2665.41,N/A,0.23136376235794143,N/A,0.16404124395686925,N/A,0.1313861487002732,N/A,0.12702325581395346,N/A,N/A
55,BA,205.03,N/A,0.1269099703198857,N/A,0.5065765302373428,N/A,-0.030178326474622708,N/A,0.01979607062919664,N/A,N/A
56,BAC,30.37,N/A,-0.1715065922104706,N/A,-0.08549438107512386,N/A,-0.11451530136219444,N/A,0.09166067577282531,N/A,N/A
57,BAX,42.97,N/A,-0.4258141759892245,N/A,-0.2126849878797096,N/A,-0.032721346311420096,N/A,0.1434273549760512,N/A,N/A
58,BBY,73.31,N/A,-0.18109972353318995,N/A,0.14338029443095346,N/A,-0.12120765320128069,N/A,-0.033134051591682034,N/A,N/A
59,BDX,256.28,N/A,-0.04308006643327422,N/A,0.1275373770633168,N/A,0.004981379139695319,N/A,0.08786824008829264,N/A,N/A
60,BEN,26.85,N/A,0.10102352130695812,N/A,0.235812322222529,N/A,-0.08807466579719592,N/A,0.03376981392143352,N/A,N/A
61,BF.B,63.72,N/A,-0.059187611751000735,N/A,-0.02009482258826001,N/A,-0.060070243965760106,N/A,0.03340901719104772,N/A,N/A
62,BIIB,292.2,N/A,0.3747353563867324,N/A,0.08402893711741788,N/A,0.00901274215269865,N/A,0.11035111719106228,N/A,N/A
63,BIO,481.51,N/A,-0.12163665882267104,N/A,0.19147304085319083,N/A,0.05844983733403675,N/A,0.024772809500500204,N/A,N/A
64,BK,44.23,N/A,-0.03336349291686891,N/A,0.11414788971875488,N/A,-0.10291800106684412,N/A,0.03875058713010793,N/A,N/A
65,BKNG,2676.05,N/A,0.2014825191151579,N/A,0.5313678475985557,N/A,0.14654116074412404,N/A,0.09635987463383676,N/A,N/A
66,BKR,29.15,N/A,-0.1983521530363616,N/A,0.23384154342360344,N/A,-0.06837757075057138,N/A,0.08283803863298655,N/A,N/A
67,BLK,698.36,N/A,0.03657367248926713,N/A,0.2442126278780523,N/A,-0.06177045082066879,N/A,0.09682587049049007,N/A,N/A
68,BLL,69.49,N/A,-0.22752153246210427,N/A,-0.23542420808256412,N/A,-0.2595079014950503,N/A,-0.20510180736673533,N/A,N/A
69,BMY,70.6,N/A,-0.06086049654673365,N/A,0.0051023894672102,N/A,-0.015612167925967424,N/A,0.06990933048832404,N/A,N/A
70,BR,146.05,N/A,-0.030056622644541675,N/A,0.03342626268344118,N/A,0.01161714672015779,N/A,0.08057117490381782,N/A,N/A
71,BRK.B,323.79,N/A,-0.0596520779484796,N/A,0.16883257526532391,N/A,0.0283618115988058,N/A,0.103165139177541,N/A,N/A
72,BSX,51.74,N/A,0.1692655367231639,N/A,0.2662750856583456,N/A,0.12380538662033014,N/A,0.07904066736183513,N/A,N/A
73,BWA,48.38,N/A,0.32287718952854383,N/A,0.4420741067516372,N/A,0.09705215419501134,N/A,0.05771753388718848,N/A,N/A
74,BXP,53.07,N/A,-0.5489829808426123,N/A,-0.26634243988487094,N/A,-0.2469787630132768,N/A,0.05806076024068041,N/A,N/A
75,C,49.69,N/A,0.016872844849638247,N/A,0.16450475152623012,N/A,-0.002583367289792804,N/A,0.12293785310734462,N/A,N/A
76,CAG,37.27,N/A,0.08516523511428176,N/A,0.10807194886279192,N/A,-0.060532272619569616,N/A,0.049268018018018056,N/A,N/A
77,CAH,80.06,N/A,0.3098200510774194,N/A,0.18890984422103085,N/A,0.05456858976807655,N/A,0.15757207715219337,N/A,N/A
78,CARR,44.77,N/A,0.10264961011964856,N/A,0.27013938339938903,N/A,-0.014527845036319542,N/A,0.023314285714285843,N/A,N/A
79,CAT,225.24,N/A,0.01187620284964197,N/A,0.26011352434574686,N/A,-0.1168572287807932,N/A,0.04757918236361114,N/A,N/A
80,CB,198.21,N/A,-0.04256922425935683,N/A,0.037193711009082975,N/A,-0.11369011394007468,N/A,0.06108137044967887,N/A,N/A
81,CBOE,137.55,N/A,0.19176964145538863,N/A,0.1538771278148563,N/A,0.1169904355410034,N/A,0.09557945041816018,N/A,N/A
82,CBRE,72.29,N/A,-0.1550958391771855,N/A,0.035821750967187205,N/A,-0.14651711924439192,N/A,-0.021388926492486804,N/A,N/A
83,CCI,132.18,N/A,-0.28561429982040376,N/A,0.017097048971937978,N/A,-0.10994993552557596,N/A,0.014739751266697576,N/A,N/A
84,CCL,9.75,N/A,-0.5015337423312883,N/A,0.34112792297111416,N/A,-0.10386029411764708,N/A,0.14035087719298245,N/A,N/A
85,CDNS,213.16,N/A,0.4229639519359145,N/A,0.38352696826117993,N/A,0.2323524310574088,N/A,0.030355761794276903,N/A,N/A
86,CDW,188.92,N/A,0.10522707115996188,N/A,0.19341285628825355,N/A,-0.04125077899642926,N/A,0.004626429141185717,N/A,N/A
87,CE,110.61,N/A,-0.219606564871924,N/A,0.21855965169530836,N/A,-0.07343727879896156,N/A,0.07388349514563108,N/A,N/A
88,CERN,94.92,N/A,0.0,N/A,0.0,N/A,0.0,N/A,0.0,N/A,N/A
89,CF,78.01,N/A,-0.26845073037706524,N/A,-0.20431816257776023,N/A,-0.08870974336449611,N/A,0.09981672071055958,N/A,N/A
90,CFG,30.32,N/A,-0.22697628408111648,N/A,-0.14756992766152455,N/A,-0.2499505244409261,N/A,-0.017498379779649964,N/A,N/A
91,CHD,89.95,N/A,-0.11270212043971306,N/A,0.2241709457077803,N/A,0.0652130662978192,N/A,0.05253919962555598,N/A,N/A
92,CHRW,95.77,N/A,-0.05194269089094816,N/A,0.006870521938885377,N/A,0.03972268271684953,N/A,-0.0014597018037744158,N/A,N/A
93,CHTR,346.19,N/A,-0.3765936757185047,N/A,0.04371551750128133,N/A,-0.10856186429766967,N/A,-0.010913973886460315,N/A,N/A
94,CI,258.67,N/A,0.01001147962171922,N/A,-0.10089028094615238,N/A,-0.17530907179150212,N/A,-0.04000742252737044,N/A,N/A
95,CINF,107.52,N/A,-0.20120235686908783,N/A,0.08666870147537109,N/A,0.019637891989697343,N/A,0.024878467257649417,N/A,N/A
96,CL,75.7,N/A,-0.04128429909903519,N/A,0.06291114090944205,N/A,-0.026255095438577517,N/A,0.0484764542936289,N/A,N/A
97,CLX,158.14,N/A,0.12224875544216827,N/A,0.20749910853976905,N/A,0.07748576661333972,N/A,0.026949801935190365,N/A,N/A
98,CMA,45.03,N/A,-0.46720084623130087,N/A,-0.371942876509994,N/A,-0.3285288025803104,N/A,0.03303509979353048,N/A,N/A
99,CMCSA,38.09,N/A,-0.17986723710643204,N/A,0.25496268718185267,N/A,-0.006730450791564646,N/A,0.07349298100743185,N/A,N/A
100,CME,192.12,N/A,-0.1517888284425356,N/A,0.14599233738415252,N/A,0.09829362032723554,N/A,0.03301430261318439,N/A,N/A
101,CMG,1775.0,N/A,0.1071813968574762,N/A,0.15111739451873565,N/A,0.14402464648027125,N/A,0.10327938141766736,N/A,N/A
102,CMI,234.52,N/A,0.2291230679649712,N/A,0.0789761596509293,N/A,-0.052734173830468856,N/A,0.04133919452955026,N/A,N/A
103,CMS,61.34,N/A,-0.11698698801008256,N/A,0.12610173100965483,N/A,-0.02586213741791521,N/A,0.0,N/A,N/A
104,CNC,68.7,N/A,-0.20614744626762196,N/A,-0.08619313647246618,N/A,-0.104769351055512,N/A,0.09832134292565951,N/A,N/A
105,CNP,30.64,N/A,-0.03169737382675475,N/A,0.18216717788452264,N/A,-0.0077173937684392735,N/A,0.05473321858864022,N/A,N/A
106,COF,97.83,N/A,-0.24191468653718595,N/A,0.02005705562923854,N/A,-0.05129577694250176,N/A,0.09051387805149937,N/A,N/A
107,COG,22.25,N/A,0.34048257372654134,N/A,0.1808725188408875,N/A,0.25562916897100485,N/A,0.24929814710836615,N/A,N/A
108,COO,371.48,N/A,-0.0702465893857741,N/A,0.4282902042084349,N/A,0.07581906384511794,N/A,0.08778916544655946,N/A,N/A
109,COP,105.61,N/A,0.09637421023891646,N/A,-0.0891048801587705,N/A,-0.11229871009715042,N/A,0.1257981643552324,N/A,N/A
110,COST,493.94,N/A,-0.15757970195847282,N/A,0.06791280275978728,N/A,0.016496197657206002,N/A,0.014146391540909464,N/A,N/A
111,COTY,12.19,N/A,0.4240654205607475,N/A,0.8303303303303302,N/A,0.2804621848739497,N/A,0.12143514259429632,N/A,N/A
112,CPB,55.21,N/A,0.22991995829722575,N/A,0.11882528411393745,N/A,0.016904822423847277,N/A,0.041289456213410514,N/A,N/A
113,CPRT,77.42,N/A,0.32364506753291167,N/A,0.3959610530111792,N/A,0.2269413629160064,N/A,0.11044176706827312,N/A,N/A
114,CRM,197.08,N/A,0.04049416609471535,N/A,0.3390406305204512,N/A,0.327406210008756,N/A,0.06616175277251846,N/A,N/A
115,CSCO,50.28,N/A,0.014732593340060609,N/A,0.24566445347339227,N/A,0.06152764553252688,N/A,0.016899790471721854,N/A,N/A
116,CSX,30.45,N/A,-0.12014563106796106,N/A,0.08902463448828368,N/A,-0.06259812704335144,N/A,0.0532687651331718,N/A,N/A
117,CTAS,461.98,N/A,0.1284993850389191,N/A,0.17845998202643187,N/A,0.04110984409719243,N/A,0.0675941118018164,N/A,N/A
118,CTL,11.0,N/A,,N/A,,N/A,,N/A,,N/A,N/A
119,CTSH,60.75,N/A,-0.27105569134518115,N/A,0.023581980913355283,N/A,-0.030915007656967863,N/A,0.05121993424467908,N/A,N/A
120,CTVA,62.77,N/A,0.04127441238580731,N/A,0.04711954545302888,N/A,0.0035396475700495422,N/A,0.10881469704999124,N/A,N/A
121,CTXS,103.9,N/A,0.0,N/A,0.0,N/A,0.0,N/A,0.0,N/A,N/A
122,CVS,75.8,N/A,-0.25124340022423186,N/A,-0.1551954919983194,N/A,-0.14598285205673922,N/A,0.019228183407287824,N/A,N/A
123,CVX,170.92,N/A,0.030282170247317053,N/A,0.07721037051322543,N/A,-0.04465078218798002,N/A,0.12196402783247984,N/A,N/A
124,CXO,65.6,N/A,-0.2611098220581246,N/A,0.31145705677849356,N/A,0.3559322033898302,N/A,0.10141034251175274,N/A,N/A
125,D,58.68,N/A,-0.3015873771559085,N/A,-0.07995660054312037,N/A,-0.049833542754252114,N/A,0.05920577617328515,N/A,N/A
126,DAL,34.59,N/A,-0.18342776203965996,N/A,0.11114680372630924,N/A,-0.0959226346053318,N/A,0.04945388349514568,N/A,N/A
127,DD,71.15,N/A,0.05679355615858883,N/A,0.3499591122714414,N/A,-0.03803252977840255,N/A,0.05329385640266482,N/A,N/A
128,DE,391.42,N/A,-0.09219775255048313,N/A,0.08591796716777989,N/A,-0.10396025211447936,N/A,0.01853328812532573,N/A,N/A
129,DFS,102.66,N/A,-0.0639557307409302,N/A,0.118813747917073,N/A,-0.02070485211841977,N/A,0.11296617519514318,N/A,N/A
130,DG,213.52,N/A,-0.13346969254244978,N/A,-0.09225676141598071,N/A,-0.07737047127477303,N/A,0.025306122448979677,N/A,N/A
131,DGX,143.09,N/A,0.06371511554864706,N/A,0.1240712605718004,N/A,-0.025398620069609468,N/A,0.09330493037812192,N/A,N/A
132,DHI,99.48,N/A,0.3880032872293373,N/A,0.4294890309564556,N/A,0.045833539212975616,N/A,0.020935960591133007,N/A,N/A
133,DHR,255.75,N/A,-0.07293559158852614,N/A,-0.014056109556003338,N/A,-0.06871346998999706,N/A,0.05379223049186455,N/A,N/A
134,DIS,100.3,N/A,-0.2312408982907949,N/A,0.03051474365560458,N/A,0.003903513161845673,N/A,0.07618025751072954,N/A,N/A
135,DISCK,24.42,N/A,0.0,N/A,0.0,N/A,0.0,N/A,0.0,N/A,N/A
136,DISH,8.16,N/A,-0.7541428141006327,N/A,-0.413371675053918,N/A,-0.4372413793103448,N/A,-0.10329670329670326,N/A,N/A
137,DLR,96.2,N/A,-0.307863875098928,N/A,0.034172855220100384,N/A,-0.08918247973383675,N/A,-0.0446871896722939,N/A,N/A
138,DLTR,146.68,N/A,-0.15238370413175384,N/A,0.06933002843187297,N/A,-0.007107561091179715,N/A,0.06948596427269416,N/A,N/A
139,DOV,148.18,N/A,0.027294930981005106,N/A,0.22769937687089947,N/A,0.03032355274584897,N/A,0.08501134949110356,N/A,N/A
140,DOW,56.9,N/A,-0.08684299637465442,N/A,0.29059183502199004,N/A,0.003444158949787113,N/A,0.137544982007197,N/A,N/A
141,DPZ,329.9,N/A,-0.13684883630268851,N/A,0.03448254236235804,N/A,-0.03766945068690397,N/A,0.06189847748414712,N/A,N/A
142,DRE,48.2,N/A,0.007788406251633573,N/A,-0.1779485552701684,N/A,-0.13827164466756414,N/A,-0.1608182196462552,N/A,N/A
143,DRI,151.75,N/A,0.19645801122265796,N/A,0.16893160806474228,N/A,0.02650305752475779,N/A,0.03002864395965421,N/A,N/A
144,DTE,112.7,N/A,-0.15249011489135778,N/A,0.07110238009023107,N/A,-0.03084526287999767,N/A,0.05287742899850523,N/A,N/A
145,DUK,98.41,N/A,-0.10936259829728157,N/A,0.12735529161626147,N/A,-0.04608936381401407,N/A,0.02095653076045223,N/A,N/A
146,DVA,83.86,N/A,-0.3095100864553314,N/A,-0.0669781931464174,N/A,0.06057923359048956,N/A,0.0923537840302202,N/A,N/A
147,DVN,55.3,N/A,-0.07576704649911259,N/A,-0.18727504934401484,N/A,-0.1254967510543853,N/A,0.19826652221018423,N/A,N/A
148,DXC,25.66,N/A,-0.17888000000000004,N/A,-0.05348579859830316,N/A,-0.118213058419244,N/A,0.119546247818499,N/A,N/A
149,DXCM,118.65,N/A,-0.0355814756863303,N/A,0.18971222300210577,N/A,0.08346269747055057,N/A,0.04142894759940319,N/A,N/A
150,EA,128.08,N/A,0.05100078119358509,N/A,0.06163500743094796,N/A,0.037182439808111534,N/A,0.1299514777238644,N/A,N/A
151,EBAY,43.78,N/A,-0.17873952086260492,N/A,0.16911902155045788,N/A,-0.05861204408912435,N/A,0.04089396100808362,N/A,N/A
152,ECL,163.95,N/A,-0.05866533155420417,N/A,0.14113060673068678,N/A,0.07385179076821502,N/A,0.06426484907497554,N/A,N/A
153,ED,97.87,N/A,0.03279795698697785,N/A,0.19986367135970665,N/A,0.03394906847390322,N/A,0.023423611837289693,N/A,N/A
154,EFX,196.64,N/A,-0.08573936597810417,N/A,0.19965201306537209,N/A,-0.089966679007775,N/A,-0.021155856438847095,N/A,N/A
155,EIX,72.08,N/A,0.04914749488380488,N/A,0.29001313637128323,N/A,0.060403889128359145,N/A,0.07511324635575689,N/A,N/A
156,EL,253.25,N/A,-0.03004319132450728,N/A,0.19595363902837093,N/A,-0.04905451799549321,N/A,0.07968110504774906,N/A,N/A
157,EMN,83.32,N/A,-0.19969340150475323,N/A,0.14844143045189195,N/A,-0.059202919497037154,N/A,0.05175460742236804,N/A,N/A
158,EMR,86.58,N/A,-0.03960279622230456,N/A,0.10039552216042535,N/A,-0.04536343007601362,N/A,0.07100445324096971,N/A,N/A
159,EOG,120.78,N/A,0.057428395077941286,N/A,0.033713365782016336,N/A,-0.05640403844696518,N/A,0.18345746343461355,N/A,N/A
160,EQIX,707.94,N/A,-0.01879581073461833,N/A,0.3566520967512903,N/A,-0.009221597832754336,N/A,0.024737642035174146,N/A,N/A
161,EQR,61.32,N/A,-0.29403800589913454,N/A,-0.022804417459482692,N/A,0.011265417592258188,N/A,0.07782789204847052,N/A,N/A
162,ES,79.14,N/A,-0.11860027397565408,N/A,0.08911204477552381,N/A,-0.0462762111352133,N/A,0.04255038861810045,N/A,N/A
163,ESS,213.0,N/A,-0.358944455396228,N/A,-0.0588027352164644,N/A,-0.021102367415668954,N/A,0.0397984060329788,N/A,N/A
164,ETFC,49.26,N/A,,N/A,,N/A,,N/A,,N/A,N/A
165,ETN,163.06,N/A,0.19051095743189567,N/A,0.1916358940667409,N/A,0.008955984867516698,N/A,0.018170465188885432,N/A,N/A
166,ETR,108.93,N/A,-0.08073311808102501,N/A,0.10774618954835936,N/A,0.029324357652652955,N/A,0.041694558668834425,N/A,N/A
167,EVRG,62.06,N/A,-0.0900266569696685,N/A,0.10652880523060416,N/A,0.002366204462677768,N/A,0.03657925505261406,N/A,N/A
168,EW,84.05,N/A,-0.2997000499916681,N/A,-0.01684407533044796,N/A,0.06581283286837425,N/A,0.04099578895219236,N/A,N/A
169,EXC,42.67,N/A,-0.1015669413691892,N/A,0.1702145164740534,N/A,-0.002771766311587709,N/A,0.012577123872804965,N/A,N/A
170,EXPD,111.15,N/A,0.15637305645576594,N/A,0.21532257711804004,N/A,0.029071382279418637,N/A,0.044348398008080325,N/A,N/A
171,EXPE,93.38,N/A,-0.5125032628556514,N/A,-0.01994122586062141,N/A,-0.12360394181135614,N/A,-0.0004281738385785161,N/A,N/A
172,EXR,156.31,N/A,-0.23685626377403413,N/A,-0.05043605463500933,N/A,0.03157077785887852,N/A,-0.020122868605817468,N/A,N/A
173,F,12.68,N/A,-0.11590191252449045,N/A,0.13788307084847662,N/A,0.05145321116132506,N/A,0.12212389380530976,N/A,N/A
174,FANG,144.6,N/A,0.08436689396376584,N/A,0.05213526705026683,N/A,-0.002234966075298938,N/A,0.1744639376218322,N/A,N/A
175,FAST,53.54,N/A,-0.019474977748638374,N/A,0.17721816794598078,N/A,0.1180697530180992,N/A,0.026850786344457145,N/A,N/A
176,FB,196.64,N/A,-0.4106928794054184,N/A,-0.4051306873184899,N/A,0.0333701192916076,N/A,-0.0349904303872014,N/A,N/A
177,FBHS,57.62,N/A,0.0,N/A,0.0,N/A,0.0,N/A,0.0,N/A,N/A
178,FCX,42.12,N/A,-0.13605139386580078,N/A,0.4665840291366932,N/A,-0.04423694391812938,N/A,0.16469739159769814,N/A,N/A
179,FDX,229.31,N/A,0.14024841712277092,N/A,0.47877918655859286,N/A,0.22567334263371985,N/A,0.04085152739321862,N/A,N/A
180,FE,40.86,N/A,-0.10360335655130816,N/A,0.12927520210046306,N/A,-0.04007442594759181,N/A,0.02714932126696823,N/A,N/A
181,FFIV,145.28,N/A,-0.27188893900666566,N/A,0.01857954147093888,N/A,-0.012372535690006736,N/A,0.032331414765863764,N/A,N/A
182,FIS,58.04,N/A,-0.4191010077656707,N/A,-0.23505564429823864,N/A,-0.1804551834374003,N/A,0.12393493415956612,N/A,N/A
183,FISV,117.11,N/A,0.17497742550416362,N/A,0.20273184759166063,N/A,0.12594942793962116,N/A,0.08264768420079505,N/A,N/A
184,FITB,27.32,N/A,-0.2701646403851138,N/A,-0.19552414605418145,N/A,-0.18916352066861372,N/A,0.10852329440788155,N/A,N/A
185,FLIR,57.34,N/A,0.0,N/A,0.0,N/A,0.0,N/A,0.0,N/A,N/A
186,FLS,33.66,N/A,-0.030415458046601174,N/A,0.3453076102205008,N/A,0.0283860205493891,N/A,0.12168966585911224,N/A,N/A
187,FLT,222.09,N/A,-0.14141570340588394,N/A,0.2933263452131376,N/A,0.14067796610169503,N/A,0.18637820512820524,N/A,N/A
188,FMC,124.31,N/A,-0.07352614562729076,N/A,0.09648561849427506,N/A,-0.028929025343460316,N/A,0.07615127236210495,N/A,N/A
189,FOX,31.22,N/A,-0.11550306117534404,N/A,0.1738607309369831,N/A,0.05285877123759808,N/A,0.03720930232558128,N/A,N/A
190,FOXA,33.99,N/A,-0.11858288666049488,N/A,0.19768707914459996,N/A,0.07742634892257372,N/A,0.03849679193400557,N/A,N/A
191,FRC,13.14,N/A,-0.917617554858934,N/A,-0.8893936600850002,N/A,-0.8998013565706747,N/A,-0.42943986105080334,N/A,N/A
192,FRT,97.87,N/A,-0.1797556280229068,N/A,0.08934595833393622,N/A,-0.10776554846391084,N/A,0.06519373095341763,N/A,N/A
193,FTI,13.36,N/A,0.6699999999999999,N/A,0.41226215644820274,N/A,0.03325599381283828,N/A,0.0817813765182187,N/A,N/A
194,FTNT,67.71,N/A,0.020466602363153896,N/A,0.3418549346016646,N/A,0.3514970059880238,N/A,0.10601110748121512,N/A,N/A
195,FTV,67.33,N/A,0.16237516076962244,N/A,0.1143402834095204,N/A,0.0010600859071019375,N/A,0.05318316909119347,N/A,N/A
196,GD,229.46,N/A,-0.03722093945854277,N/A,0.01390686426347254,N/A,-0.03780996725886954,N/A,0.05793662246840503,N/A,N/A
197,GE,96.77,N/A,0.3595970523564991,N/A,0.7950187626483249,N/A,0.2033749712431061,N/A,0.07176874515450193,N/A,N/A
198,GILD,83.63,N/A,0.41002512181551465,N/A,0.2824130158097313,N/A,-0.011515963136625396,N/A,0.08174880351830294,N/A,N/A
199,GIS,87.09,N/A,0.2611174986750231,N/A,0.13922659738955034,N/A,0.0705290446613065,N/A,0.09830241717331845,N/A,N/A
200,GL,108.94,N/A,0.06674865897531812,N/A,-0.011630175128536258,N/A,-0.09452467532467534,N/A,0.03916370882430664,N/A,N/A
201,GLW,34.74,N/A,0.06456654306989851,N/A,0.1295761000686071,N/A,-0.025706320849435915,N/A,0.05850091407678248,N/A,N/A
202,GM,35.14,N/A,-0.11834588239426558,N/A,0.05153855591497902,N/A,-0.03791659936098391,N/A,0.05272618334331925,N/A,N/A
203,GOOG,106.42,N/A,-0.16371323269392468,N/A,0.05596348481841629,N/A,0.1547309027777779,N/A,0.03864922896740208,N/A,N/A
204,GOOGL,105.97,N/A,-0.16381283042689188,N/A,0.06001800540162039,N/A,0.16080622193011274,N/A,0.04280653414682134,N/A,N/A
205,GPC,166.3,N/A,0.2994045242405752,N/A,0.06201517219270048,N/A,-0.007755971214779889,N/A,0.02609983340531885,N/A,N/A
206,GPN,109.75,N/A,-0.20876037443117257,N/A,-0.022865394922639504,N/A,-0.012861137669668787,N/A,0.11364789446981229,N/A,N/A
207,GPS,9.54,N/A,-0.3016565526429445,N/A,-0.0337381369579971,N/A,-0.24536659837524435,N/A,-0.001862353261210869,N/A,N/A
208,GRMN,99.53,N/A,-0.07766414483073047,N/A,0.23569140615300557,N/A,0.02570285842662368,N/A,0.0365548843990835,N/A,N/A
209,GS,339.68,N/A,0.07870809081878671,N/A,0.12274058703255795,N/A,-0.02231312402445018,N/A,0.11906173815642074,N/A,N/A
210,GWW,660.82,N/A,0.36513003978134617,N/A,0.2883272080505537,N/A,0.15896185555963038,N/A,-0.004039186134137118,N/A,N/A
211,HAL,33.44,N/A,-0.17330241457993922,N/A,0.12358040454270536,N/A,-0.21033367180673967,N/A,0.1165275459098496,N/A,N/A
212,HAS,53.07,N/A,-0.3523301834637338,N/A,-0.1982572254291597,N/A,-0.17902943860897547,N/A,0.10562500000000008,N/A,N/A
213,HBAN,11.71,N/A,-0.07972808361821682,N/A,-0.13279172930660357,N/A,-0.18101006427427413,N/A,0.13249516441005804,N/A,N/A
214,HBI,4.82,N/A,-0.640148121603058,N/A,-0.3673212223038959,N/A,-0.4121951219512194,N/A,-0.05304518664047142,N/A,N/A
215,HCA,271.1,N/A,0.04995679724060054,N/A,0.3202814912216623,N/A,0.05202416667539822,N/A,0.08154472193409412,N/A,N/A
216,HD,295.4,N/A,-0.004350657317314988,N/A,0.06427937585815169,N/A,-0.09156663853824044,N/A,0.02430736155899993,N/A,N/A
217,HES,145.65,N/A,0.2851429010082616,N/A,0.17312941635099977,N/A,-0.03641574443086015,N/A,0.23087974309135476,N/A,N/A
218,HIG,69.39,N/A,-0.058246484540937615,N/A,0.06280814773630605,N/A,-0.08144543608506982,N/A,0.05584297017650641,N/A,N/A
219,HII,211.38,N/A,-0.02986499436405632,N/A,-0.06265381869459752,N/A,-0.04051419506094944,N/A,0.06023975522897129,N/A,N/A
220,HLT,145.15,N/A,-0.0628797064227764,N/A,0.15075756554719866,N/A,0.06689579996604156,N/A,0.06305844441189401,N/A,N/A
221,HOLX,83.64,N/A,0.09576837416481077,N/A,0.2999689151383276,N/A,0.05260508431915434,N/A,0.08524717789022973,N/A,N/A
222,HON,197.86,N/A,0.03956395687905934,N/A,0.1346237437193134,N/A,-0.06281542825773001,N/A,0.07159878682842313,N/A,N/A
223,HPE,15.85,N/A,0.0654101324872789,N/A,0.26025698110807194,N/A,-0.016126829631652795,N/A,0.12411347517730498,N/A,N/A
224,HPQ,30.93,N/A,-0.14644309896623864,N/A,0.2262277144114464,N/A,0.13145428273553672,N/A,0.10306704707560632,N/A,N/A
225,HRB,34.26,N/A,0.317013539175963,N/A,-0.14388739095559255,N/A,-0.09493416742397032,N/A,-0.003490401396160636,N/A,N/A
226,HRL,39.82,N/A,-0.23672755083850705,N/A,-0.11043198334349792,N/A,-0.13495899636126651,N/A,0.04549285457357177,N/A,N/A
227,HSIC,82.85,N/A,-0.09314798598949214,N/A,0.22378138847858176,N/A,0.02461043779371752,N/A,0.07221431344635687,N/A,N/A
228,HST,16.52,N/A,-0.1338405155012139,N/A,-0.034877607057311466,N/A,-0.04383761445587886,N/A,0.08518576908928477,N/A,N/A
229,HSY,259.03,N/A,0.16692953327774163,N/A,0.1579766634375226,N/A,0.1503584128313613,N/A,0.06530947974501333,N/A,N/A
230,HUM,518.82,N/A,0.1340191538680957,N/A,0.04365059249228165,N/A,0.0597541007716218,N/A,0.04886898154259889,N/A,N/A
231,HWM,42.87,N/A,0.21215377133356705,N/A,0.30460583375176875,N/A,0.05668692784358953,N/A,0.09334353481254776,N/A,N/A
232,IBM,127.82,N/A,0.0602928538484766,N/A,0.07745867437684906,N/A,-0.10882239336476374,N/A,0.03338992642897565,N/A,N/A
233,ICE,107.99,N/A,-0.11915006423458883,N/A,0.1859435109155343,N/A,0.009748717593882628,N/A,0.11329896907216486,N/A,N/A
234,IDXX,481.52,N/A,-0.03071782277869473,N/A,0.4183628383752098,N/A,0.002769736979112425,N/A,0.021554650373387663,N/A,N/A
235,IEX,220.87,N/A,0.17315619756530376,N/A,0.0877011030659216,N/A,-0.06687790452049003,N/A,0.02377862241587092,N/A,N/A
236,IFF,96.34,N/A,-0.20640346895755807,N/A,0.09373740538785458,N/A,-0.16547343400665435,N/A,0.17555757840507802,N/A,N/A
237,ILMN,229.97,N/A,-0.31656215637909,N/A,0.11037612862729952,N/A,0.1139798488664987,N/A,0.02413716321531956,N/A,N/A
238,INCY,75.0,N/A,-0.08245656961096148,N/A,0.06594656054576475,N/A,-0.0770366724095497,N/A,0.018744906275468542,N/A,N/A
239,INFO,108.61,N/A,0.21307362991704729,N/A,-0.0867806432138325,N/A,-0.1454289378643986,N/A,-0.024694683908045967,N/A,N/A
240,INTC,32.14,N/A,-0.26500687197993056,N/A,0.2479566360307679,N/A,0.09904013514021814,N/A,0.0781616907078162,N/A,N/A
241,INTU,440.09,N/A,-0.04682097500669258,N/A,0.094180745561518,N/A,0.12986445169520744,N/A,0.06570882265194866,N/A,N/A
242,IP,36.34,N/A,-0.1986557527431816,N/A,0.12077127815421251,N/A,-0.020432368321742334,N/A,0.06694069289489146,N/A,N/A
243,IPG,38.07,N/A,0.14493485871016645,N/A,0.368499000675802,N/A,0.07928965900456997,N/A,0.1286688407945451,N/A,N/A
244,IPGP,116.35,N/A,0.19590913762976656,N/A,0.3430682211704952,N/A,0.06860764144011755,N/A,0.00017192469698268376,N/A,N/A
245,IQV,202.62,N/A,-0.1503690036900368,N/A,0.11833535710343313,N/A,-0.08540218470705063,N/A,0.06144900204306159,N/A,N/A
246,IR,56.08,N/A,0.20943653800947623,N/A,0.2009311070708888,N/A,-0.0123369818863871,N/A,0.06900495615707203,N/A,N/A
247,IRM,53.19,N/A,0.006181994279574443,N/A,0.19464733309974933,N/A,0.028708689194207212,N/A,0.05766553986876111,N/A,N/A
248,ISRG,268.89,N/A,-0.03864855202002149,N/A,0.4143172733010729,N/A,0.02735643602185456,N/A,0.13074011774600502,N/A,N/A
249,IT,319.57,N/A,0.0720228111372021,N/A,0.11890339974090525,N/A,-0.04294570393219743,N/A,0.05646467651823195,N/A,N/A
250,ITW,232.8,N/A,0.21628314737297472,N/A,0.23307370634519176,N/A,0.0076220897770507,N/A,0.018583460182268752,N/A,N/A
251,IVZ,17.19,N/A,-0.1363067693652683,N/A,0.20803671194754655,N/A,-0.0934022467169452,N/A,0.1047557840616966,N/A,N/A
252,J,115.72,N/A,-0.09399312430661744,N/A,0.023941218058245672,N/A,-0.06812766296693273,N/A,0.02352733062090917,N/A,N/A
253,JBHT,176.65,N/A,0.03638342373209502,N/A,0.07058529773968036,N/A,0.004175300073046451,N/A,0.05462686567164177,N/A,N/A
254,JCI,58.23,N/A,-0.02893840270956705,N/A,0.12302775843813696,N/A,-0.13553524664635783,N/A,0.016230366492146597,N/A,N/A
255,JKHY,156.99,N/A,-0.2083374936083048,N/A,-0.15469250923705335,N/A,-0.1336862453170552,N/A,0.07189676362146669,N/A,N/A
256,JNJ,165.67,N/A,-0.05417795635756606,N/A,0.008095431654938867,N/A,-0.03190104318842146,N/A,0.08721617010106297,N/A,N/A
257,JNPR,33.57,N/A,-0.02408251546583573,N/A,0.27902767988112687,N/A,0.05263818031877032,N/A,0.0714969677625279,N/A,N/A
258,JPM,139.83,N/A,0.13573231707911404,N/A,0.22534392967088435,N/A,0.0009047726758653064,N/A,0.12016073020732954,N/A,N/A
259,K,67.62,N/A,0.021442436235375784,N/A,-0.04767806392189877,N/A,-0.021569742456667207,N/A,0.04448563484708079,N/A,N/A
260,KEY,12.31,N/A,-0.3727931847941834,N/A,-0.2548922287256902,N/A,-0.3091411125578054,N/A,0.06764960971379019,N/A,N/A
261,KEYS,153.03,N/A,0.06322517890641288,N/A,-0.038212557350260856,N/A,-0.1726319204152249,N/A,-0.013727764887857652,N/A,N/A
262,KHC,39.54,N/A,-0.025674007377673225,N/A,0.13754711010098108,N/A,-0.05605649337162588,N/A,0.050757374435290936,N/A,N/A
263,KIM,19.12,N/A,-0.089181168153734,N/A,-0.089181168153734,N/A,-0.1186462553989831,N/A,0.08205998868138087,N/A,N/A
264,KLAC,372.11,N/A,0.17319462621308568,N/A,0.4231166679542322,N/A,-0.10250748473206306,N/A,-0.04033526756931005,N/A,N/A
265,KMB,138.63,N/A,0.13694984478990246,N/A,0.23631077658473945,N/A,0.02268074700030609,N/A,0.10576692988753278,N/A,N/A
266,KMI,17.78,N/A,-0.024454479114656705,N/A,0.04749673025486345,N/A,-0.04099762137205287,N/A,0.0921375921375922,N/A,N/A
267,KMX,69.6,N/A,-0.24174746704434047,N/A,0.1220377236820891,N/A,0.03202846975088969,N/A,0.2371134020618557,N/A,N/A
268,KO,63.46,N/A,0.004897807941954824,N/A,0.15640642966348328,N/A,0.0367502307610621,N/A,0.05731422859046975,N/A,N/A
269,KR,47.81,N/A,-0.16303122395960978,N/A,0.14831271766542575,N/A,0.04132861421181589,N/A,0.022017956391620297,N/A,N/A
270,KSS,23.34,N/A,-0.5972779161979169,N/A,-0.13460041082379803,N/A,-0.2058955619973054,N/A,0.004735256134309029,N/A,N/A
271,KSU,293.59,N/A,0.5065121925938241,N/A,-0.0005126972573760158,N/A,0.04309671001207982,N/A,-0.0558289114005468,N/A,N/A
272,L,57.2,N/A,-0.11926017854998204,N/A,0.06834015053883946,N/A,-0.03622577927548443,N/A,0.06736331405112894,N/A,N/A
273,LB,79.92,N/A,2.2812865665146185,N/A,0.815831267651075,N/A,0.21542088054140374,N/A,0.07927076299797431,N/A,N/A
274,LDOS,93.09,N/A,-0.13369515449987157,N/A,0.02898717330845524,N/A,-0.04482028687199935,N/A,0.02907362370108335,N/A,N/A
275,LEG,31.88,N/A,-0.06458143833807706,N/A,0.007091974538389723,N/A,-0.07300789746094882,N/A,0.05458154151505124,N/A,N/A
276,LEN,106.04,N/A,0.4068399699633565,N/A,0.4289564467442864,N/A,0.07757657053431699,N/A,0.024541062801932467,N/A,N/A
277,LH,231.48,N/A,-0.12961966545178905,N/A,0.09606891578290933,N/A,-0.08872707202591312,N/A,0.08513032064504023,N/A,N/A
278,LHX,202.5,N/A,-0.19731630137621603,N/A,-0.08458067692207549,N/A,0.04606400981905412,N/A,0.03713188220230479,N/A,N/A
279,LIN,362.35,N/A,0.033994993107175686,N/A,0.033994993107175686,N/A,0.033994993107175686,N/A,0.09640231171896274,N/A,N/A
280,LKQ,56.17,N/A,0.2186073554680041,N/A,0.12135017188579278,N/A,-0.02479083438805929,N/A,0.03941524796447071,N/A,N/A
281,LLY,372.35,N/A,0.2492082364876833,N/A,0.12572642383909738,N/A,0.04420725081137444,N/A,0.13114405492435743,N/A,N/A
282,LMT,489.64,N/A,0.06719091915642994,N/A,0.24788022959528244,N/A,0.10189365749524648,N/A,0.05102281752420201,N/A,N/A
283,LNC,21.93,N/A,-0.6432696217974787,N/A,-0.5336612377434562,N/A,-0.2858887315000244,N/A,0.10388499058702716,N/A,N/A
284,LNT,54.72,N/A,-0.1094634159043455,N/A,0.11874157928201812,N/A,0.0017941488777415415,N/A,0.02915177731803653,N/A,N/A
285,LOW,205.0,N/A,0.03948259120192077,N/A,0.0675782222374981,N/A,-0.016538464859719992,N/A,0.03871098500202663,N/A,N/A
286,LRCX,492.66,N/A,0.09586664353303886,N/A,0.5734321010680854,N/A,0.0498060141060892,N/A,-0.030883625777008428,N/A,N/A
287,LUV,32.31,N/A,-0.30173755186721984,N/A,-0.002115601402165046,N/A,-0.1230236818891226,N/A,0.07592407592407602,N/A,N/A
288,LVS,58.17,N/A,0.5738636363636365,N/A,0.6298683104511069,N/A,0.06831955922865007,N/A,0.06363137685134412,N/A,N/A
289,LW,109.47,N/A,0.6130790993752209,N/A,0.3020889088716181,N/A,0.0978959751837598,N/A,0.12496146336450507,N/A,N/A
290,LYB,97.27,N/A,-0.028694794275420543,N/A,0.25727063567975583,N/A,0.07511193786522807,N/A,0.148677373641946,N/A,N/A
291,LYV,68.43,N/A,-0.3852304375168448,N/A,-0.12302960399846208,N/A,-0.10102469784550704,N/A,0.03150437141995788,N/A,N/A
292,MA,372.76,N/A,0.04837115196234909,N/A,0.26745789279514987,N/A,-0.004413847183561637,N/A,0.06773665665747086,N/A,N/A
293,MAA,150.19,N/A,-0.2432643778004735,N/A,0.02614170990367848,N/A,-0.060462806050221696,N/A,0.04352091558034599,N/A,N/A
294,MAR,169.75,N/A,-0.05159385309901132,N/A,0.1536961093085436,N/A,0.05689158689392171,N/A,0.06915664168293745,N/A,N/A
295,MAS,49.39,N/A,0.02208481296613596,N/A,0.04507646049382452,N/A,-0.02497670525434703,N/A,0.0014193025141930882,N/A,N/A
296,MCD,289.31,N/A,0.1809969343310025,N/A,0.18719238910003844,N/A,0.0615462741857602,N/A,0.08274700598802398,N/A,N/A
297,MCHP,80.54,N/A,0.2561450353105583,N/A,0.3783731978805844,N/A,0.08581204693231825,N/A,-0.002106306529550128,N/A,N/A
298,MCK,363.28,N/A,0.12881539946821885,N/A,0.02780953609654757,N/A,-0.05120906334579389,N/A,0.07051716516870465,N/A,N/A
299,MCO,303.36,N/A,-0.0647062577675227,N/A,0.2577849700169039,N/A,-0.03005468412031087,N/A,0.03096006796941375,N/A,N/A
300,MDLZ,70.26,N/A,0.1289612463886416,N/A,0.23704587950687195,N/A,0.05411134932553985,N/A,0.06395383173296065,N/A,N/A
301,MDT,82.12,N/A,-0.2214630465140751,N/A,0.009682476254879724,N/A,0.03079713555886099,N/A,0.05792023085643638,N/A,N/A
302,MET,61.54,N/A,-0.10290106692672918,N/A,-0.05832018643852521,N/A,-0.13393716611406015,N/A,0.12156005102970656,N/A,N/A
303,MGM,43.88,N/A,0.05503340858981853,N/A,0.36071297886987663,N/A,0.1259943546317681,N/A,0.0637575757575759,N/A,N/A
304,MHK,99.17,N/A,-0.19836714897744723,N/A,0.027561910682830648,N/A,-0.10802302572405108,N/A,0.05108638049814518,N/A,N/A
305,MKC,85.52,N/A,-0.14196763516367528,N/A,0.17230980123372164,N/A,0.05934407872244485,N/A,0.1830455953961929,N/A,N/A
306,MKTX,340.19,N/A,0.294711583290042,N/A,0.4494630821297081,N/A,0.03917137545491811,N/A,-0.12720322241321802,N/A,N/A
307,MLM,353.59,N/A,-0.025359829080325524,N/A,0.14093678205426063,N/A,0.003237917110229916,N/A,0.1029008109794134,N/A,N/A
308,MMC,174.17,N/A,0.04087730831291436,N/A,0.1250826839200445,N/A,0.019579652428533656,N/A,0.12183254763617768,N/A,N/A
309,MMM,106.78,N/A,-0.2420849407146888,N/A,-0.03863813972248531,N/A,-0.14538875687598696,N/A,0.036497767423801175,N/A,N/A
310,MNST,52.88,N/A,1.5610848771037658,N/A,1.3665249496531664,N/A,1.0702750318097292,N/A,1.0537916302553647,N/A,N/A
311,MO,45.44,N/A,-0.10210404843579568,N/A,0.06223073128881951,N/A,0.02759397374027017,N/A,0.023965387085506995,N/A,N/A
312,MOS,47.46,N/A,-0.3652288239078418,N/A,-0.004501348726575483,N/A,0.013561131873998988,N/A,0.10141564168020412,N/A,N/A
313,MPC,129.3,N/A,0.519108695575552,N/A,0.2420295896979745,N/A,0.0680645398442592,N/A,0.04560892770499781,N/A,N/A
314,MRK,115.01,N/A,0.3632317399132585,N/A,0.2385991477024907,N/A,0.04852517244460164,N/A,0.10480307396733912,N/A,N/A
315,MRO,24.8,N/A,-0.05607953291161394,N/A,-0.08031654911035457,N/A,-0.07122714113976902,N/A,0.16981132075471694,N/A,N/A
316,MS,89.29,N/A,0.0917022559075289,N/A,0.1781579620994409,N/A,-0.07282416368303435,N/A,0.06070325492991202,N/A,N/A
317,MSCI,537.57,N/A,0.1251398654528879,N/A,0.34088956125570746,N/A,0.05605041036212999,N/A,0.0008937049656483342,N/A,N/A
318,MSFT,288.8,N/A,0.04218014848901919,N/A,0.2223267633269805,N/A,0.2045906247979663,N/A,0.03353254840210429,N/A,N/A
319,MSI,290.92,N/A,0.264898712883384,N/A,0.3267570112850964,N/A,0.10867719399335685,N/A,0.10096881622767184,N/A,N/A
320,MTB,125.66,N/A,-0.1947313410741487,N/A,-0.3206756050317363,N/A,-0.15803833518597066,N/A,0.02579591836734685,N/A,N/A
321,MTD,1595.92,N/A,0.21053430019114683,N/A,0.3604064375340974,N/A,0.042199438385685406,N/A,0.09676931640906884,N/A,N/A
322,MU,62.54,N/A,-0.09892776149681148,N/A,0.17637100642358017,N/A,0.10453913660856684,N/A,0.10824235314548392,N/A,N/A
323,MXIM,103.14,N/A,0.0,N/A,0.0,N/A,0.0,N/A,0.0,N/A,N/A
324,MYL,15.855,N/A,,N/A,,N/A,,N/A,,N/A,N/A
325,NBL,8.45,N/A,,N/A,,N/A,,N/A,,N/A,N/A
326,NCLH,12.95,N/A,-0.4015711645101664,N/A,-0.017450682852807264,N/A,-0.19062500000000004,N/A,0.02941176470588225,N/A,N/A
327,NDAQ,55.77,N/A,-0.04981607969482338,N/A,-0.01057726084071653,N/A,-0.1165260479867185,N/A,0.05725118483412328,N/A,N/A
328,NEE,78.54,N/A,-0.030451764543223403,N/A,0.07872613074644175,N/A,-0.07806405189323185,N/A,0.0379278445883442,N/A,N/A
329,NEM,48.47,N/A,-0.40332718646671706,N/A,0.1984590887062476,N/A,-0.0674577979921579,N/A,0.006227942702927036,N/A,N/A
330,NFLX,332.72,N/A,-0.024653357957376887,N/A,0.3574867401060793,N/A,0.0199252038501625,N/A,0.09627677100494236,N/A,N/A
331,NI,28.3,N/A,-0.07747573891585469,N/A,0.1582363702591092,N/A,0.034084597620509305,N/A,0.030214779759738075,N/A,N/A
332,NKE,126.19,N/A,-0.04377174796008676,N/A,0.4108947145395165,N/A,-0.012410027884801278,N/A,0.048176758867015446,N/A,N/A
333,NLOK,21.62,N/A,-0.108017954947906,N/A,-0.11394735227342456,N/A,-0.10059918530729528,N/A,0.04738878143133474,N/A,N/A
334,NLSN,27.98,N/A,0.43927820043929366,N/A,0.025802714454359554,N/A,0.20089960170306287,N/A,0.004307250538406304,N/A,N/A
335,NOC,474.79,N/A,0.027333755267414217,N/A,0.003012057101065224,N/A,0.045988325572706046,N/A,0.07031109107303868,N/A,N/A
336,NOV,18.68,N/A,-0.08196012325717406,N/A,0.041492434126161104,N/A,-0.2052653299127408,N/A,0.07294658242389418,N/A,N/A
337,NOW,470.55,N/A,-0.0724971911773401,N/A,0.3497891626746221,N/A,0.12507172915072684,N/A,0.06700680272108839,N/A,N/A
338,NRG,35.11,N/A,-0.06938896678585338,N/A,-0.14602882730372768,N/A,0.10449442090328832,N/A,0.11531130876747132,N/A,N/A
339,NSC,209.71,N/A,-0.1862069233142345,N/A,-0.03231150239280367,N/A,-0.1784690009256963,N/A,0.028494359980382637,N/A,N/A
340,NTAP,67.68,N/A,-0.07493845907819141,N/A,0.08872952599727824,N/A,0.05326226510524079,N/A,0.10980657094694311,N/A,N/A
341,NTRS,85.72,N/A,-0.2027032934529961,N/A,0.0027994623347726844,N/A,-0.13060235098430983,N/A,0.04881928300501648,N/A,N/A
342,NUE,147.67,N/A,-0.091861747989329,N/A,0.21827670812013955,N/A,-0.04483956577618853,N/A,0.028129975903312232,N/A,N/A
343,NVDA,270.02,N/A,0.2713913405828663,N/A,1.2723332777915228,N/A,0.5256237785319953,N/A,0.04964042759961118,N/A,N/A
344,NVR,5693.04,N/A,0.3131370445974466,N/A,0.41100541794514656,N/A,0.14095380101488653,N/A,0.03453389060512446,N/A,N/A
345,NWL,12.65,N/A,-0.40263407677450735,N/A,-0.12256972622788208,N/A,-0.17449213320368828,N/A,0.11062335381913968,N/A,N/A
346,NWS,17.49,N/A,-0.17596396668048697,N/A,0.07589719614670076,N/A,-0.10286989305224292,N/A,0.08904109589041087,N/A,N/A
347,NWSA,17.32,N/A,-0.17187828714594444,N/A,0.08070333071269031,N/A,-0.09539602538322932,N/A,0.08862350722815848,N/A,N/A
348,O,61.56,N/A,-0.11600242395696614,N/A,0.09631977774413868,N/A,-0.06885989790130453,N/A,0.007034189432357341,N/A,N/A
349,ODFL,340.82,N/A,0.2901692074215203,N/A,0.27877017143444593,N/A,0.08467995385288618,N/A,0.027928580045843757,N/A,N/A
350,OKE,66.41,N/A,-0.011691241688443932,N/A,0.24828011398239136,N/A,-0.03972121404919238,N/A,0.11632207093629177,N/A,N/A
351,OMC,95.71,N/A,0.2622419400359246,N/A,0.441663177111733,N/A,0.15272143910123614,N/A,0.11071138447255424,N/A,N/A
352,ORCL,95.59,N/A,0.2244014407435302,N/A,0.4376338522992516,N/A,0.08341219872946426,N/A,0.1258531644376919,N/A,N/A
353,ORLY,897.28,N/A,0.25690592256401623,N/A,0.21868336344004247,N/A,0.10810877565638344,N/A,0.12459423214308084,N/A,N/A
354,OTIS,82.38,N/A,0.11847285958671616,N/A,0.2692416134991349,N/A,-0.003815201552684222,N/A,0.02923538230884537,N/A,N/A
355,OXY,62.94,N/A,0.07008786485677754,N/A,-0.060988036325172135,N/A,-0.024678999451440142,N/A,0.07626538987688103,N/A,N/A
356,PAYC,307.25,N/A,-0.037919589178356805,N/A,-0.02664259012861947,N/A,-0.009829197550757396,N/A,0.10944608940564748,N/A,N/A
357,PAYX,109.57,N/A,-0.17708732322435772,N/A,-0.007862308637492599,N/A,-0.06849063517257625,N/A,0.01897144982795496,N/A,N/A
358,PBCT,19.41,N/A,0.0,N/A,0.0,N/A,0.0,N/A,0.0,N/A,N/A
359,PCAR,73.26,N/A,0.3694328237682396,N/A,0.2804334527658832,N/A,0.08520471647804717,N/A,0.06653079050807986,N/A,N/A
360,PEAK,21.5,N/A,-0.1711642251349268,N/A,-0.1711642251349268,N/A,-0.1711642251349268,N/A,0.03664416586306651,N/A,N/A
361,PEG,63.7,N/A,-0.09412432254862511,N/A,0.17433858190781182,N/A,0.022593373851789837,N/A,0.08833077054501959,N/A,N/A
362,PEP,184.45,N/A,0.10191306924458754,N/A,0.08177376881887533,N/A,0.05473349180544407,N/A,0.0532176097755952,N/A,N/A
363,PFE,41.18,N/A,-0.19834451718653567,N/A,-0.03976644732239876,N/A,-0.09813231480832574,N/A,0.026932668329177067,N/A,N/A
364,PFG,77.07,N/A,0.07770765833856541,N/A,0.0012510766664457496,N/A,-0.12961772973314845,N/A,0.10115730818688372,N/A,N/A
365,PG,151.05,N/A,-0.02291761135213821,N/A,0.20211438430733383,N/A,0.01035707979045042,N/A,0.056811026376548,N/A,N/A
366,PGR,138.41,N/A,0.23845851687412023,N/A,0.1590564421380367,N/A,0.05980578777544143,N/A,0.016035911044554707,N/A,N/A
367,PH,325.41,N/A,0.21508556680282157,N/A,0.2581055229676461,N/A,0.037921235872951486,N/A,0.06719795356158986,N/A,N/A
368,PHM,60.59,N/A,0.4551087308925421,N/A,0.5909568322655183,N/A,0.1898122692640014,N/A,0.0932876217971852,N/A,N/A
369,PKG,142.89,N/A,-0.08880006529979245,N/A,0.25616588528090745,N/A,0.08067349804988688,N/A,0.12229029217719134,N/A,N/A
370,PKI,135.95,N/A,-0.15609797581455642,N/A,0.07475708276380555,N/A,0.02673514085038886,N/A,0.10925261096605744,N/A,N/A
371,PLD,123.14,N/A,-0.22207551818463236,N/A,0.1866490895354396,N/A,0.02157129844250605,N/A,0.061277255882099535,N/A,N/A
372,PM,99.94,N/A,0.0348744616716421,N/A,0.1987252299635729,N/A,0.000534606243480118,N/A,0.06851016923601638,N/A,N/A
373,PNC,125.09,N/A,-0.25560276597517284,N/A,-0.1800801894552898,N/A,-0.2174910670496741,N/A,0.02367488563549025,N/A,N/A
374,PNR,53.06,N/A,0.030233249001512696,N/A,0.2819738434812864,N/A,0.05468835410177575,N/A,0.04202670856245083,N/A,N/A
375,PNW,79.31,N/A,0.07266707421974328,N/A,0.29815073672632275,N/A,0.06840571666435413,N/A,0.021509531169500384,N/A,N/A
376,PPG,140.93,N/A,0.1203620010223414,N/A,0.2563573393002805,N/A,0.08406024522699651,N/A,0.15054290146134397,N/A,N/A
377,PPL,28.72,N/A,0.016698349989202832,N/A,0.173336819570866,N/A,-0.05271108677654612,N/A,0.07044353335818121,N/A,N/A
378,PRGO,36.82,N/A,0.05344171022628097,N/A,-0.04774959072887763,N/A,0.008242284838029468,N/A,0.05895887259131416,N/A,N/A
379,PRU,87.08,N/A,-0.2212379883471877,N/A,-0.07033748841658449,N/A,-0.127932013147116,N/A,0.11612407075108956,N/A,N/A
380,PSA,294.48,N/A,-0.22722352339152507,N/A,0.026771082488964423,N/A,0.02044776615916888,N/A,-0.004024757330807982,N/A,N/A
381,PSX,103.92,N/A,0.3054636770308994,N/A,0.10931302012391186,N/A,0.024002774818912664,N/A,0.09712837837837852,N/A,N/A
382,PVH,86.41,N/A,0.09084941329445106,N/A,0.7425938249944539,N/A,-0.0010369978161774984,N/A,0.18841974969055156,N/A,N/A
383,PWR,166.85,N/A,0.23735667686858664,N/A,0.2878958629867141,N/A,0.1258753621897517,N/A,0.07629607076138667,N/A,N/A
384,PXD,228.22,N/A,-0.00669356744642946,N/A,-0.020905398662936503,N/A,-0.014477533179659384,N/A,0.2536116451524306,N/A,N/A
385,PYPL,77.33,N/A,-0.2441599061675301,N/A,-0.08658162060004726,N/A,-0.035545023696682554,N/A,0.05946020002740116,N/A,N/A
386,QCOM,119.38,N/A,-0.1074926359544851,N/A,0.08320675656792775,N/A,-0.0014194933153325318,N/A,-0.01118197631077622,N/A,N/A
387,QRVO,93.62,N/A,-0.17428117833833123,N/A,0.1562307027294061,N/A,-0.07554063394884958,N/A,-0.03135023279875837,N/A,N/A
388,RCL,63.16,N/A,-0.2351658997335917,N/A,0.4001330082021724,N/A,-0.01558603491271826,N/A,0.02068519715578532,N/A,N/A
389,RE,363.8,N/A,0.2795801795210895,N/A,0.3424146194044224,N/A,0.05426295485737609,N/A,0.08866744471376853,N/A,N/A
390,REG,60.5,N/A,-0.1055350378927884,N/A,0.12548088728820497,N/A,-0.0726690271455066,N/A,0.06796116504854366,N/A,N/A
391,REGN,819.74,N/A,0.1183050939947068,N/A,0.11383770857111795,N/A,0.125846369367266,N/A,0.09642212265097316,N/A,N/A
392,RF,18.94,N/A,-0.053137295092211545,N/A,-0.09202912793568452,N/A,-0.14776050900386073,N/A,0.05869200670765795,N/A,N/A
393,RHI,76.18,N/A,-0.2827039181050879,N/A,-0.06015826056489193,N/A,-0.002380771537601189,N/A,0.03815753611338257,N/A,N/A
394,RJF,95.87,N/A,-0.12891384542695672,N/A,-0.04149074334207492,N/A,-0.17691834174844967,N/A,0.0941690729179745,N/A,N/A
395,RL,118.04,N/A,0.1214061848344159,N/A,0.2605925981300428,N/A,-0.003907074082512674,N/A,0.07107825567774029,N/A,N/A
396,RMD,225.45,N/A,-0.02962766884672252,N/A,0.05283410612773265,N/A,0.002275291613429875,N/A,0.0886045388701111,N/A,N/A
397,ROK,277.84,N/A,0.08661134011748417,N/A,0.2201821929112262,N/A,-0.01147280731902922,N/A,0.01881119137545384,N/A,N/A
398,ROL,38.97,N/A,0.13050238748643794,N/A,0.08562418515505721,N/A,0.05057988127395952,N/A,0.08039922373163289,N/A,N/A
399,ROP,442.92,N/A,-0.03348646865781135,N/A,0.19779069113377437,N/A,-0.0032516069563549577,N/A,0.0421764763460859,N/A,N/A
400,ROST,104.18,N/A,0.023990752826835715,N/A,0.2443786169456705,N/A,-0.12728722704689166,N/A,0.02077209484616893,N/A,N/A
401,RSG,138.67,N/A,0.06029627432059837,N/A,0.06828158198427503,N/A,0.1074224536750501,N/A,0.06464409624253631,N/A,N/A
402,RTX,103.11,N/A,0.011980649587346235,N/A,0.23458268327464335,N/A,0.053310096698995,N/A,0.07686684073107042,N/A,N/A
403,SBAC,263.18,N/A,-0.25191023263891954,N/A,0.04571247158541181,N/A,-0.12794733621013288,N/A,0.028127197437299856,N/A,N/A
404,SBUX,108.31,N/A,0.40280119881154985,N/A,0.23864112000329363,N/A,0.01969726354716439,N/A,0.09736575481256328,N/A,N/A
405,SCHW,52.77,N/A,-0.3527138914443423,N/A,-0.2105818237848689,N/A,-0.3659821869469465,N/A,-0.06452756603439092,N/A,N/A
406,SEE,47.26,N/A,-0.2884769703511998,N/A,0.008009043500517121,N/A,-0.1203055663102719,N/A,0.07165532879818581,N/A,N/A
407,SHW,230.7,N/A,-0.07869398982609799,N/A,0.1089576086893822,N/A,-0.0664752947765106,N/A,0.06156819436775263,N/A,N/A
408,SIVB,106.04,N/A,0.0,N/A,0.0,N/A,0.0,N/A,0.0,N/A,N/A
409,SJM,153.38,N/A,0.1372896499820191,N/A,0.11865895124082292,N/A,-0.006637742714123762,N/A,0.009876218066894982,N/A,N/A
410,SLB,52.06,N/A,0.2135282997316996,N/A,0.2245694836155614,N/A,-0.10526306743869084,N/A,0.16517457475380493,N/A,N/A
411,SLG,24.46,N/A,-0.6429223144356611,N/A,-0.35189331411447056,N/A,-0.33796702285448266,N/A,0.050317328088903546,N/A,N/A
412,SNA,240.6,N/A,0.16975782220847924,N/A,0.14767352838059256,N/A,-0.0129801722238837,N/A,0.03823250194183125,N/A,N/A
413,SNPS,380.19,N/A,0.2897852563015233,N/A,0.3143538684920142,N/A,0.12715683367921726,N/A,0.0205621023810163,N/A,N/A
414,SO,72.34,N/A,-0.01027350874048616,N/A,0.1491660047656871,N/A,0.043465216143275365,N/A,0.0653902798232695,N/A,N/A
415,SPG,111.35,N/A,-0.073203212784552,N/A,0.15733643203623648,N/A,-0.0960251083389756,N/A,0.06749113220208991,N/A,N/A
416,SPGI,349.01,N/A,-0.09292637995991317,N/A,0.17663558617192754,N/A,-0.047604493758986455,N/A,0.04340936948787699,N/A,N/A
417,SRE,154.98,N/A,-0.06728510635224705,N/A,0.08643456962175278,N/A,-0.0341819088274703,N/A,0.07499956647649442,N/A,N/A
418,STE,188.14,N/A,-0.2247282593019011,N/A,0.112343500943606,N/A,-0.05634163101322653,N/A,0.0655867693701857,N/A,N/A
419,STT,72.68,N/A,-0.006438736312558757,N/A,0.15796651647728366,N/A,-0.11691947297054284,N/A,0.021258418567006387,N/A,N/A
420,STX,64.25,N/A,-0.1733506254229743,N/A,0.2417546524729761,N/A,0.14045224034520642,N/A,0.06442196503063213,N/A,N/A
421,STZ,229.68,N/A,-0.07406623522539402,N/A,0.032265023527984216,N/A,0.029916823723601382,N/A,0.08904694167852067,N/A,N/A
422,SWK,79.65,N/A,-0.4119827071976564,N/A,0.06177348832249119,N/A,-0.09372055871871532,N/A,0.025228472132835744,N/A,N/A
423,SWKS,110.6,N/A,-0.03818225141881171,N/A,0.3682564503518373,N/A,0.08428396083244771,N/A,-0.0304199175944595,N/A,N/A
424,SYF,29.96,N/A,-0.1848994183294247,N/A,-0.05699276377291029,N/A,-0.10473896686398664,N/A,0.05159705159705164,N/A,N/A
425,SYK,292.78,N/A,0.13306312885332594,N/A,0.3656866449298684,N/A,0.14496532801899642,N/A,0.06970237371041454,N/A,N/A
426,SYY,75.28,N/A,-0.10529537256579846,N/A,0.00879479307512221,N/A,-0.05149017344827678,N/A,0.03862704762535474,N/A,N/A
427,T,19.79,N/A,0.07450984650634984,N/A,0.329812253894018,N/A,0.0382892099768104,N/A,0.10701519838450736,N/A,N/A
428,TAP,56.98,N/A,0.05481404690942071,N/A,0.17716814415248217,N/A,0.13981428508559612,N/A,0.14165497896213175,N/A,N/A
429,TDG,754.44,N/A,0.21523244679008968,N/A,0.43536081885808886,N/A,0.10889983096935409,N/A,0.09196699956578391,N/A,N/A
430,TDY,438.11,N/A,-0.08772696984840911,N/A,0.2834627215467995,N/A,0.05322499218693655,N/A,0.07311517170430615,N/A,N/A
431,TEL,126.74,N/A,0.06687632686114098,N/A,0.14238946340865444,N/A,0.024680787760748224,N/A,0.028483323865941657,N/A,N/A
432,TFC,34.26,N/A,-0.31409626276559754,N/A,-0.21145666464121984,N/A,-0.26563106213412846,N/A,0.12107329842931924,N/A,N/A
433,TFX,260.65,N/A,-0.221328518406103,N/A,0.2939754310976077,N/A,0.08266195692446732,N/A,0.10519843962008137,N/A,N/A
434,TGT,162.7,N/A,-0.2936034862209264,N/A,0.10383363388545376,N/A,0.009995040036650192,N/A,0.020958835341365223,N/A,N/A
435,TIF,131.46,N/A,0.0029808658473038374,N/A,0.07972964870594246,N/A,0.1285592626677472,N/A,0.001523693432881501,N/A,N/A
436,TJX,77.61,N/A,0.25984737681952264,N/A,0.1871383403925313,N/A,-0.04478589222240825,N/A,0.04202470461868946,N/A,N/A
437,TMO,588.6,N/A,0.03700428032942416,N/A,0.1393192306285247,N/A,0.0019062773360323249,N/A,0.07538276025870583,N/A,N/A
438,TMUS,150.49,N/A,0.13184416365824303,N/A,0.12440227136879868,N/A,0.0238808001088584,N/A,0.0564408564408565,N/A,N/A
439,TPR,41.45,N/A,0.2675298305271334,N/A,0.34153248644712364,N/A,-0.04331067591427884,N/A,0.01344743276283622,N/A,N/A
440,TROW,113.8,N/A,-0.1448681947325985,N/A,0.1312633268883796,N/A,-0.029694916641584856,N/A,0.05204770269020975,N/A,N/A
441,TRV,171.28,N/A,-0.05043536496257284,N/A,0.04997882019603117,N/A,-0.06929330845362924,N/A,0.03787190207840996,N/A,N/A
442,TSCO,241.24,N/A,0.07666531882664729,N/A,0.20645033844522745,N/A,0.10649434758618304,N/A,0.03785923249010503,N/A,N/A
443,TSN,61.44,N/A,-0.34249460372565,N/A,-0.05207859231202416,N/A,-0.05244699702501665,N/A,0.04953877690468045,N/A,N/A
444,TT,176.48,N/A,0.212581772658782,N/A,0.20651028794768145,N/A,-0.014154766752749516,N/A,-0.005914493325071879,N/A,N/A
445,TTWO,124.38,N/A,-0.09843432879095404,N/A,0.05505131902621074,N/A,0.18978381480772888,N/A,0.06965944272445812,N/A,N/A
446,TWTR,53.7,N/A,-0.02025177887246854,N/A,0.10402960526315796,N/A,0.34755332496863245,N/A,0.2758374910905204,N/A,N/A
447,TXN,180.05,N/A,0.06664628753182034,N/A,0.21053654233650687,N/A,0.03382600602093855,N/A,0.024699789425758345,N/A,N/A
448,TXT,69.23,N/A,0.009616366197758408,N/A,0.12174943005147788,N/A,-0.0018886694251812888,N/A,0.04592838797401422,N/A,N/A
449,TYL,362.6,N/A,-0.104315391645876,N/A,0.11141762452107296,N/A,0.1362496866382552,N/A,0.11019258442791102,N/A,N/A
450,UA,8.19,N/A,-0.4495967741935485,N/A,0.27968749999999987,N/A,-0.22000000000000008,N/A,0.0622568093385214,N/A,N/A
451,UAA,9.05,N/A,-0.4364881693648816,N/A,0.26044568245125355,N/A,-0.2401343408900083,N/A,0.04866743916570093,N/A,N/A
452,UAL,42.38,N/A,-0.06093507644582319,N/A,0.17396121883656512,N/A,-0.17226562499999998,N/A,-0.015334572490706244,N/A,N/A
453,UDR,41.27,N/A,-0.25511331230010614,N/A,0.06921807437115102,N/A,0.030438766669413253,N/A,0.0717504044708639,N/A,N/A
454,UHS,136.24,N/A,-0.09414773157943024,N/A,0.4468036301772824,N/A,-0.06907651761914813,N/A,0.1421864520456071,N/A,N/A
455,ULTA,534.33,N/A,0.2855286900036089,N/A,0.3273960351766285,N/A,0.08034938029478966,N/A,0.055029024997038434,N/A,N/A
456,UNH,505.35,N/A,-0.04242673906086014,N/A,-0.02522945734011772,N/A,0.04549750247435447,N/A,0.07635782747603836,N/A,N/A
457,UNM,40.91,N/A,0.293351459011729,N/A,-0.014076700060972724,N/A,0.002875514491563313,N/A,0.1162346521145976,N/A,N/A
458,UNP,200.04,N/A,-0.16748271727581565,N/A,0.02029262261720044,N/A,-0.0602896265914924,N/A,0.052786695437082365,N/A,N/A
459,UPS,193.29,N/A,0.07314234889868132,N/A,0.2054880296267283,N/A,0.0893431591571554,N/A,0.03479843674714922,N/A,N/A
460,URI,383.52,N/A,0.16221492369782653,N/A,0.3367649396169279,N/A,-0.010531931965298448,N/A,0.03628847037207161,N/A,N/A
461,USB,35.59,N/A,-0.2930187839684708,N/A,-0.1446562041865942,N/A,-0.2397134879826025,N/A,0.09462896722264436,N/A,N/A
462,V,233.48,N/A,0.10847038872425264,N/A,0.2685855553593499,N/A,0.04904609503509327,N/A,0.07401444408666458,N/A,N/A
463,VAR,177.07,N/A,0.571162377994676,N/A,0.0294767441860464,N/A,0.010269869344439853,N/A,0.004823516059471178,N/A,N/A
464,VFC,22.44,N/A,-0.579242636746143,N/A,-0.21707638738669577,N/A,-0.25763455373713506,N/A,0.04761904761904767,N/A,N/A
465,VLO,128.3,N/A,0.26219647765528564,N/A,0.12677985988584672,N/A,-0.0608479744913718,N/A,0.015272612170610156,N/A,N/A
466,VMC,171.88,N/A,-0.00729626846664011,N/A,0.1210401123388114,N/A,-0.05626708278472592,N/A,0.06744503788349254,N/A,N/A
467,VNO,15.32,N/A,-0.6018183283127441,N/A,-0.30387684254530256,N/A,-0.3312525918327258,N/A,0.07887323943661984,N/A,N/A
468,VRSK,192.17,N/A,-0.09260166029767504,N/A,0.12491490112725634,N/A,0.0603717177558325,N/A,0.0671960904092852,N/A,N/A
469,VRSN,217.13,N/A,0.008031569173630349,N/A,0.20930103035366177,N/A,0.012355464378963177,N/A,0.12298939746573569,N/A,N/A
470,VRTX,327.74,N/A,0.13810466368024432,N/A,0.10342737862770202,N/A,0.05051605872171283,N/A,0.10809074618791636,N/A,N/A
471,VTR,44.41,N/A,-0.2379210224659716,N/A,0.20766641104711536,N/A,-0.0860842382972069,N/A,0.014107535131826944,N/A,N/A
472,VZ,39.46,N/A,-0.220695607180028,N/A,0.09582193587803212,N/A,-0.018053775615582635,N/A,0.09031126093143428,N/A,N/A
473,WAB,100.07,N/A,0.13125215494096154,N/A,0.17179906930558575,N/A,-0.02902258951243486,N/A,0.07302165987561637,N/A,N/A
474,WAT,309.6,N/A,0.04810589390297593,N/A,0.10729613733905574,N/A,-0.06817155756207671,N/A,0.035555406897012976,N/A,N/A
475,WBA,35.94,N/A,-0.15823299192662532,N/A,0.1164923377063134,N/A,0.0023566816806346318,N/A,0.0920692798541478,N/A,N/A
476,WDC,36.02,N/A,-0.2227017695295641,N/A,0.0628503983475952,N/A,-0.03483386923901388,N/A,0.02679589509692137,N/A,N/A
477,WEC,96.5,N/A,-0.028264904049970285,N/A,0.1543227893223349,N/A,0.02392482587972644,N/A,0.023872679045092937,N/A,N/A
478,WELL,75.24,N/A,-0.1911729926599273,N/A,0.27613671827297503,N/A,0.05784547638898463,N/A,0.09439999999999982,N/A,N/A
479,WFC,41.3,N/A,-0.08631552865385306,N/A,-0.04842656295361037,N/A,-0.0579444027527184,N/A,0.09375,N/A,N/A
480,WHR,136.98,N/A,-0.15951072700665436,N/A,-0.003594131549142787,N/A,-0.10420880606297224,N/A,0.0664071623199689,N/A,N/A
481,WM,165.4,N/A,0.05641134383953794,N/A,0.057043269753096704,N/A,0.07647880788107453,N/A,0.07998694090760683,N/A,N/A
482,WMB,30.32,N/A,-0.10084103391418842,N/A,0.04048345418544086,N/A,-0.06098633598850389,N/A,0.07137809187279154,N/A,N/A
483,WMT,149.52,N/A,-0.03294281090772211,N/A,0.1471324756947856,N/A,0.03962926008461931,N/A,0.0725968436154949,N/A,N/A
484,WRB,62.5,N/A,-0.0719967215500179,N/A,-0.11480610712970564,N/A,-0.12832700150067222,N/A,0.024590163934426142,N/A,N/A
485,WRK,30.66,N/A,-0.3690708920670851,N/A,-0.03765270122663189,N/A,-0.1666190992636567,N/A,0.1326191355744366,N/A,N/A
486,WST,362.47,N/A,-0.04665065257889845,N/A,0.4218870257467193,N/A,0.43349231584525705,N/A,0.0993267014436492,N/A,N/A
487,WU,11.21,N/A,-0.3655375385573195,N/A,-0.17310869821786856,N/A,-0.18722765601096247,N/A,0.04182156133828996,N/A,N/A
488,WY,31.52,N/A,-0.17106076345514087,N/A,0.10038192189801907,N/A,0.02703125407293494,N/A,0.0790825059910989,N/A,N/A
489,WYNN,111.34,N/A,0.5052048127619306,N/A,0.9431064572425832,N/A,0.13600652994592388,N/A,0.04017189835575485,N/A,N/A
490,XEL,70.32,N/A,-0.02673166194703513,N/A,0.17773359974140757,N/A,-0.0028912184380047723,N/A,0.0514354066985645,N/A,N/A
491,XLNX,194.92,N/A,0.0,N/A,0.0,N/A,0.0,N/A,0.0,N/A,N/A
492,XOM,114.7,N/A,0.35318476221936446,N/A,0.15795190915680513,N/A,0.023489393901538147,N/A,0.14883814102564097,N/A,N/A
493,XRAY,40.915,N/A,-0.15317381306697408,N/A,0.411149164830086,N/A,0.11535766956626035,N/A,0.1135424066015116,N/A,N/A
494,XRX,14.75,N/A,-0.1599366677677666,N/A,0.0364915288777079,N/A,-0.09463656563424538,N/A,0.02612264774426931,N/A,N/A
495,XYL,104.65,N/A,0.25578844674628987,N/A,0.15880180004606426,N/A,-0.09784482758620684,N/A,0.10471867412646474,N/A,N/A
496,YUM,137.1,N/A,0.13108546254052844,N/A,0.25230296780275174,N/A,0.05194506253356845,N/A,0.08080409932991728,N/A,N/A
497,ZBH,133.46,N/A,0.06802774983534654,N/A,0.212273152954791,N/A,0.08702292065938133,N/A,0.07565533894507448,N/A,N/A
498,ZBRA,300.46,N/A,-0.2367913025807763,N/A,0.1483718085919583,N/A,0.02343483888548259,N/A,0.04069827854940944,N/A,N/A
499,ZION,30.93,N/A,-0.49353118311967104,N/A,-0.39424681357764535,N/A,-0.38709389769045566,N/A,0.033066132264528925,N/A,N/A
500,ZTS,174.62,N/A,-0.06016109986232343,N/A,0.17098751357948516,N/A,0.09688754547070633,N/A,0.061713382379765314,N/A,N/A
