,Ticker,Price,Number of Shares to Buy,Price-to-Earnings Ratio,PE Percentile,Price-to-Book Ratio,PB Percentile,Price-to-Sales Ratio,PS Percentile,EV/EBITDA,EV/EBITDA Percentile,EV/GP,EV/GP Percentile,RV Score
0,A,139,N/A,31.38,N/A,7.33,N/A,5.93,N/A,21.737846480710658,N/A,11.328983483333333,N/A,N/A
1,AAL,13.29,N/A,68.54,N/A,-1.5,N/A,0.1772,N/A,9.365615876356896,N/A,0.7223444725449756,N/A,N/A
2,AAP,126.65,N/A,15.31,N/A,2.8,N/A,0.673,N/A,8.628705581736979,N/A,1.735359094738115,N/A,N/A
3,AAPL,166.47,N/A,28.31,N/A,46.43,N/A,6.8,N/A,21.499539865110783,N/A,16.14201599211367,N/A,N/A
4,ABBV,159.59,N/A,24.07,N/A,16.32,N/A,4.85,N/A,11.97051393975173,N/A,8.257416038065944,N/A,N/A
5,ABC,167.41,N/A,20.32,N/A,-190.09,N/A,0.14,N/A,11.081517144899406,N/A,4.511133164780891,N/A,N/A
6,ABMD,381.02,N/A,65.69,N/A,,N/A,,N/A,,N/A,,N/A,N/A
7,ABT,104.15,N/A,26.5,N/A,4.93,N/A,4.15,N/A,18.082901220915662,N/A,7.654118565827588,N/A,N/A
8,ACN,279.96,N/A,25.8,N/A,7.81,N/A,2.94,N/A,15.259180038777401,N/A,8.84113701386654,N/A,N/A
9,ADBE,377.55,N/A,37.23,N/A,12.19,N/A,9.62,N/A,27.27758077777778,N/A,10.844990760489289,N/A,N/A
10,ADI,189.58,N/A,28.64,N/A,2.63,N/A,7.62,N/A,19.115020541964924,N/A,12.20769552520722,N/A,N/A
11,ADM,82.55,N/A,10.71,N/A,1.86,N/A,0.4442,N/A,8.770100192852437,N/A,7.034616693659181,N/A,N/A
12,ADP,217.32,N/A,28.86,N/A,30.15,N/A,5.22,N/A,20.172037027984334,N/A,5.316223915012292,N/A,N/A
13,ADSK,197.45,N/A,52.24,N/A,37.04,N/A,8.47,N/A,39.20684867525299,N/A,9.299115101461924,N/A,N/A
14,AEE,88.29,N/A,21.33,N/A,2.2,N/A,2.91,N/A,13.620641456521739,N/A,7.238545440719697,N/A,N/A
15,AEP,92.47,N/A,20.59,N/A,1.99,N/A,2.42,N/A,12.67101342360532,N/A,6.905427509169484,N/A,N/A
16,AES,24.42,N/A,-29.88,N/A,10.22,N/A,1.29,N/A,11.354719887752031,N/A,14.808372914835164,N/A,N/A
17,AFL,66.89,N/A,10.15,N/A,1.83,N/A,2.14,N/A,7.115815925121613,N/A,2.1400614695125135,N/A,N/A
18,AIG,52.46,N/A,4.04,N/A,0.974,N/A,0.682,N/A,1.9907013484017793,N/A,0.6819678556620656,N/A,N/A
19,AIV,8.14,N/A,16.22,N/A,2.23,N/A,6.41,N/A,32.938712915184986,N/A,11.435899439961332,N/A,N/A
20,AIZ,117.25,N/A,23.22,N/A,1.47,N/A,0.6087,N/A,11.496830891235872,N/A,0.6087353705484155,N/A,N/A
21,AJG,206.62,N/A,39.81,N/A,4.83,N/A,5.17,N/A,22.111670073625163,N/A,5.185360637655626,N/A,N/A
22,AKAM,82.82,N/A,25.4,N/A,2.97,N/A,3.58,N/A,18.903183828971653,N/A,6.325381275821993,N/A,N/A
23,ALB,205.27,N/A,8.99,N/A,3.02,N/A,3.29,N/A,7.263253533852708,N/A,8.390071315594582,N/A,N/A
24,ALGN,348.05,N/A,75.5,N/A,7.42,N/A,7.15,N/A,32.96752687663255,N/A,9.761437148959194,N/A,N/A
25,ALK,42.55,N/A,93.83,N/A,1.42,N/A,0.5623,N/A,4.850344067605634,N/A,0.5355190163798466,N/A,N/A
26,ALL,114.14,N/A,-21.87,N/A,1.94,N/A,0.5843,N/A,5.6611081264606105,N/A,0.5842573663541586,N/A,N/A
27,ALLE,104.31,N/A,20.1,N/A,9.73,N/A,2.8,N/A,16.015109805867755,N/A,8.296999189352691,N/A,N/A
28,ALXN,182.5,N/A,59.45,N/A,,N/A,,N/A,,N/A,,N/A,N/A
29,AMAT,111.27,N/A,14.92,N/A,7.01,N/A,3.58,N/A,11.577793228044639,N/A,7.83704141325232,N/A,N/A
30,AMCR,11.16,N/A,15.6,N/A,3.81,N/A,1.11,N/A,10.768570824060866,N/A,7.932155671803853,N/A,N/A
31,AMD,89.78,N/A,106.86,N/A,2.64,N/A,6.12,N/A,29.869709441151567,N/A,11.708945929798357,N/A,N/A
32,AME,139.25,N/A,27.79,N/A,4.29,N/A,5.21,N/A,18.738467376583618,N/A,15.898351443571878,N/A,N/A
33,AMGN,246.09,N/A,20.32,N/A,35.91,N/A,4.99,N/A,12.408924728876222,N/A,8.08882209946277,N/A,N/A
34,AMP,315.63,N/A,14.02,N/A,9.19,N/A,2.31,N/A,9.798761933628318,N/A,2.3153135118840176,N/A,N/A
35,AMT,208.18,N/A,54.5,N/A,17.41,N/A,9.06,N/A,20.911638707229688,N/A,17.947567725887236,N/A,N/A
36,AMZN,102.3,N/A,-382.86,N/A,7.19,N/A,2.04,N/A,19.320561643687924,N/A,4.648049060154918,N/A,N/A
37,ANET,162.69,N/A,38.1,N/A,10.2,N/A,11.38,N/A,29.111019664224155,N/A,17.499647203194982,N/A,N/A
38,ANSS,321.38,N/A,53.65,N/A,5.73,N/A,13.51,N/A,41.36942787627333,N/A,14.880035324823647,N/A,N/A
39,ANTM,482.58,N/A,19.0,N/A,3.23,N/A,0.8151,N/A,14.861885780048972,N/A,1.0634718292017735,N/A,N/A
40,AON,331.87,N/A,,N/A,,N/A,,N/A,,N/A,,N/A,N/A
41,AOS,68.54,N/A,45.39,N/A,4.9,N/A,2.28,N/A,11.46125397362697,N/A,6.340928416817087,N/A,N/A
42,APA,39.42,N/A,3.57,N/A,28.99,N/A,1.09,N/A,2.751530108521027,N/A,1.5565770880335026,N/A,N/A
43,APD,287.78,N/A,28.24,N/A,4.59,N/A,4.96,N/A,16.16665167755121,N/A,19.70795350983705,N/A,N/A
44,APH,78.42,N/A,25.63,N/A,6.65,N/A,3.7,N/A,16.606879959002733,N/A,12.368790341343528,N/A,N/A
45,APTV,107.51,N/A,54.85,N/A,3.31,N/A,1.67,N/A,27.996926446633825,N/A,12.941273780645162,N/A,N/A
46,ARE,123.4,N/A,38.81,N/A,1.13,N/A,8.25,N/A,17.842993070116428,N/A,16.097702513388736,N/A,N/A
47,ATO,113.6,N/A,20.0,N/A,1.65,N/A,3.48,N/A,16.344003241836532,N/A,9.471441043054076,N/A,N/A
48,ATVI,85.55,N/A,44.56,N/A,3.49,N/A,8.91,N/A,29.56377214451158,N/A,11.065520444591028,N/A,N/A
49,AVB,173.32,N/A,21.37,N/A,2.16,N/A,9.36,N/A,19.479309289719307,N/A,12.334704180846641,N/A,N/A
50,AVGO,632.32,N/A,21.23,N/A,11.31,N/A,7.66,N/A,14.969787066529138,N/A,11.291250290582331,N/A,N/A
51,AVY,179.3,N/A,19.47,N/A,7.16,N/A,1.61,N/A,12.812652458030936,N/A,7.269669419349472,N/A,N/A
52,AWK,148.1,N/A,32.84,N/A,3.75,N/A,7.6,N/A,21.397817788241415,N/A,10.84562388950422,N/A,N/A
53,AXP,164.4,N/A,16.71,N/A,4.95,N/A,2.2,N/A,10.62489616268566,N/A,2.288876551110529,N/A,N/A
54,AZO,2681.65,N/A,21.94,N/A,-11.79,N/A,2.92,N/A,14.943651039550485,N/A,6.448196427167424,N/A,N/A
55,BA,208.37,N/A,-25.1,N/A,-7.86,N/A,1.87,N/A,-104.77569081129653,N/A,46.24377515127479,N/A,N/A
56,BAC,30.56,N/A,9.58,N/A,0.9992,N/A,2.13,N/A,7.423963536103439,N/A,2.1740052139720913,N/A,N/A
57,BAX,42.82,N/A,-8.87,N/A,3.71,N/A,1.43,N/A,15.842504944107452,N/A,6.774967836020011,N/A,N/A
58,BBY,73.98,N/A,11.76,N/A,5.77,N/A,0.3484,N/A,5.394275995456134,N/A,1.5570039974778047,N/A,N/A
59,BDX,253.59,N/A,47.85,N/A,2.83,N/A,3.9,N/A,19.36904462954796,N/A,10.729035958837182,N/A,N/A
60,BEN,26.98,N/A,13.7,N/A,1.16,N/A,1.68,N/A,7.018539132137587,N/A,1.542110925246932,N/A,N/A
61,BF.B,63.68,N/A,42.17,N/A,10.1,N/A,5.76,N/A,25.056807621234938,N/A,9.154178960385144,N/A,N/A
62,BIIB,293.83,N/A,14.08,N/A,3.17,N/A,4.17,N/A,13.405827227250489,N/A,5.553117422705222,N/A,N/A
63,BIO,479.16,N/A,-3.93,N/A,1.47,N/A,5.03,N/A,20.47869934193775,N/A,8.621141358233428,N/A,N/A
64,BK,44.89,N/A,15.48,N/A,1.0,N/A,1.8,N/A,8.809191171533742,N/A,1.799190759021652,N/A,N/A
65,BKNG,2696.68,N/A,35.32,N/A,36.49,N/A,5.94,N/A,18.979195835263354,N/A,5.945852223639555,N/A,N/A
66,BKR,29.5,N/A,-48.45,N/A,2.07,N/A,1.41,N/A,11.528012358183666,N/A,7.731628288409091,N/A,N/A
67,BLK,694.03,N/A,20.42,N/A,2.76,N/A,5.82,N/A,15.353091942467378,N/A,5.793165784143681,N/A,N/A
68,BLL,69.49,N/A,20.38,N/A,5.7,N/A,1.54,N/A,13.761056516553287,N/A,10.860103657480314,N/A,N/A
69,BMY,70.23,N/A,23.81,N/A,4.76,N/A,3.2,N/A,9.507566729076421,N/A,4.935372557520404,N/A,N/A
70,BR,145.83,N/A,32.48,N/A,9.61,N/A,2.94,N/A,17.137725584224707,N/A,12.878004984047122,N/A,N/A
71,BRK.B,324.63,N/A,,N/A,,N/A,,N/A,,N/A,,N/A,N/A
72,BSX,51.61,N/A,116.11,N/A,4.21,N/A,5.84,N/A,28.933709861424543,N/A,9.403621495186798,N/A,N/A
73,BWA,48.48,N/A,12.15,N/A,1.57,N/A,0.7173,N/A,6.3217384826666665,N/A,4.5868789377620125,N/A,N/A
74,BXP,52.65,N/A,9.75,N/A,1.34,N/A,2.66,N/A,12.614773343971265,N/A,7.095335975160371,N/A,N/A
75,C,50.08,N/A,7.19,N/A,0.5343,N/A,0.9583,N/A,4.219563864710217,N/A,1.0094275634125602,N/A,N/A
76,CAG,37.2,N/A,22.28,N/A,2.0,N/A,1.45,N/A,14.994449433647045,N/A,8.427924392137223,N/A,N/A
77,CAH,79.45,N/A,-16.87,N/A,-9.25,N/A,0.1061,N/A,8.540589260348163,N/A,3.3634099996953077,N/A,N/A
78,CARR,44.81,N/A,10.93,N/A,4.82,N/A,1.83,N/A,13.988928533551555,N/A,7.821408614568082,N/A,N/A
79,CAT,225.2,N/A,17.82,N/A,7.33,N/A,1.96,N/A,10.830397067678684,N/A,6.630525217016098,N/A,N/A
80,CB,201.69,N/A,16.08,N/A,1.65,N/A,1.94,N/A,12.056784908487298,N/A,1.9350740361858871,N/A,N/A
81,CBOE,137.2,N/A,62.65,N/A,4.18,N/A,3.66,N/A,13.804084171649667,N/A,9.013035838548545,N/A,N/A
82,CBRE,71.98,N/A,16.78,N/A,2.85,N/A,0.7256,N/A,9.629955257440376,N/A,3.5263592727187736,N/A,N/A
83,CCI,132.4,N/A,34.3,N/A,7.71,N/A,8.22,N/A,18.951730964011517,N/A,16.06157272427816,N/A,N/A
84,CCL,9.84,N/A,-2.44,N/A,1.78,N/A,0.7331,N/A,-126.67470096573209,N/A,2.714639095400227,N/A,N/A
85,CDNS,213.77,N/A,69.18,N/A,21.25,N/A,16.38,N/A,53.2975192522324,N/A,18.247775317036012,N/A,N/A
86,CDW,190.29,N/A,23.38,N/A,16.09,N/A,1.09,N/A,15.504599264981735,N/A,6.70191976934238,N/A,N/A
87,CE,109.48,N/A,6.31,N/A,2.15,N/A,1.25,N/A,15.206797827524039,N/A,10.631979657563026,N/A,N/A
88,CERN,94.92,N/A,47.94,N/A,,N/A,,N/A,,N/A,,N/A,N/A
89,CF,75.06,N/A,4.58,N/A,2.91,N/A,1.32,N/A,2.356381662164236,N/A,2.6193186365807883,N/A,N/A
90,CFG,30.44,N/A,7.42,N/A,0.6801,N/A,1.63,N/A,4.578371609937888,N/A,1.71522473344968,N/A,N/A
91,CHD,89.4,N/A,53.21,N/A,6.25,N/A,4.06,N/A,29.21484148112411,N/A,10.765344476444444,N/A,N/A
92,CHRW,95.92,N/A,12.96,N/A,8.14,N/A,0.4462,N/A,9.397416209532803,N/A,3.55572029627263,N/A,N/A
93,CHTR,343.32,N/A,11.17,N/A,6.37,N/A,1.07,N/A,7.330879914641067,N/A,2.8695491961608233,N/A,N/A
94,CI,259.69,N/A,12.19,N/A,1.72,N/A,0.4273,N/A,10.518610727696792,N/A,0.7297990991032297,N/A,N/A
95,CINF,107.84,N/A,-35.24,N/A,1.61,N/A,2.59,N/A,-30.03871079328622,N/A,2.592940416196431,N/A,N/A
96,CL,75.54,N/A,35.46,N/A,156.43,N/A,3.49,N/A,19.138785871989175,N/A,6.90064537441452,N/A,N/A
97,CLX,160.49,N/A,45.72,N/A,61.76,N/A,2.81,N/A,30.10985942722372,N/A,8.716939404994147,N/A,N/A
98,CMA,44.64,N/A,5.29,N/A,1.23,N/A,1.57,N/A,3.744121523596939,N/A,1.5953213448369565,N/A,N/A
99,CMCSA,38.27,N/A,31.63,N/A,1.99,N/A,1.33,N/A,6.991451471566225,N/A,2.067489433495022,N/A,N/A
100,CME,191.38,N/A,25.86,N/A,2.56,N/A,13.72,N/A,18.879576871942604,N/A,13.840158397019565,N/A,N/A
101,CMG,1778.46,N/A,55.51,N/A,20.74,N/A,5.69,N/A,32.83032404002267,N/A,7.991336998647472,N/A,N/A
102,CMI,235.96,N/A,15.61,N/A,3.72,N/A,1.19,N/A,12.461248365657216,N/A,5.756766621074565,N/A,N/A
103,CMS,60.52,N/A,21.24,N/A,2.6,N/A,2.05,N/A,13.512858110922227,N/A,7.175751553825322,N/A,N/A
104,CNC,68.93,N/A,33.3,N/A,1.58,N/A,0.2626,N/A,11.047914256167358,N/A,0.40708127503181474,N/A,N/A
105,CNP,30.23,N/A,19.01,N/A,2.06,N/A,2.05,N/A,12.58767027189909,N/A,5.766486509791332,N/A,N/A
106,COF,97.55,N/A,5.45,N/A,0.7073,N/A,0.9692,N/A,3.998235789366273,N/A,1.1444252351657136,N/A,N/A
107,COG,22.25,N/A,32.69,N/A,3.87,N/A,5.8,N/A,12.755578572937669,N/A,6.376762222397531,N/A,N/A
108,COO,378.05,N/A,50.07,N/A,2.55,N/A,5.53,N/A,29.963258838028167,N/A,9.760019165481488,N/A,N/A
109,COP,104.95,N/A,7.18,N/A,2.65,N/A,1.62,N/A,3.867765900623617,N/A,3.0228567267255126,N/A,N/A
110,COST,496.9,N/A,36.51,N/A,9.67,N/A,0.9402,N/A,21.559377673137195,N/A,7.539112765246597,N/A,N/A
111,COTY,12.53,N/A,33.58,N/A,2.91,N/A,2.03,N/A,25.814160821600428,N/A,4.295215478619299,N/A,N/A
112,CPB,55.12,N/A,20.41,N/A,4.59,N/A,1.8,N/A,15.811879534391535,N/A,7.394526908448215,N/A,N/A
113,CPRT,77.71,N/A,34.69,N/A,7.1,N/A,10.08,N/A,23.259053476293353,N/A,11.63792155311658,N/A,N/A
114,CRM,198.5,N/A,951.58,N/A,3.4,N/A,6.33,N/A,34.83221119773211,N/A,8.550495824634655,N/A,N/A
115,CSCO,50.31,N/A,18.43,N/A,4.97,N/A,3.88,N/A,13.388413346151177,N/A,5.85943895859534,N/A,N/A
116,CSX,30.41,N/A,15.59,N/A,4.94,N/A,4.2,N/A,10.753105397666438,N/A,5.274111144011311,N/A,N/A
117,CTAS,459.88,N/A,36.91,N/A,12.87,N/A,5.43,N/A,23.062322191638643,N/A,12.2599115616437,N/A,N/A
118,CTL,11,N/A,9.73,N/A,,N/A,,N/A,,N/A,,N/A,N/A
119,CTSH,61.12,N/A,13.86,N/A,2.53,N/A,1.6,N/A,8.266898348489127,N/A,4.193852013180516,N/A,N/A
120,CTVA,62.97,N/A,39.85,N/A,1.77,N/A,2.57,N/A,16.1753824,N/A,6.1069615842712635,N/A,N/A
121,CTXS,103.9,N/A,39.96,N/A,,N/A,,N/A,,N/A,,N/A,N/A
122,CVS,76.14,N/A,24.25,N/A,1.37,N/A,0.3022,N/A,6.590446118648236,N/A,1.0669096487835954,N/A,N/A
123,CVX,170.52,N/A,9.33,N/A,2.03,N/A,1.37,N/A,5.065417821614703,N/A,3.637973083387781,N/A,N/A
124,CXO,65.6,N/A,-1.26,N/A,1.65,N/A,3.7,N/A,-10.968156067159168,N/A,4.698384460299194,N/A,N/A
125,D,57.36,N/A,53.11,N/A,1.84,N/A,2.79,N/A,12.95144245508733,N/A,7.903206383945187,N/A,N/A
126,DAL,35.36,N/A,11.99,N/A,3.63,N/A,0.4209,N/A,6.147983172775715,N/A,0.7051740001296465,N/A,N/A
127,DD,71.63,N/A,6.1,N/A,1.24,N/A,2.53,N/A,13.393868132861927,N/A,7.798336657204767,N/A,N/A
128,DE,396.69,N/A,14.71,N/A,5.51,N/A,2.11,N/A,9.56551955838425,N/A,5.973823863267794,N/A,N/A
129,DFS,103.63,N/A,6.69,N/A,1.99,N/A,1.77,N/A,4.26424504061558,N/A,2.092777115237873,N/A,N/A
130,DG,216.26,N/A,20.25,N/A,8.55,N/A,1.25,N/A,13.32589116740218,N/A,4.5695240628292595,N/A,N/A
131,DGX,142.1,N/A,17.81,N/A,2.7,N/A,1.61,N/A,12.261287527136618,N/A,5.725267668511506,N/A,N/A
132,DHI,102.18,N/A,6.33,N/A,1.74,N/A,1.04,N/A,5.023261449614184,N/A,3.6008904862974553,N/A,N/A
133,DHR,256.14,N/A,26.57,N/A,3.86,N/A,5.93,N/A,18.37171436416132,N/A,10.577624344978627,N/A,N/A
134,DIS,100.93,N/A,58.68,N/A,1.94,N/A,2.23,N/A,17.36235417844537,N/A,7.815848784329649,N/A,N/A
135,DISCK,24.42,N/A,,N/A,,N/A,,N/A,,N/A,,N/A,N/A
136,DISH,7.78,N/A,2.16,N/A,0.1269,N/A,0.1365,N/A,7.595927660643932,N/A,3.957069101179052,N/A,N/A
137,DLR,97.57,N/A,86.35,N/A,1.69,N/A,6.06,N/A,20.801282416274375,N/A,9.564867361036217,N/A,N/A
138,DLTR,149.38,N/A,20.72,N/A,3.78,N/A,1.17,N/A,11.925229182477864,N/A,4.009420228529221,N/A,N/A
139,DOV,148.28,N/A,19.98,N/A,4.84,N/A,2.44,N/A,14.240957330389811,N/A,7.841415404190425,N/A,N/A
140,DOW,56.78,N/A,9.0,N/A,1.94,N/A,0.7065,N/A,8.20418631414526,N/A,6.041055452709014,N/A,N/A
141,DPZ,326.7,N/A,26.07,N/A,-2.76,N/A,2.55,N/A,19.991526751414444,N/A,10.028504444360872,N/A,N/A
142,DRE,48.2,N/A,19.75,N/A,2.95,N/A,16.74,N/A,29.9148057585757,N/A,20.210516073764648,N/A,N/A
143,DRI,151.81,N/A,19.82,N/A,8.98,N/A,1.78,N/A,12.331036194811107,N/A,9.391324005348388,N/A,N/A
144,DTE,112.04,N/A,20.33,N/A,2.22,N/A,1.2,N/A,13.205624192055051,N/A,2.1956719649469525,N/A,N/A
145,DUK,97.41,N/A,30.73,N/A,1.59,N/A,2.61,N/A,12.890548251828271,N/A,8.007848334099412,N/A,N/A
146,DVA,83.49,N/A,14.27,N/A,10.6,N/A,0.6501,N/A,8.446662200047884,N/A,1.507218412157768,N/A,N/A
147,DVN,55.22,N/A,6.05,N/A,3.23,N/A,1.88,N/A,4.076508530316475,N/A,2.1570257198080234,N/A,N/A
148,DXC,25.34,N/A,8.45,N/A,1.25,N/A,0.3886,N/A,4.471247522086216,N/A,2.6403124116907604,N/A,N/A
149,DXCM,118.93,N/A,149.02,N/A,21.63,N/A,15.84,N/A,114.50289456756079,N/A,24.255326134034306,N/A,N/A
150,EA,129.04,N/A,34.78,N/A,4.69,N/A,4.8,N/A,20.347203392731537,N/A,6.183172245814037,N/A,N/A
151,EBAY,44.04,N/A,-19.4,N/A,4.59,N/A,2.41,N/A,-19.46662543226257,N/A,3.917949068025299,N/A,N/A
152,ECL,164.29,N/A,43.12,N/A,6.46,N/A,3.3,N/A,20.725348005451036,N/A,10.220682464531063,N/A,N/A
153,ED,97.52,N/A,20.88,N/A,1.63,N/A,2.16,N/A,12.038166543803419,N/A,4.860968026315789,N/A,N/A
154,EFX,194.8,N/A,34.48,N/A,6.07,N/A,4.69,N/A,18.25801692778912,N/A,10.019280528692699,N/A,N/A
155,EIX,72.11,N/A,45.07,N/A,2.02,N/A,1.6,N/A,10.780127004620217,N/A,3.387413892102207,N/A,N/A
156,EL,257.08,N/A,62.25,N/A,10.09,N/A,3.64,N/A,18.391172982872597,N/A,5.062935204483415,N/A,N/A
157,EMN,82.5,N/A,12.99,N/A,1.91,N/A,0.929,N/A,8.92049695997537,N/A,6.779076772578381,N/A,N/A
158,EMR,87.27,N/A,16.5,N/A,4.83,N/A,2.6,N/A,15.923014860848419,N/A,7.490921316893352,N/A,N/A
159,EOG,119,N/A,9.0,N/A,2.82,N/A,2.73,N/A,4.981750082173003,N/A,2.6943982319728423,N/A,N/A
160,EQIX,705.56,N/A,91.99,N/A,5.73,N/A,9.08,N/A,26.94521910583723,N/A,22.534145358075683,N/A,N/A
161,EQR,61.43,N/A,30.87,N/A,2.09,N/A,8.5,N/A,18.176978098809965,N/A,11.223515409589131,N/A,N/A
162,ES,78.38,N/A,19.35,N/A,1.77,N/A,2.22,N/A,12.98889224103965,N/A,6.858093261795933,N/A,N/A
163,ESS,212.1,N/A,33.83,N/A,2.39,N/A,8.51,N/A,16.606319496192377,N/A,12.196598763764817,N/A,N/A
164,ETFC,49.26,N/A,14.27,N/A,,N/A,,N/A,,N/A,,N/A,N/A
165,ETN,163.69,N/A,26.66,N/A,3.83,N/A,3.14,N/A,18.569901431501645,N/A,10.647965841875997,N/A,N/A
166,ETR,108.58,N/A,20.22,N/A,1.77,N/A,1.67,N/A,13.625075247222432,N/A,5.868920019641452,N/A,N/A
167,EVRG,61.74,N/A,18.88,N/A,1.49,N/A,2.42,N/A,11.696159859299625,N/A,6.484896280987642,N/A,N/A
168,EW,84.35,N/A,34.57,N/A,8.8,N/A,9.5,N/A,26.19990476993308,N/A,11.740017764993027,N/A,N/A
169,EXC,42.85,N/A,19.48,N/A,1.72,N/A,2.23,N/A,12.382014301866908,N/A,6.39313891425684,N/A,N/A
170,EXPD,111.58,N/A,13.51,N/A,5.54,N/A,1.01,N/A,8.077811068555233,N/A,3.3820162322470226,N/A,N/A
171,EXPE,95.54,N/A,43.83,N/A,6.19,N/A,1.21,N/A,10.055294002479851,N/A,1.620298623976024,N/A,N/A
172,EXR,154.98,N/A,25.53,N/A,6.42,N/A,10.87,N/A,20.617969183620726,N/A,14.635932508042428,N/A,N/A
173,F,12.73,N/A,-25.8,N/A,1.16,N/A,0.3165,N/A,3.430554632994186,N/A,1.5960923668639053,N/A,N/A
174,FANG,144.68,N/A,5.82,N/A,1.75,N/A,2.72,N/A,4.074729915019514,N/A,3.3563807648034842,N/A,N/A
175,FAST,53.85,N/A,28.49,N/A,9.72,N/A,4.4,N/A,19.059706036069194,N/A,9.662022756390323,N/A,N/A
176,FB,196.64,N/A,14.87,N/A,4.55,N/A,4.69,N/A,9.938916141594621,N/A,5.380741033356562,N/A,N/A
177,FBHS,57.62,N/A,10.22,N/A,2.62,N/A,0.9868,N/A,9.11363923057769,N/A,3.8166472748444504,N/A,N/A
178,FCX,42.96,N/A,17.97,N/A,3.95,N/A,2.7,N/A,7.037600537039076,N/A,6.565006764452202,N/A,N/A
179,FDX,229.21,N/A,19.74,N/A,2.33,N/A,0.622,N/A,7.468161240086518,N/A,0.782867203057688,N/A,N/A
180,FE,40.48,N/A,57.03,N/A,2.28,N/A,1.86,N/A,14.461944639896373,N/A,5.677407201627257,N/A,N/A
181,FFIV,142.89,N/A,28.81,N/A,3.05,N/A,2.9,N/A,14.349564150282436,N/A,3.3539027592597934,N/A,N/A
182,FIS,56.66,N/A,-2.05,N/A,1.23,N/A,2.31,N/A,9.476858162803532,N/A,9.025262959530483,N/A,N/A
183,FISV,117.11,N/A,30.03,N/A,2.38,N/A,4.14,N/A,13.278158353215547,N/A,9.640120097383274,N/A,N/A
184,FITB,27.17,N/A,8.11,N/A,1.22,N/A,1.98,N/A,5.942751507643312,N/A,2.1228941676905575,N/A,N/A
185,FLIR,57.34,N/A,32.03,N/A,,N/A,,N/A,,N/A,,N/A,N/A
186,FLS,33.75,N/A,23.44,N/A,2.43,N/A,1.22,N/A,18.269438488125147,N/A,5.294948308097697,N/A,N/A
187,FLT,222.11,N/A,17.88,N/A,6.42,N/A,4.76,N/A,12.40420929358923,N/A,6.39746811368933,N/A,N/A
188,FMC,124.69,N/A,21.5,N/A,4.62,N/A,2.69,N/A,13.012459429201023,N/A,7.867426476276431,N/A,N/A
189,FOX,31.2,N/A,,N/A,,N/A,,N/A,,N/A,,N/A,N/A
190,FOXA,34,N/A,17.26,N/A,1.52,N/A,1.24,N/A,6.664426758934592,N/A,1.399808070745698,N/A,N/A
191,FRC,12.58,N/A,1.53,N/A,0.1636,N/A,0.3347,N/A,0.9686913339048435,N/A,0.34004768010833586,N/A,N/A
192,FRT,97.98,N/A,,N/A,,N/A,,N/A,,N/A,,N/A,N/A
193,FTI,13.32,N/A,-55.85,N/A,1.81,N/A,0.8773,N/A,10.263637893175074,N/A,6.946248740377106,N/A,N/A
194,FTNT,67.82,N/A,63.98,N/A,-188.83,N/A,12.04,N/A,48.58765147292621,N/A,15.590330298574644,N/A,N/A
195,FTV,67.18,N/A,32.14,N/A,2.45,N/A,4.07,N/A,17.859809804881365,N/A,7.810547137420468,N/A,N/A
196,GD,229.96,N/A,18.86,N/A,3.4,N/A,1.6,N/A,14.215342320117763,N/A,10.93735565101178,N/A,N/A
197,GE,98.47,N/A,-1694.84,N/A,2.95,N/A,1.4,N/A,18.41256375132275,N/A,5.46306836577708,N/A,N/A
198,GILD,83.78,N/A,23.02,N/A,4.93,N/A,3.84,N/A,9.441829847824424,N/A,5.7098968238993715,N/A,N/A
199,GIS,87.48,N/A,18.85,N/A,5.02,N/A,2.57,N/A,16.521442171228703,N/A,9.464936714990513,N/A,N/A
200,GL,109.69,N/A,14.68,N/A,2.16,N/A,2.0,N/A,6.881529849043727,N/A,2.000849995294299,N/A,N/A
201,GLW,34.5,N/A,22.4,N/A,2.43,N/A,2.06,N/A,22.081676199871875,N/A,7.649688537061696,N/A,N/A
202,GM,35.33,N/A,5.76,N/A,0.7268,N/A,0.3144,N/A,1.5959685024509804,N/A,1.2000647788426098,N/A,N/A
203,GOOG,105.12,N/A,,N/A,,N/A,,N/A,,N/A,,N/A,N/A
204,GOOGL,104.5,N/A,25.55,N/A,4.88,N/A,4.42,N/A,12.727402196635365,N/A,7.347486191902229,N/A,N/A
205,GPC,166.47,N/A,20.03,N/A,6.18,N/A,1.06,N/A,13.310696473222977,N/A,3.3740923988876634,N/A,N/A
206,GPN,109.09,N/A,269.62,N/A,1.29,N/A,3.21,N/A,11.98212052180116,N/A,7.886312942836284,N/A,N/A
207,GPS,9.62,N/A,-17.48,N/A,1.58,N/A,0.2256,N/A,8.798209959660298,N/A,0.7732705525284568,N/A,N/A
208,GRMN,99.44,N/A,19.73,N/A,3.07,N/A,3.92,N/A,14.748958956044232,N/A,6.262099701614843,N/A,N/A
209,GS,333.91,N/A,11.11,N/A,1.05,N/A,1.62,N/A,6.99187175697886,N/A,1.6888512588338687,N/A,N/A
210,GWW,666.34,N/A,22.01,N/A,13.73,N/A,2.2,N/A,14.591303803453947,N/A,6.067028697213199,N/A,N/A
211,HAL,33.88,N/A,19.58,N/A,3.85,N/A,1.51,N/A,9.013593255669075,N/A,10.918065117718081,N/A,N/A
212,HAS,52.77,N/A,35.9,N/A,2.57,N/A,1.25,N/A,9.854723871263525,N/A,2.724419339907222,N/A,N/A
213,HBAN,11.6,N/A,8.0,N/A,1.08,N/A,2.12,N/A,5.87553636687631,N/A,2.1949856522647173,N/A,N/A
214,HBI,4.83,N/A,-13.29,N/A,4.24,N/A,0.2708,N/A,8.482655353364908,N/A,2.390044748837067,N/A,N/A
215,HCA,271.45,N/A,14.17,N/A,-27.17,N/A,1.25,N/A,9.311223110963786,N/A,1.8653981916889413,N/A,N/A
216,HD,298.95,N/A,17.91,N/A,193.81,N/A,1.92,N/A,12.952872188269042,N/A,6.502205383985752,N/A,N/A
217,HES,145.8,N/A,21.54,N/A,5.68,N/A,3.94,N/A,9.12362267009009,N/A,4.471574162751678,N/A,N/A
218,HIG,70.01,N/A,12.87,N/A,1.64,N/A,0.978,N/A,5.2359717555661955,N/A,0.9780276371970307,N/A,N/A
219,HII,212.03,N/A,14.68,N/A,2.43,N/A,0.7929,N/A,11.82587387418655,N/A,7.571844244444445,N/A,N/A
220,HLT,147.02,N/A,32.45,N/A,-35.46,N/A,4.45,N/A,20.6628215518617,N/A,5.9963114768458965,N/A,N/A
221,HOLX,82.51,N/A,20.99,N/A,3.99,N/A,4.56,N/A,13.027767410686256,N/A,7.099125891268646,N/A,N/A
222,HON,196.93,N/A,27.09,N/A,7.85,N/A,3.7,N/A,18.273103662376496,N/A,12.074281708702001,N/A,N/A
223,HPE,15.78,N/A,24.33,N/A,1.02,N/A,0.6969,N/A,10.63247602412961,N/A,3.0353092841960243,N/A,N/A
224,HPQ,31.22,N/A,12.29,N/A,-8.25,N/A,0.5146,N/A,7.865441772853186,N/A,3.3805547002296112,N/A,N/A
225,HRB,33.93,N/A,10.91,N/A,-8.03,N/A,1.49,N/A,8.27983145133126,N/A,4.500398132496904,N/A,N/A
226,HRL,39.75,N/A,22.33,N/A,2.85,N/A,1.75,N/A,15.729718504269373,N/A,11.503247198837638,N/A,N/A
227,HSIC,82.7,N/A,18.02,N/A,3.0,N/A,0.8607,N/A,11.301705065001023,N/A,3.0885038278852655,N/A,N/A
228,HST,16.63,N/A,18.85,N/A,1.77,N/A,2.42,N/A,10.816250305263157,N/A,4.739593076568266,N/A,N/A
229,HSY,259.6,N/A,39.82,N/A,11.56,N/A,3.66,N/A,16.07597040127038,N/A,9.439982943839281,N/A,N/A
230,HUM,512.68,N/A,23.22,N/A,4.18,N/A,0.6899,N/A,16.75826858446171,N/A,0.8129212875309573,N/A,N/A
231,HWM,43.36,N/A,39.06,N/A,5.04,N/A,3.15,N/A,17.11841211532258,N/A,13.606942963461538,N/A,N/A
232,IBM,127.78,N/A,70.99,N/A,5.28,N/A,1.91,N/A,11.656773905679279,N/A,4.627690741984826,N/A,N/A
233,ICE,107.49,N/A,41.66,N/A,2.65,N/A,6.24,N/A,16.061670781394373,N/A,7.937492347550851,N/A,N/A
234,IDXX,482.12,N/A,60.04,N/A,65.71,N/A,11.88,N/A,40.803512411135245,N/A,20.57471438000976,N/A,N/A
235,IEX,220.55,N/A,28.57,N/A,5.48,N/A,5.24,N/A,19.807225368609465,N/A,12.408493066788143,N/A,N/A
236,IFF,96.05,N/A,-13.1,N/A,1.39,N/A,1.97,N/A,19.655185994382023,N/A,8.428386188870151,N/A,N/A
237,ILMN,228.28,N/A,-8.14,N/A,5.47,N/A,7.87,N/A,69.76516129032258,N/A,11.690378378378378,N/A,N/A
238,INCY,73.8,N/A,48.55,N/A,3.77,N/A,4.85,N/A,19.85133031972515,N/A,4.156405253043163,N/A,N/A
239,INFO,108.61,N/A,36.08,N/A,4.83,N/A,9.83,N/A,28.358807487278074,N/A,17.00297881958099,N/A,N/A
240,INTC,31.83,N/A,16.41,N/A,1.3,N/A,2.09,N/A,9.458962331663523,N/A,5.411810838978635,N/A,N/A
241,INTU,442.59,N/A,64.71,N/A,7.84,N/A,9.07,N/A,38.966222781297134,N/A,11.768679712099125,N/A,N/A
242,IP,36.49,N/A,8.9,N/A,1.5,N/A,0.6024,N/A,7.040658392037303,N/A,3.2617739443336657,N/A,N/A
243,IPG,38.41,N/A,16.21,N/A,4.07,N/A,1.36,N/A,8.628793136910163,N/A,1.3922553541426455,N/A,N/A
244,IPGP,114.8,N/A,53.15,N/A,2.28,N/A,3.8,N/A,13.259470855708814,N/A,7.686374018973268,N/A,N/A
245,IQV,202.73,N/A,35.44,N/A,6.55,N/A,2.62,N/A,16.729170491680815,N/A,9.798609208035003,N/A,N/A
246,IR,56.32,N/A,38.31,N/A,2.48,N/A,3.85,N/A,19.4720776240039,N/A,10.297024880460956,N/A,N/A
247,IRM,52.73,N/A,27.75,N/A,24.15,N/A,3.01,N/A,14.545486010585853,N/A,8.85308297471842,N/A,N/A
248,ISRG,269.28,N/A,73.78,N/A,8.54,N/A,15.16,N/A,46.422876547943794,N/A,21.495473509294566,N/A,N/A
249,IT,317.75,N/A,31.9,N/A,110.43,N/A,4.59,N/A,20.688698523054175,N/A,7.117443995161386,N/A,N/A
250,ITW,235.32,N/A,24.09,N/A,23.23,N/A,4.5,N/A,20.07785556880734,N/A,12.115255305551283,N/A,N/A
251,IVZ,17.41,N/A,11.68,N/A,0.5204,N/A,1.31,N/A,9.782640007290562,N/A,2.440120888591314,N/A,N/A
252,J,115.54,N/A,,N/A,,N/A,,N/A,,N/A,,N/A,N/A
253,JBHT,174.92,N/A,18.99,N/A,4.95,N/A,1.23,N/A,9.797878631508047,N/A,1.3946780261526035,N/A,N/A
254,JCI,58.19,N/A,31.8,N/A,2.24,N/A,1.41,N/A,12.840441888759802,N/A,5.174955100433103,N/A,N/A
255,JKHY,154.58,N/A,32.07,N/A,7.47,N/A,5.65,N/A,17.842146875348114,N/A,14.004778194050605,N/A,N/A
256,JNJ,161.01,N/A,23.92,N/A,6.54,N/A,5.29,N/A,16.482256124523143,N/A,8.119551612318727,N/A,N/A
257,JNPR,33.14,N/A,23.17,N/A,2.38,N/A,2.01,N/A,14.836787922095187,N/A,3.7725152536929993,N/A,N/A
258,JPM,141.4,N/A,11.71,N/A,1.56,N/A,2.68,N/A,7.789025802036943,N/A,2.7931280776466783,N/A,N/A
259,K,67.76,N/A,24.29,N/A,5.88,N/A,1.51,N/A,13.867775959472196,N/A,6.376472499674973,N/A,N/A
260,KEY,12.09,N/A,6.26,N/A,1.02,N/A,1.38,N/A,4.526942732793522,N/A,1.4658558665443104,N/A,N/A
261,KEYS,150.27,N/A,23.55,N/A,6.08,N/A,4.82,N/A,16.510286210658307,N/A,7.46214409351091,N/A,N/A
262,KHC,39.46,N/A,20.66,N/A,0.9946,N/A,1.83,N/A,12.307915624087592,N/A,8.30428190347205,N/A,N/A
263,KIM,19.1,N/A,,N/A,,N/A,,N/A,,N/A,,N/A,N/A
264,KLAC,371.21,N/A,15.33,N/A,19.75,N/A,4.9,N/A,11.938781000435588,N/A,8.589024271816433,N/A,N/A
265,KMB,138.73,N/A,24.25,N/A,85.58,N/A,2.32,N/A,15.624275738882554,N/A,8.813307491879723,N/A,N/A
266,KMI,17.7,N/A,15.8,N/A,1.29,N/A,2.07,N/A,10.087298286670464,N/A,7.122474466465561,N/A,N/A
267,KMX,69.07,N/A,22.8,N/A,1.95,N/A,0.3678,N/A,12.93298906837388,N/A,4.508898311301002,N/A,N/A
268,KO,63.56,N/A,29.02,N/A,11.41,N/A,6.39,N/A,20.362007282310177,N/A,12.097983530075188,N/A,N/A
269,KR,47.85,N/A,15.49,N/A,3.42,N/A,0.2316,N/A,6.584941673388803,N/A,1.4693757129460634,N/A,N/A
270,KSS,23.3,N/A,-147.19,N/A,0.6857,N/A,0.1426,N/A,6.930126585388995,N/A,1.099887580334287,N/A,N/A
271,KSU,293.59,N/A,279.61,N/A,6.85,N/A,9.23,N/A,19.995968414041165,N/A,10.377112025994677,N/A,N/A
272,L,57.51,N/A,13.82,N/A,0.9096,N/A,0.932,N/A,5.8447720530098835,N/A,1.3699069131686088,N/A,N/A
273,LB,79.92,N/A,15.92,N/A,-41.12,N/A,1.66,N/A,8.217010436766186,N/A,4.228363216295529,N/A,N/A
274,LDOS,93.06,N/A,18.76,N/A,2.97,N/A,0.8858,N/A,11.607396082543978,N/A,8.232116799424185,N/A,N/A
275,LEG,32,N/A,14.1,N/A,2.6,N/A,0.8274,N/A,11.001010722474977,N/A,6.188631646191646,N/A,N/A
276,LEN,109.25,N/A,6.76,N/A,1.27,N/A,0.9158,N/A,4.805406780795905,N/A,4.470202301219327,N/A,N/A
277,LH,230.25,N/A,16.49,N/A,2.02,N/A,1.37,N/A,10.600710833785872,N/A,5.7871067170646056,N/A,N/A
278,LHX,204.43,N/A,37.24,N/A,2.1,N/A,2.28,N/A,15.695086650854552,N/A,9.132903070428252,N/A,N/A
279,LIN,364.87,N/A,,N/A,,N/A,,N/A,,N/A,,N/A,N/A
280,LKQ,56.54,N/A,13.69,N/A,2.77,N/A,1.18,N/A,10.34944347218935,N/A,3.348757317250622,N/A,N/A
281,LLY,369.91,N/A,53.61,N/A,33.01,N/A,12.32,N/A,37.29007232104785,N/A,16.682982984172767,N/A,N/A
282,LMT,501.41,N/A,23.15,N/A,13.77,N/A,1.93,N/A,14.184789874911662,N/A,16.752157351973292,N/A,N/A
283,LNC,21.39,N/A,-1.63,N/A,1.01,N/A,0.1969,N/A,-1.8204497901606427,N/A,0.19685880147657564,N/A,N/A
284,LNT,54.34,N/A,19.9,N/A,2.18,N/A,3.25,N/A,13.550488024848486,N/A,9.265770924575218,N/A,N/A
285,LOW,208.1,N/A,20.46,N/A,-8.71,N/A,1.28,N/A,13.109411984402517,N/A,4.8463818059335955,N/A,N/A
286,LRCX,495.37,N/A,13.34,N/A,8.05,N/A,3.51,N/A,10.537542961629397,N/A,7.793312305764757,N/A,N/A
287,LUV,32.06,N/A,38.18,N/A,1.78,N/A,0.8009,N/A,6.279005576858108,N/A,0.6243673975812547,N/A,N/A
288,LVS,59.35,N/A,24.73,N/A,11.69,N/A,11.04,N/A,178.65748947727272,N/A,33.65535581590214,N/A,N/A
289,LW,109.65,N/A,29.24,N/A,22.35,N/A,3.32,N/A,18.132623763461915,N/A,14.171445337822327,N/A,N/A
290,LYB,97.15,N/A,8.22,N/A,2.51,N/A,0.6267,N/A,6.331771901117666,N/A,6.176449816323441,N/A,N/A
291,LYV,67.71,N/A,52.9,N/A,-42.66,N/A,0.94,N/A,13.767292652055044,N/A,0.9578468026444534,N/A,N/A
292,MA,372.32,N/A,36.39,N/A,55.91,N/A,15.83,N/A,26.830709600598354,N/A,16.131968672033096,N/A,N/A
293,MAA,149.19,N/A,27.22,N/A,2.9,N/A,8.61,N/A,18.54065719633745,N/A,10.778747838718013,N/A,N/A
294,MAR,173.66,N/A,23.99,N/A,94.2,N/A,2.58,N/A,17.11406254328358,N/A,3.035927428488904,N/A,N/A
295,MAS,50.06,N/A,13.79,N/A,-23.51,N/A,1.3,N/A,9.563832153898769,N/A,5.153823298562477,N/A,N/A
296,MCD,290.91,N/A,34.92,N/A,-35.38,N/A,9.16,N/A,22.565506435066126,N/A,10.598174236927695,N/A,N/A
297,MCHP,80.77,N/A,21.83,N/A,7.01,N/A,5.5,N/A,14.284378861381942,N/A,9.361969735321356,N/A,N/A
298,MCK,360.26,N/A,16.69,N/A,-20.1,N/A,0.1801,N/A,10.781200634071967,N/A,4.205608716812054,N/A,N/A
299,MCO,305.33,N/A,41.04,N/A,22.21,N/A,10.23,N/A,26.220689834968017,N/A,11.244973969092904,N/A,N/A
300,MDLZ,70.5,N/A,35.97,N/A,3.57,N/A,3.05,N/A,27.15334093855785,N/A,10.352931353253183,N/A,N/A
301,MDT,81.65,N/A,26.86,N/A,2.11,N/A,3.53,N/A,16.957356338822894,N/A,6.145496588131696,N/A,N/A
302,MET,61.31,N/A,21.07,N/A,1.12,N/A,0.4337,N/A,6.328966841336117,N/A,0.4337141430369968,N/A,N/A
303,MGM,44.59,N/A,12.78,N/A,3.44,N/A,1.27,N/A,12.141243252226023,N/A,3.012906386622477,N/A,N/A
304,MHK,98.51,N/A,249.96,N/A,0.783,N/A,0.5345,N/A,5.488532634689981,N/A,2.8631188319325847,N/A,N/A
305,MKC,85.15,N/A,34.47,N/A,4.69,N/A,3.57,N/A,23.876857927523726,N/A,12.15339408783487,N/A,N/A
306,MKTX,336.84,N/A,50.65,N/A,11.72,N/A,17.51,N/A,32.169759690493365,N/A,17.513292959051068,N/A,N/A
307,MLM,353.45,N/A,25.48,N/A,3.06,N/A,3.56,N/A,15.445944933209432,N/A,18.685328452188575,N/A,N/A
308,MMC,174.89,N/A,28.96,N/A,8.23,N/A,4.18,N/A,19.330722464492897,N/A,4.663816679536679,N/A,N/A
309,MMM,106.27,N/A,10.44,N/A,3.98,N/A,1.71,N/A,11.930768836875844,N/A,4.715983040941522,N/A,N/A
310,MNST,52.68,N/A,23.62,N/A,3.92,N/A,4.36,N/A,15.098203955498365,N/A,7.828176245453317,N/A,N/A
311,MO,46.14,N/A,14.46,N/A,-20.74,N/A,3.28,N/A,12.354510906867356,N/A,5.632184022300847,N/A,N/A
312,MOS,46.24,N/A,4.6,N/A,1.27,N/A,0.8029,N/A,3.084078495063565,N/A,3.1694883620000693,N/A,N/A
313,MPC,129.06,N/A,4.59,N/A,2.07,N/A,0.3226,N/A,3.0661763458070523,N/A,2.726605827856202,N/A,N/A
314,MRK,114.83,N/A,20.11,N/A,6.34,N/A,4.92,N/A,13.924815149655265,N/A,7.379766263517387,N/A,N/A
315,MRO,24.74,N/A,4.7,N/A,1.35,N/A,2.04,N/A,3.674997231361568,N/A,3.0655378364963504,N/A,N/A
316,MS,89.85,N/A,14.61,N/A,1.64,N/A,2.28,N/A,8.307745930613148,N/A,2.2886286195777994,N/A,N/A
317,MSCI,544.46,N/A,50.79,N/A,-43.19,N/A,19.36,N/A,35.495603246651356,N/A,25.513471067752487,N/A,N/A
318,MSFT,288.37,N/A,32.08,N/A,11.72,N/A,10.52,N/A,21.5986559951652,N/A,15.061301306958523,N/A,N/A
319,MSI,290.5,N/A,36.63,N/A,418.85,N/A,5.33,N/A,26.399973055500496,N/A,12.597575224875857,N/A,N/A
320,MTB,125.73,N/A,10.9,N/A,0.9065,N/A,2.45,N/A,7.922829547384885,N/A,2.6108643207479996,N/A,N/A
321,MTD,1589.22,N/A,41.38,N/A,1414.68,N/A,8.95,N/A,31.02225021321488,N/A,16.027767894605038,N/A,N/A
322,MU,61.93,N/A,42.42,N/A,1.43,N/A,2.94,N/A,7.185453278982875,N/A,10.912963799337957,N/A,N/A
323,MXIM,103.14,N/A,33.82,N/A,,N/A,,N/A,,N/A,,N/A,N/A
324,MYL,15.855,N/A,30.76,N/A,,N/A,,N/A,,N/A,,N/A,N/A
325,NBL,8.45,N/A,-0.73,N/A,,N/A,,N/A,,N/A,,N/A,N/A
326,NCLH,13.11,N/A,-2.42,N/A,80.64,N/A,1.14,N/A,-22.688609335880592,N/A,5.149938922198373,N/A,N/A
327,NDAQ,55.61,N/A,24.61,N/A,4.42,N/A,4.37,N/A,16.456643273333334,N/A,8.958809152149637,N/A,N/A
328,NEE,78.3,N/A,37.29,N/A,4.04,N/A,7.56,N/A,26.83556835402299,N/A,15.225919712088968,N/A,N/A
329,NEM,48.86,N/A,-90.55,N/A,2.0,N/A,3.26,N/A,10.561913746215037,N/A,7.556412313016339,N/A,N/A
330,NFLX,333.7,N/A,33.54,N/A,7.1,N/A,4.66,N/A,7.787776696875745,N/A,12.510508788075132,N/A,N/A
331,NI,28.19,N/A,16.68,N/A,1.93,N/A,1.99,N/A,11.560068902845037,N/A,6.127290872703939,N/A,N/A
332,NKE,126.21,N/A,36.37,N/A,10.7,N/A,3.07,N/A,22.47911277409946,N/A,6.943210643783784,N/A,N/A
333,NLOK,21.62,N/A,15.01,N/A,-41.39,N/A,4.39,N/A,13.22274256972477,N/A,5.982893068078041,N/A,N/A
334,NLSN,27.98,N/A,19.03,N/A,2.9,N/A,2.85,N/A,11.156418415555555,N/A,6.690877326077299,N/A,N/A
335,NOC,479.47,N/A,15.24,N/A,4.76,N/A,1.99,N/A,16.615421660934654,N/A,10.988764954508964,N/A,N/A
336,NOV,18.49,N/A,47.0,N/A,1.43,N/A,1.01,N/A,12.91630637756714,N/A,6.128951976761619,N/A,N/A
337,NOW,475.99,N/A,297.49,N/A,19.27,N/A,13.39,N/A,119.52316196319796,N/A,16.605121937059238,N/A,N/A
338,NRG,34.66,N/A,6.7,N/A,2.1,N/A,0.2552,N/A,5.467693486382681,N/A,3.8324704221732744,N/A,N/A
339,NSC,209.69,N/A,15.12,N/A,4.08,N/A,4.08,N/A,11.064412323217248,N/A,5.2348690709297765,N/A,N/A
340,NTAP,67.96,N/A,11.76,N/A,13.19,N/A,2.25,N/A,10.053949059080963,N/A,3.2640218233483305,N/A,N/A
341,NTRS,85.99,N/A,14.0,N/A,1.72,N/A,2.3,N/A,7.700545573947153,N/A,2.3081638405881364,N/A,N/A
342,NUE,151.08,N/A,5.25,N/A,2.07,N/A,0.9169,N/A,3.445748126303607,N/A,3.190876505444971,N/A,N/A
343,NVDA,276.67,N/A,159.01,N/A,30.92,N/A,25.33,N/A,95.63711557365538,N/A,44.349563688460535,N/A,N/A
344,NVR,5829.84,N/A,11.86,N/A,5.4,N/A,1.79,N/A,7.633886579247826,N/A,5.953886137023207,N/A,N/A
345,NWL,12.57,N/A,26.63,N/A,1.48,N/A,0.5503,N/A,9.38521443573382,N/A,3.632879405786874,N/A,N/A
346,NWS,17.45,N/A,,N/A,,N/A,,N/A,,N/A,,N/A,N/A
347,NWSA,17.27,N/A,33.82,N/A,1.23,N/A,0.9814,N/A,8.385831433189654,N/A,1.1483597988194787,N/A,N/A
348,O,61.11,N/A,43.04,N/A,1.41,N/A,12.07,N/A,20.07583766326487,N/A,17.49216588484368,N/A,N/A
349,ODFL,343.4,N/A,28.19,N/A,10.34,N/A,6.03,N/A,17.773663196928023,N/A,6.009701312459895,N/A,N/A
350,OKE,66.74,N/A,17.38,N/A,4.6,N/A,1.33,N/A,12.080274307082597,N/A,9.66327558696331,N/A,N/A
351,OMC,96.14,N/A,15.12,N/A,5.95,N/A,1.36,N/A,8.514052689464338,N/A,1.4427133813186275,N/A,N/A
352,ORCL,96.47,N/A,31.94,N/A,-107.58,N/A,5.43,N/A,20.155609608027227,N/A,9.614619575099367,N/A,N/A
353,ORLY,909.92,N/A,27.21,N/A,-53.04,N/A,3.9,N/A,18.272524590149086,N/A,8.199506861015598,N/A,N/A
354,OTIS,82.29,N/A,27.8,N/A,-6.98,N/A,2.48,N/A,18.009438796178344,N/A,10.098149610714286,N/A,N/A
355,OXY,63,N/A,5.08,N/A,2.78,N/A,1.54,N/A,3.3296073137938644,N/A,2.261090905368544,N/A,N/A
356,PAYC,305.26,N/A,63.07,N/A,15.57,N/A,13.39,N/A,38.26492246986495,N/A,14.963549909906323,N/A,N/A
357,PAYX,109.3,N/A,26.34,N/A,11.59,N/A,8.01,N/A,17.933989321703628,N/A,11.11220622779279,N/A,N/A
358,PBCT,19.41,N/A,13.96,N/A,,N/A,,N/A,,N/A,,N/A,N/A
359,PCAR,73.08,N/A,19.03,N/A,2.9,N/A,1.33,N/A,7.1673419528732545,N/A,5.799068967084299,N/A,N/A
360,PEAK,21.21,N/A,22.97,N/A,1.74,N/A,5.63,N/A,9.583393683824465,N/A,5.628681217245672,N/A,N/A
361,PEG,63.81,N/A,30.98,N/A,2.32,N/A,3.25,N/A,19.721737187547745,N/A,8.929696983223797,N/A,N/A
362,PEP,184.83,N/A,28.79,N/A,14.84,N/A,2.95,N/A,19.696117215549634,N/A,6.292388416361097,N/A,N/A
363,PFE,40.55,N/A,7.41,N/A,2.39,N/A,2.28,N/A,5.713754804769776,N/A,3.6671038702452035,N/A,N/A
364,PFG,76.98,N/A,4.08,N/A,1.87,N/A,1.07,N/A,2.942821948552549,N/A,1.069346217898877,N/A,N/A
365,PG,151.21,N/A,27.1,N/A,8.18,N/A,4.44,N/A,19.16679180810999,N/A,10.28479494135258,N/A,N/A
366,PGR,138.6,N/A,117.46,N/A,5.27,N/A,1.64,N/A,54.37423074391797,N/A,1.635085333589954,N/A,N/A
367,PH,324.7,N/A,33.51,N/A,4.47,N/A,2.42,N/A,16.062325267422516,N/A,10.473504689850506,N/A,N/A
368,PHM,62.59,N/A,5.68,N/A,1.57,N/A,0.8651,N/A,4.290023171809235,N/A,3.1093305722745153,N/A,N/A
369,PKG,142.88,N/A,12.97,N/A,3.5,N/A,1.51,N/A,7.69737476635032,N/A,7.138462736534966,N/A,N/A
370,PKI,134.13,N/A,29.81,N/A,2.3,N/A,5.12,N/A,17.864046688934504,N/A,10.501177260368976,N/A,N/A
371,PLD,123.71,N/A,29.88,N/A,2.15,N/A,19.12,N/A,27.60369189208566,N/A,23.07407788165175,N/A,N/A
372,PM,101.33,N/A,17.44,N/A,-17.56,N/A,4.95,N/A,14.52955668751842,N/A,9.685419615078585,N/A,N/A
373,PNC,124.76,N/A,9.01,N/A,1.09,N/A,2.12,N/A,6.137905730797637,N/A,2.1619053178842402,N/A,N/A
374,PNR,52.88,N/A,18.23,N/A,3.22,N/A,2.12,N/A,15.572642809517026,N/A,8.009994128682397,N/A,N/A
375,PNW,79.01,N/A,18.55,N/A,1.48,N/A,2.07,N/A,11.498074150262674,N/A,6.336027011452883,N/A,N/A
376,PPG,141.61,N/A,32.78,N/A,5.06,N/A,1.89,N/A,16.96000172814267,N/A,5.9473831563453325,N/A,N/A
377,PPL,28.49,N/A,27.93,N/A,1.51,N/A,2.66,N/A,13.643816853228962,N/A,6.596017419110691,N/A,N/A
378,PRGO,36.31,N/A,-34.58,N/A,1.01,N/A,1.1,N/A,18.286126623913045,N/A,5.779592034492236,N/A,N/A
379,PRU,87,N/A,-22.14,N/A,1.96,N/A,0.5317,N/A,-39.66055955403727,N/A,0.5316694494754372,N/A,N/A
380,PSA,290.58,N/A,12.37,N/A,8.93,N/A,12.21,N/A,18.082561864694622,N/A,18.27213297186296,N/A,N/A
381,PSX,104.31,N/A,4.49,N/A,1.64,N/A,0.2847,N/A,3.511142604807749,N/A,2.963762859806561,N/A,N/A
382,PVH,86.62,N/A,28.59,N/A,1.08,N/A,0.602,N/A,6.576069496081647,N/A,1.4086901296140857,N/A,N/A
383,PWR,167.79,N/A,50.54,N/A,4.52,N/A,1.43,N/A,22.216742639226933,N/A,10.935606982964666,N/A,N/A
384,PXD,228.48,N/A,7.35,N/A,2.37,N/A,2.19,N/A,4.5649075869929066,N/A,2.34891303699147,N/A,N/A
385,PYPL,76.42,N/A,36.56,N/A,4.23,N/A,3.12,N/A,15.921252589255737,N/A,3.1017455894687114,N/A,N/A
386,QCOM,118.36,N/A,11.4,N/A,7.02,N/A,3.07,N/A,9.242171683975286,N/A,5.720055325034578,N/A,N/A
387,QRVO,93.53,N/A,21.65,N/A,2.24,N/A,2.28,N/A,10.60730079547492,N/A,5.975019962717545,N/A,N/A
388,RCL,64.45,N/A,-7.63,N/A,5.74,N/A,1.86,N/A,54.16451908224638,N/A,7.345774146760721,N/A,N/A
389,RE,369.65,N/A,24.14,N/A,1.93,N/A,1.35,N/A,27.72303081632653,N/A,1.3516701592039801,N/A,N/A
390,REG,60.68,N/A,21.59,N/A,1.7,N/A,8.49,N/A,14.625700049644113,N/A,11.480956232812808,N/A,N/A
391,REGN,808.01,N/A,21.14,N/A,3.83,N/A,7.14,N/A,15.599302823753694,N/A,7.194835350877964,N/A,N/A
392,RF,18.7,N/A,8.2,N/A,1.22,N/A,2.32,N/A,5.407272061881188,N/A,2.4072043118457302,N/A,N/A
393,RHI,75.66,N/A,12.55,N/A,5.2,N/A,1.13,N/A,7.678835701554027,N/A,2.4241134539239684,N/A,N/A
394,RJF,96.82,N/A,13.43,N/A,2.14,N/A,1.81,N/A,9.225812049115044,N/A,1.8302611684515449,N/A,N/A
395,RL,117.36,N/A,15.97,N/A,1.95,N/A,0.7506,N/A,4.793434206745784,N/A,1.101229976083993,N/A,N/A
396,RMD,222.89,N/A,40.53,N/A,8.76,N/A,8.7,N/A,30.9452395194883,N/A,15.837313932501658,N/A,N/A
397,ROK,276.86,N/A,30.06,N/A,10.9,N/A,4.03,N/A,21.87563027729636,N/A,11.16130373472288,N/A,N/A
398,ROL,39.2,N/A,52.36,N/A,15.24,N/A,7.17,N/A,32.96505006892259,N/A,13.8927438807459,N/A,N/A
399,ROP,441.72,N/A,10.38,N/A,2.93,N/A,8.74,N/A,24.279720147613354,N/A,14.06914288877638,N/A,N/A
400,ROST,103.69,N/A,23.67,N/A,8.27,N/A,1.9,N/A,13.992527215254094,N/A,7.026273483929907,N/A,N/A
401,RSG,137.64,N/A,29.35,N/A,4.49,N/A,3.22,N/A,15.338596992604538,N/A,10.397049858281665,N/A,N/A
402,RTX,104.66,N/A,29.9,N/A,2.11,N/A,2.28,N/A,19.020778141140184,N/A,13.08409102158326,N/A,N/A
403,SBAC,263.05,N/A,62.33,N/A,-5.4,N/A,10.82,N/A,24.2065548010483,N/A,20.980503248670097,N/A,N/A
404,SBUX,107.91,N/A,37.47,N/A,-14.3,N/A,3.77,N/A,22.013919401434737,N/A,4.1209633345283745,N/A,N/A
405,SCHW,54,N/A,15.43,N/A,3.6,N/A,4.34,N/A,9.095356558668673,N/A,4.336675140449186,N/A,N/A
406,SEE,46.85,N/A,14.03,N/A,19.66,N/A,1.2,N/A,10.121461733049559,N/A,5.6330567386767445,N/A,N/A
407,SHW,230.07,N/A,29.8,N/A,19.14,N/A,2.68,N/A,21.020906833649818,N/A,7.478854125103216,N/A,N/A
408,SIVB,106.04,N/A,4.18,N/A,,N/A,,N/A,,N/A,,N/A,N/A
409,SJM,152.6,N/A,23.09,N/A,1.95,N/A,1.95,N/A,15.482476220424823,N/A,7.653588353200553,N/A,N/A
410,SLB,52.17,N/A,21.83,N/A,4.21,N/A,2.65,N/A,12.974411659702879,N/A,16.245039361557836,N/A,N/A
411,SLG,24.5,N/A,-17.5,N/A,0.3473,N/A,1.91,N/A,21.450459148923482,N/A,8.700686638709435,N/A,N/A
412,SNA,242.24,N/A,14.4,N/A,2.87,N/A,2.66,N/A,10.183360747284688,N/A,5.440613722773896,N/A,N/A
413,SNPS,380.43,N/A,62.99,N/A,10.28,N/A,11.2,N/A,49.71921372529233,N/A,13.88164647365223,N/A,N/A
414,SO,72.58,N/A,22.26,N/A,2.61,N/A,2.71,N/A,14.104709587072483,N/A,7.727644740244112,N/A,N/A
415,SPG,111.3,N/A,17.07,N/A,11.74,N/A,6.87,N/A,13.614092895536366,N/A,11.472077945030914,N/A,N/A
416,SPGI,352.17,N/A,34.53,N/A,3.17,N/A,10.33,N/A,30.83253401823109,N/A,16.877849707349966,N/A,N/A
417,SRE,156.02,N/A,23.57,N/A,1.87,N/A,3.4,N/A,12.782466124629568,N/A,7.797599602390278,N/A,N/A
418,STE,183.77,N/A,-2271.57,N/A,3.14,N/A,3.82,N/A,16.65741454744651,N/A,9.728450702334262,N/A,N/A
419,STT,74.9,N/A,10.42,N/A,1.09,N/A,1.84,N/A,6.942351812947658,N/A,1.843237059757168,N/A,N/A
420,STX,64.27,N/A,22.24,N/A,-28.24,N/A,1.42,N/A,22.191278968862274,N/A,8.080993431748801,N/A,N/A
421,STZ,227.35,N/A,388.5,N/A,5.0,N/A,4.07,N/A,38.904255997980236,N/A,9.492734328962422,N/A,N/A
422,SWK,80.94,N/A,11.97,N/A,1.28,N/A,0.731,N/A,16.05422243334709,N/A,4.555175998407419,N/A,N/A
423,SWKS,110.84,N/A,15.14,N/A,3.18,N/A,3.33,N/A,12.042277931343092,N/A,7.453699745973965,N/A,N/A
424,SYF,30.25,N/A,4.92,N/A,1.07,N/A,0.69,N/A,2.9583502736818077,N/A,0.8411560584761163,N/A,N/A
425,SYK,290.92,N/A,47.15,N/A,6.64,N/A,5.98,N/A,33.091896316435,N/A,10.486627015460355,N/A,N/A
426,SYY,74.77,N/A,26.9,N/A,26.42,N/A,0.5158,N/A,13.777668846713853,N/A,3.6480665400033105,N/A,N/A
427,T,19.82,N/A,-17.23,N/A,1.45,N/A,1.17,N/A,6.415787647005126,N/A,3.92173315844219,N/A,N/A
428,TAP,57.32,N/A,-70.92,N/A,0.9187,N/A,1.09,N/A,10.209590177878209,N/A,4.820729833661633,N/A,N/A
429,TDG,762.43,N/A,51.55,N/A,-12.48,N/A,7.39,N/A,23.40668354911433,N/A,17.995110472299597,N/A,N/A
430,TDY,436.09,N/A,26.38,N/A,2.51,N/A,3.75,N/A,20.257867806935334,N/A,10.203261144487834,N/A,N/A
431,TEL,127.75,N/A,18.22,N/A,3.56,N/A,2.48,N/A,12.027518566648382,N/A,8.431519456642953,N/A,N/A
432,TFC,33.85,N/A,7.64,N/A,0.835,N/A,1.77,N/A,5.023750334339033,N/A,1.8291037772895562,N/A,N/A
433,TFX,259.69,N/A,33.81,N/A,3.03,N/A,4.37,N/A,18.29840573974278,N/A,8.893045721764995,N/A,N/A
434,TGT,162.4,N/A,27.16,N/A,6.66,N/A,0.6851,N/A,14.226393733033852,N/A,3.2975014740247666,N/A,N/A
435,TIF,131.46,N/A,55.7,N/A,4.89,N/A,4.35,N/A,24.55950397883598,N/A,7.146173960587666,N/A,N/A
436,TJX,77.76,N/A,26.18,N/A,14.08,N/A,1.79,N/A,15.226337327127197,N/A,6.346976181837963,N/A,N/A
437,TMO,584.86,N/A,33.16,N/A,5.13,N/A,5.02,N/A,21.470082010413112,N/A,13.259368553792632,N/A,N/A
438,TMUS,150.32,N/A,72.97,N/A,2.63,N/A,2.3,N/A,11.82165957785642,N/A,5.9314117167070215,N/A,N/A
439,TPR,42.12,N/A,12.69,N/A,4.3,N/A,1.51,N/A,8.448231647317225,N/A,2.357560024517315,N/A,N/A
440,TROW,113.42,N/A,16.93,N/A,2.88,N/A,3.92,N/A,11.089776335249542,N/A,3.9245953426114295,N/A,N/A
441,TRV,172,N/A,14.61,N/A,1.84,N/A,1.08,N/A,9.504169723444976,N/A,1.0770911355601345,N/A,N/A
442,TSCO,245.21,N/A,25.25,N/A,13.19,N/A,1.9,N/A,15.718075946918034,N/A,5.620609617787203,N/A,N/A
443,TSN,60.87,N/A,9.04,N/A,0.8854,N/A,0.3243,N/A,5.4204499014480225,N/A,4.461914551503291,N/A,N/A
444,TT,176.09,N/A,23.54,N/A,6.63,N/A,2.52,N/A,16.026825278030994,N/A,8.853039059982276,N/A,N/A
445,TTWO,124.31,N/A,-45.2,N/A,2.2,N/A,4.34,N/A,-99.68226594773232,N/A,8.838724673511006,N/A,N/A
446,TWTR,53.7,N/A,-366.8,N/A,6.93,N/A,7.86,N/A,121.33116240105223,N/A,12.643827104497506,N/A,N/A
447,TXN,180.32,N/A,19.16,N/A,11.21,N/A,8.16,N/A,14.335006061357243,N/A,11.841916269987655,N/A,N/A
448,TXT,69.34,N/A,17.29,N/A,1.99,N/A,1.1,N/A,13.078262230179028,N/A,7.414597194780087,N/A,N/A
449,TYL,375,N/A,96.9,N/A,5.99,N/A,8.49,N/A,58.440771004434296,N/A,20.86016912964814,N/A,N/A
450,UA,8.28,N/A,,N/A,,N/A,,N/A,,N/A,,N/A,N/A
451,UAA,9.17,N/A,11.94,N/A,1.7,N/A,0.6256,N/A,3.808525523492731,N/A,0.8906841973385278,N/A,N/A
452,UAL,43.04,N/A,19.3,N/A,2.05,N/A,0.314,N/A,5.902041189945266,N/A,0.6476425134022912,N/A,N/A
453,UDR,41.2,N/A,161.13,N/A,3.35,N/A,8.94,N/A,20.71403082086014,N/A,12.553195264751356,N/A,N/A
454,UHS,136.8,N/A,14.97,N/A,1.45,N/A,0.641,N/A,8.385696356035261,N/A,0.9921971834496697,N/A,N/A
455,ULTA,541.52,N/A,22.55,N/A,13.87,N/A,2.66,N/A,14.065968501294162,N/A,6.538188209449352,N/A,N/A
456,UNH,504.48,N/A,23.82,N/A,6.05,N/A,1.45,N/A,16.592601029590075,N/A,1.818588695055068,N/A,N/A
457,UNM,41.23,N/A,6.34,N/A,0.8857,N/A,0.6794,N/A,3.665509942404608,N/A,0.6793619628054374,N/A,N/A
458,UNP,199.47,N/A,17.79,N/A,10.01,N/A,4.89,N/A,12.664164886952232,N/A,6.192331156582915,N/A,N/A
459,UPS,194.12,N/A,14.71,N/A,7.09,N/A,1.4,N/A,9.358642395037466,N/A,1.5186411476808388,N/A,N/A
460,URI,387.28,N/A,13.06,N/A,3.81,N/A,2.31,N/A,6.9986122048082215,N/A,5.568030063366915,N/A,N/A
461,USB,35.19,N/A,9.54,N/A,1.23,N/A,1.97,N/A,6.8710863838113445,N/A,2.1201885101085587,N/A,N/A
462,V,233.6,N/A,32.67,N/A,10.86,N/A,12.57,N/A,18.348148275453077,N/A,12.811550314705006,N/A,N/A
463,VAR,177.07,N/A,58.44,N/A,7.27,N/A,5.22,N/A,29.816901458689458,N/A,11.463851773039288,N/A,N/A
464,VFC,22.78,N/A,20.9,N/A,2.87,N/A,0.7509,N/A,9.390653951700708,N/A,2.278533878325137,N/A,N/A
465,VLO,127.11,N/A,4.38,N/A,2.0,N/A,0.2675,N/A,2.960380968173837,N/A,2.106351570062078,N/A,N/A
466,VMC,172.36,N/A,39.99,N/A,3.31,N/A,3.14,N/A,16.75834104755341,N/A,17.171463148231368,N/A,N/A
467,VNO,15.23,N/A,-7.15,N/A,0.6275,N/A,1.62,N/A,23.547213464159945,N/A,5.527645224570068,N/A,N/A
468,VRSK,193.14,N/A,32.19,N/A,15.95,N/A,11.17,N/A,24.420135517081107,N/A,18.849529382324803,N/A,N/A
469,VRSN,217.97,N/A,34.93,N/A,-14.63,N/A,16.04,N/A,23.907113683838382,N/A,19.333477002940697,N/A,N/A
470,VRTX,325.15,N/A,25.36,N/A,6.01,N/A,9.36,N/A,16.236431761304473,N/A,9.335369158386834,N/A,N/A
471,VTR,44.31,N/A,-376.79,N/A,1.75,N/A,4.29,N/A,15.657111004530275,N/A,4.2929382211003455,N/A,N/A
472,VZ,38.94,N/A,7.7,N/A,1.79,N/A,1.2,N/A,6.544369703150599,N/A,4.009902467980232,N/A,N/A
473,WAB,100.75,N/A,29.12,N/A,1.8,N/A,2.17,N/A,16.371916730098558,N/A,8.501794553937009,N/A,N/A
474,WAT,308.39,N/A,26.29,N/A,36.08,N/A,6.12,N/A,21.69025140013355,N/A,11.19330994376293,N/A,N/A
475,WBA,35.58,N/A,-9.77,N/A,1.45,N/A,0.2303,N/A,-8.3168463116316,N/A,1.5524368921081881,N/A,N/A
476,WDC,35.72,N/A,-121.95,N/A,0.9415,N/A,0.7241,N/A,9.69421704962055,N/A,4.016008175574365,N/A,N/A
477,WEC,95.74,N/A,21.51,N/A,2.65,N/A,3.15,N/A,14.643005398118156,N/A,9.060857496993414,N/A,N/A
478,WELL,75.45,N/A,248.52,N/A,1.85,N/A,6.39,N/A,25.307081869803643,N/A,6.400603940826915,N/A,N/A
479,WFC,41.87,N/A,13.33,N/A,0.9857,N/A,1.91,N/A,7.252438202421352,N/A,1.944625483455272,N/A,N/A
480,WHR,139.59,N/A,-5.14,N/A,3.26,N/A,0.3858,N/A,10.750507745542949,N/A,4.316995300357957,N/A,N/A
481,WM,165.38,N/A,30.68,N/A,9.82,N/A,3.42,N/A,15.170246378588628,N/A,11.06215021582928,N/A,N/A
482,WMB,30.16,N/A,18.06,N/A,3.21,N/A,3.35,N/A,10.455264184293746,N/A,7.834566052790943,N/A,N/A
483,WMT,149.85,N/A,35.09,N/A,5.27,N/A,0.6608,N/A,14.022919120262646,N/A,2.9812767101268567,N/A,N/A
484,WRB,62.94,N/A,12.74,N/A,2.46,N/A,1.48,N/A,9.338674454662858,N/A,1.4849158580500477,N/A,N/A
485,WRK,30.67,N/A,9.83,N/A,0.6771,N/A,0.3679,N/A,5.275802017025005,N/A,4.2257464179179305,N/A,N/A
486,WST,362.06,N/A,46.84,N/A,10.02,N/A,9.31,N/A,29.04863513136016,N/A,23.063522048935045,N/A,N/A
487,WU,11.04,N/A,4.72,N/A,8.65,N/A,0.9236,N/A,5.1132442444090955,N/A,2.9552345054350764,N/A,N/A
488,WY,31.42,N/A,12.42,N/A,2.14,N/A,2.26,N/A,7.35622148542881,N/A,7.321675693922652,N/A,N/A
489,WYNN,112.15,N/A,-30.07,N/A,-16.98,N/A,3.39,N/A,51.78972787456701,N/A,15.442061487097295,N/A,N/A
490,XEL,69.76,N/A,22.01,N/A,2.3,N/A,2.51,N/A,12.927927027680951,N/A,7.549934153275057,N/A,N/A
491,XLNX,194.92,N/A,52.54,N/A,,N/A,,N/A,,N/A,,N/A,N/A
492,XOM,116.94,N/A,8.82,N/A,2.43,N/A,1.18,N/A,4.717500025418878,N/A,1.2089167790521038,N/A,N/A
493,XRAY,40.56,N/A,-9.2,N/A,2.29,N/A,2.23,N/A,15.722681446646341,N/A,4.849120370944993,N/A,N/A
494,XRX,14.73,N/A,-6.85,N/A,0.6916,N/A,0.3253,N/A,19.49026527237354,N/A,2.064714828936521,N/A,N/A
495,XYL,104.19,N/A,53.16,N/A,5.39,N/A,3.41,N/A,22.27121622322435,N/A,9.479159688099807,N/A,N/A
496,YUM,137.58,N/A,30.11,N/A,-4.34,N/A,5.63,N/A,21.626130476437528,N/A,9.81385909201491,N/A,N/A
497,ZBH,134.32,N/A,122.11,N/A,2.34,N/A,4.04,N/A,19.051194149597762,N/A,6.786242579058613,N/A,N/A
498,ZBRA,300.63,N/A,34.12,N/A,5.65,N/A,2.67,N/A,16.20352974347015,N/A,6.619734712271342,N/A,N/A
499,ZION,30.46,N/A,3.14,N/A,1.01,N/A,1.14,N/A,2.445039190785908,N/A,1.1784475723615464,N/A,N/A
500,ZTS,174.45,N/A,38.85,N/A,18.32,N/A,9.99,N/A,27.584814806294613,N/A,15.111340069854249,N/A,N/A
