Time,Bid,Ask,Last,Volume,Type
2023.04.24 13:58:43.114,29.74,29.74,29.74,162.00,Buy
2023.04.24 13:58:43.167,29.73,29.74,29.74,503.00,Buy
2023.04.24 13:58:43.167,29.73,29.74,29.74,197.00,Buy
2023.04.24 13:58:43.567,29.73,29.74,29.74,200.00,Buy
2023.04.24 13:58:44.873,29.73,29.74,29.74,2000.00,Buy
2023.04.24 13:58:44.894,29.73,29.74,29.74,100.00,Buy
2023.04.24 13:58:44.894,29.73,29.74,29.74,100.00,Buy
2023.04.24 13:58:44.894,29.73,29.74,29.74,100.00,Buy
2023.04.24 13:58:44.894,29.73,29.74,29.74,100.00,Buy
2023.04.24 13:58:44.894,29.73,29.74,29.74,100.00,Buy
2023.04.24 13:58:44.894,29.73,29.74,29.74,100.00,Buy
2023.04.24 13:58:46.372,29.73,29.74,29.73,123.00,Sell
2023.04.24 13:58:46.372,29.73,29.74,29.73,100.00,Sell
2023.04.24 13:58:46.372,29.73,29.74,29.73,147.00,Sell
2023.04.24 13:58:46.372,29.73,29.74,29.73,730.00,Sell
2023.04.24 13:58:46.372,29.73,29.74,29.73,100.00,Sell
2023.04.24 13:58:46.372,29.73,29.74,29.73,3653.00,Sell
2023.04.24 13:58:46.372,29.73,29.74,29.73,3800.00,Sell
2023.04.24 13:58:46.372,29.73,29.74,29.73,900.00,Sell
2023.04.24 13:58:46.372,29.73,29.74,29.73,100.00,Sell
2023.04.24 13:58:46.372,29.73,29.74,29.73,1300.00,Sell
2023.04.24 13:58:46.372,29.73,29.74,29.73,250.00,Sell
2023.04.24 13:58:46.372,29.73,29.74,29.73,100.00,Sell
2023.04.24 13:58:46.372,29.73,29.74,29.73,100.00,Sell
2023.04.24 13:58:46.372,29.73,29.74,29.73,500.00,Sell
2023.04.24 13:58:46.372,29.73,29.74,29.73,200.00,Sell
2023.04.24 13:58:46.372,29.73,29.74,29.73,500.00,Sell
2023.04.24 13:58:46.372,29.73,29.74,29.73,100.00,Sell
2023.04.24 13:58:46.606,29.72,29.73,29.73,500.00,Buy
2023.04.24 13:58:46.621,29.72,29.73,29.73,166.00,Buy
2023.04.24 13:58:46.661,29.72,29.73,29.73,600.00,Buy
2023.04.24 13:58:47.232,29.72,29.73,29.73,100.00,Buy
2023.04.24 13:58:49.001,29.72,29.73,29.73,100.00,Buy
2023.04.24 13:58:49.472,29.72,29.73,29.73,100.00,Buy
2023.04.24 13:58:49.472,29.72,29.73,29.73,100.00,Buy
2023.04.24 13:58:49.620,29.72,29.73,29.73,100.00,Buy
2023.04.24 13:58:50.879,29.72,29.73,29.73,200.00,Buy
2023.04.24 13:58:51.104,29.72,29.73,29.73,500.00,Buy
2023.04.24 13:58:51.236,29.72,29.73,29.73,100.00,Buy
2023.04.24 13:58:51.390,29.72,29.73,29.73,100.00,Buy
2023.04.24 13:58:51.840,29.72,29.73,29.73,5000.00,Buy
2023.04.24 13:58:53.153,29.72,29.73,29.73,700.00,Buy
2023.04.24 13:58:54.226,29.72,29.73,29.73,100.00,Buy
2023.04.24 13:58:55.022,29.72,29.73,29.73,500.00,Buy
2023.04.24 13:58:55.490,29.72,29.73,29.73,100.00,Buy
2023.04.24 13:58:55.490,29.72,29.73,29.73,100.00,Buy
2023.04.24 13:58:59.066,29.72,29.73,29.73,200.00,Buy
2023.04.24 13:58:59.066,29.72,29.73,29.73,100.00,Buy
2023.04.24 13:58:59.066,29.72,29.73,29.73,100.00,Buy
2023.04.24 13:58:59.066,29.72,29.73,29.73,100.00,Buy
2023.04.24 13:58:59.075,29.72,29.73,29.73,200.00,Buy
2023.04.24 13:58:59.075,29.72,29.73,29.73,100.00,Buy
2023.04.24 13:58:59.075,29.72,29.73,29.73,100.00,Buy
2023.04.24 13:58:59.088,29.72,29.73,29.72,1010.00,Sell
2023.04.24 13:59:00.290,29.72,29.73,29.73,100.00,Buy
2023.04.24 13:59:00.290,29.72,29.73,29.73,100.00,Buy
2023.04.24 13:59:00.290,29.72,29.73,29.73,100.00,Buy
2023.04.24 13:59:00.409,29.73,29.74,29.74,100.00,Buy
2023.04.24 13:59:00.448,29.73,29.74,29.73,100.00,Sell
2023.04.24 13:59:00.623,29.73,29.74,29.73,336.00,Sell
2023.04.24 13:59:02.648,29.73,29.74,29.73,200.00,Sell
2023.04.24 13:59:02.648,29.73,29.74,29.74,100.00,Buy
2023.04.24 13:59:02.654,29.73,29.74,29.74,100.00,Buy
2023.04.24 13:59:02.676,29.73,29.74,29.74,100.00,Buy
2023.04.24 13:59:02.912,29.73,29.74,29.73,500.00,Sell
2023.04.24 13:59:03.393,29.73,29.74,29.74,100.00,Buy
2023.04.24 13:59:04.116,29.73,29.74,29.74,100.00,Buy
2023.04.24 13:59:04.307,29.73,29.74,29.74,100.00,Buy
2023.04.24 13:59:04.337,29.73,29.74,29.73,100.00,Sell
2023.04.24 13:59:04.788,29.73,29.74,29.74,100.00,Buy
2023.04.24 13:59:04.822,29.73,29.74,29.74,100.00,Buy
2023.04.24 13:59:04.822,29.73,29.74,29.74,100.00,Buy
2023.04.24 13:59:04.987,29.73,29.74,29.74,100.00,Buy
2023.04.24 13:59:05.054,29.73,29.74,29.74,100.00,Buy
2023.04.24 13:59:05.059,29.73,29.74,29.74,100.00,Buy
2023.04.24 13:59:05.059,29.73,29.74,29.73,100.00,Sell
2023.04.24 13:59:05.059,29.73,29.74,29.73,100.00,Sell
2023.04.24 13:59:05.059,29.73,29.74,29.73,901.00,Sell
2023.04.24 13:59:05.059,29.73,29.74,29.73,100.00,Sell
2023.04.24 13:59:05.059,29.73,29.74,29.73,200.00,Sell
2023.04.24 13:59:05.059,29.73,29.74,29.73,200.00,Sell
2023.04.24 13:59:05.059,29.73,29.74,29.73,200.00,Sell
2023.04.24 13:59:05.059,29.73,29.74,29.73,200.00,Sell
2023.04.24 13:59:05.067,29.72,29.73,29.73,100.00,Buy
2023.04.24 13:59:05.067,29.72,29.73,29.73,100.00,Buy
2023.04.24 13:59:05.067,29.72,29.73,29.73,100.00,Buy
2023.04.24 13:59:06.703,29.72,29.73,29.72,128.00,Sell
2023.04.24 13:59:06.835,29.72,29.73,29.73,5000.00,Buy
2023.04.24 13:59:07.404,29.72,29.73,29.73,2705.00,Buy
2023.04.24 13:59:08.103,29.72,29.73,29.73,100.00,Buy
2023.04.24 13:59:09.058,29.72,29.73,29.73,100.00,Buy
2023.04.24 13:59:09.151,29.72,29.73,29.72,110.00,Sell
2023.04.24 13:59:09.491,29.72,29.73,29.73,100.00,Buy
2023.04.24 13:59:13.326,29.72,29.73,29.72,500.00,Sell
2023.04.24 13:59:14.335,29.72,29.73,29.73,100.00,Buy
2023.04.24 13:59:14.944,29.72,29.73,29.73,100.00,Buy
2023.04.24 13:59:15.234,29.72,29.73,29.73,100.00,Buy
2023.04.24 13:59:16.354,29.72,29.73,29.72,100.00,Sell
2023.04.24 13:59:18.311,29.72,29.73,29.72,100.00,Sell
2023.04.24 13:59:18.311,29.72,29.73,29.72,100.00,Sell
2023.04.24 13:59:18.311,29.72,29.73,29.72,100.00,Sell
2023.04.24 13:59:18.606,29.72,29.73,29.73,500.00,Buy
2023.04.24 13:59:18.719,29.72,29.73,29.73,1171.00,Buy
2023.04.24 13:59:18.719,29.72,29.73,29.73,1829.00,Buy
2023.04.24 13:59:20.896,29.72,29.73,29.72,100.00,Sell
2023.04.24 13:59:21.798,29.72,29.73,29.73,100.00,Buy
2023.04.24 13:59:25.492,29.72,29.73,29.73,3000.00,Buy
2023.04.24 13:59:25.492,29.72,29.73,29.73,100.00,Buy
2023.04.24 13:59:27.563,29.72,29.73,29.73,5000.00,Buy
2023.04.24 13:59:30.885,29.72,29.73,29.73,350.00,Buy
2023.04.24 13:59:37.158,29.72,29.73,29.73,200.00,Buy
2023.04.24 13:59:37.516,29.72,29.73,29.73,100.00,Buy
2023.04.24 13:59:37.978,29.72,29.73,29.73,100.00,Buy
2023.04.24 13:59:39.774,29.72,29.73,29.72,100.00,Sell
2023.04.24 13:59:40.208,29.72,29.73,29.73,100.00,Buy
2023.04.24 13:59:41.250,29.72,29.73,29.72,112.00,Sell
2023.04.24 13:59:41.250,29.72,29.73,29.72,410.00,Sell
2023.04.24 13:59:41.250,29.72,29.73,29.72,100.00,Sell
2023.04.24 13:59:41.250,29.72,29.73,29.72,100.00,Sell
2023.04.24 13:59:41.250,29.72,29.73,29.72,200.00,Sell
2023.04.24 13:59:41.250,29.72,29.73,29.72,100.00,Sell
2023.04.24 13:59:41.250,29.72,29.73,29.72,410.00,Sell
2023.04.24 13:59:41.250,29.72,29.73,29.72,410.00,Sell
2023.04.24 13:59:41.250,29.72,29.73,29.72,100.00,Sell
2023.04.24 13:59:41.250,29.72,29.73,29.72,500.00,Sell
2023.04.24 13:59:41.250,29.72,29.73,29.72,100.00,Sell
2023.04.24 13:59:41.250,29.72,29.73,29.72,200.00,Sell
2023.04.24 13:59:41.250,29.72,29.73,29.72,100.00,Sell
2023.04.24 13:59:41.250,29.72,29.73,29.72,100.00,Sell
2023.04.24 13:59:41.250,29.72,29.73,29.72,100.00,Sell
2023.04.24 13:59:41.250,29.72,29.73,29.72,251.00,Sell
2023.04.24 13:59:41.250,29.72,29.73,29.72,749.00,Sell
2023.04.24 13:59:41.266,29.71,29.72,29.72,8979.00,Buy
2023.04.24 13:59:41.266,29.71,29.72,29.72,200.00,Buy
2023.04.24 13:59:41.276,29.71,29.72,29.71,101.00,Sell
2023.04.24 13:59:41.276,29.71,29.72,29.71,101.00,Sell
2023.04.24 13:59:41.482,29.71,29.72,29.71,500.00,Sell
2023.04.24 13:59:41.504,29.71,29.72,29.71,500.00,Sell
2023.04.24 13:59:41.856,29.71,29.72,29.72,100.00,Buy
2023.04.24 13:59:42.130,29.71,29.72,29.72,367.00,Buy
2023.04.24 13:59:44.461,29.71,29.72,29.71,5000.00,Sell
2023.04.24 13:59:44.496,29.71,29.72,29.72,100.00,Buy
2023.04.24 13:59:48.548,29.71,29.72,29.72,100.00,Buy
2023.04.24 13:59:48.914,29.71,29.72,29.72,1500.00,Buy
2023.04.24 13:59:49.263,29.71,29.72,29.72,2000.00,Buy
2023.04.24 13:59:51.247,29.71,29.72,29.71,123.00,Sell
2023.04.24 13:59:52.176,29.71,29.72,29.72,100.00,Buy
2023.04.24 13:59:52.176,29.71,29.72,29.72,100.00,Buy
2023.04.24 13:59:52.309,29.71,29.72,29.72,100.00,Buy
2023.04.24 13:59:52.361,29.71,29.72,29.72,100.00,Buy
2023.04.24 13:59:52.361,29.71,29.72,29.72,100.00,Buy
2023.04.24 13:59:52.365,29.71,29.72,29.72,100.00,Buy
2023.04.24 13:59:53.562,29.71,29.72,29.72,100.00,Buy
2023.04.24 13:59:54.392,29.71,29.72,29.72,1500.00,Buy
2023.04.24 13:59:54.529,29.71,29.72,29.72,201.00,Buy
2023.04.24 13:59:54.757,29.71,29.72,29.72,100.00,Buy
2023.04.24 13:59:54.757,29.71,29.72,29.72,100.00,Buy
2023.04.24 13:59:54.865,29.71,29.72,29.72,100.00,Buy
2023.04.24 13:59:54.865,29.71,29.72,29.72,100.00,Buy
2023.04.24 13:59:54.865,29.71,29.72,29.72,100.00,Buy
2023.04.24 13:59:55.163,29.71,29.72,29.72,300.00,Buy
2023.04.24 13:59:55.163,29.71,29.72,29.72,100.00,Buy
2023.04.24 13:59:55.163,29.71,29.72,29.72,300.00,Buy
2023.04.24 13:59:55.163,29.71,29.72,29.72,191.00,Buy
2023.04.24 13:59:55.163,29.71,29.72,29.72,252.00,Buy
2023.04.24 13:59:55.163,29.71,29.72,29.72,100.00,Buy
2023.04.24 13:59:55.163,29.71,29.72,29.72,100.00,Buy
2023.04.24 13:59:55.163,29.71,29.72,29.72,148.00,Buy
2023.04.24 13:59:55.163,29.71,29.72,29.72,100.00,Buy
2023.04.24 13:59:55.163,29.71,29.72,29.72,100.00,Buy
2023.04.24 13:59:55.163,29.71,29.72,29.72,300.00,Buy
2023.04.24 13:59:55.163,29.71,29.72,29.72,100.00,Buy
2023.04.24 13:59:55.163,29.71,29.72,29.72,100.00,Buy
2023.04.24 13:59:55.163,29.71,29.72,29.72,100.00,Buy
2023.04.24 13:59:55.163,29.71,29.72,29.72,200.00,Buy
2023.04.24 13:59:55.163,29.71,29.72,29.72,200.00,Buy
2023.04.24 13:59:55.163,29.71,29.72,29.72,100.00,Buy
2023.04.24 13:59:55.163,29.71,29.72,29.72,194.00,Buy
2023.04.24 13:59:55.163,29.71,29.72,29.72,300.00,Buy
2023.04.24 13:59:55.163,29.71,29.72,29.72,300.00,Buy
2023.04.24 13:59:55.163,29.71,29.72,29.72,200.00,Buy
2023.04.24 13:59:55.163,29.71,29.72,29.72,300.00,Buy
2023.04.24 13:59:55.163,29.71,29.72,29.72,394.00,Buy
2023.04.24 13:59:55.163,29.71,29.72,29.72,300.00,Buy
2023.04.24 13:59:55.163,29.71,29.72,29.72,100.00,Buy
2023.04.24 13:59:55.163,29.71,29.72,29.72,100.00,Buy
2023.04.24 13:59:55.163,29.71,29.72,29.72,100.00,Buy
2023.04.24 13:59:55.163,29.71,29.72,29.72,100.00,Buy
2023.04.24 13:59:55.163,29.71,29.72,29.72,100.00,Buy
2023.04.24 13:59:55.163,29.71,29.72,29.72,100.00,Buy
2023.04.24 13:59:55.163,29.71,29.72,29.72,100.00,Buy
2023.04.24 13:59:55.163,29.71,29.72,29.72,300.00,Buy
2023.04.24 13:59:55.163,29.71,29.72,29.72,200.00,Buy
2023.04.24 13:59:55.163,29.71,29.72,29.72,100.00,Buy
2023.04.24 13:59:55.165,29.71,29.72,29.72,100.00,Buy
2023.04.24 13:59:55.819,29.71,29.72,29.72,100.00,Buy
2023.04.24 13:59:55.832,29.71,29.72,29.71,171.00,Sell
2023.04.24 13:59:56.761,29.71,29.72,29.72,100.00,Buy
2023.04.24 13:59:56.761,29.71,29.72,29.72,300.00,Buy
2023.04.24 13:59:56.761,29.71,29.72,29.72,400.00,Buy
2023.04.24 13:59:56.761,29.71,29.72,29.72,100.00,Buy
2023.04.24 13:59:56.761,29.71,29.72,29.72,100.00,Buy
2023.04.24 13:59:56.761,29.71,29.72,29.72,200.00,Buy
2023.04.24 13:59:56.761,29.71,29.72,29.72,100.00,Buy
2023.04.24 13:59:56.761,29.71,29.72,29.72,200.00,Buy
2023.04.24 13:59:56.761,29.71,29.72,29.73,100.00,Buy
2023.04.24 13:59:56.761,29.71,29.72,29.73,100.00,Buy
2023.04.24 13:59:56.761,29.71,29.72,29.72,100.00,Buy
2023.04.24 13:59:56.761,29.71,29.72,29.72,100.00,Buy
2023.04.24 13:59:56.761,29.71,29.72,29.72,100.00,Buy
2023.04.24 13:59:56.761,29.71,29.72,29.72,100.00,Buy
2023.04.24 13:59:56.761,29.71,29.72,29.73,100.00,Buy
2023.04.24 13:59:56.761,29.71,29.72,29.73,100.00,Buy
2023.04.24 13:59:56.761,29.71,29.72,29.72,100.00,Buy
2023.04.24 13:59:56.761,29.71,29.72,29.73,100.00,Buy
2023.04.24 13:59:56.761,29.71,29.72,29.72,100.00,Buy
2023.04.24 13:59:56.761,29.71,29.72,29.73,100.00,Buy
2023.04.24 13:59:56.761,29.71,29.72,29.72,100.00,Buy
2023.04.24 13:59:56.761,29.71,29.72,29.73,100.00,Buy
2023.04.24 13:59:56.774,29.72,29.73,29.72,100.00,Sell
2023.04.24 13:59:56.774,29.72,29.73,29.73,100.00,Buy
2023.04.24 13:59:56.774,29.72,29.73,29.73,100.00,Buy
2023.04.24 13:59:56.774,29.72,29.73,29.73,199.00,Buy
2023.04.24 13:59:56.774,29.72,29.73,29.72,100.00,Sell
2023.04.24 13:59:56.774,29.72,29.73,29.72,100.00,Sell
2023.04.24 13:59:56.774,29.72,29.73,29.72,100.00,Sell
2023.04.24 13:59:56.774,29.72,29.73,29.72,100.00,Sell
2023.04.24 13:59:56.774,29.72,29.73,29.72,200.00,Sell
2023.04.24 13:59:56.774,29.72,29.73,29.72,300.00,Sell
2023.04.24 13:59:56.774,29.72,29.73,29.72,200.00,Sell
2023.04.24 13:59:56.774,29.72,29.73,29.72,200.00,Sell
2023.04.24 13:59:56.774,29.72,29.73,29.73,100.00,Buy
2023.04.24 13:59:56.774,29.72,29.73,29.72,300.00,Sell
2023.04.24 13:59:56.774,29.72,29.73,29.72,100.00,Sell
2023.04.24 13:59:56.774,29.72,29.73,29.72,127.00,Sell
2023.04.24 13:59:56.774,29.72,29.73,29.72,100.00,Sell
2023.04.24 13:59:56.774,29.72,29.73,29.72,100.00,Sell
2023.04.24 13:59:56.774,29.72,29.73,29.72,200.00,Sell
2023.04.24 13:59:56.776,29.72,29.73,29.72,200.00,Sell
2023.04.24 13:59:56.782,29.72,29.73,29.72,200.00,Sell
2023.04.24 13:59:56.818,29.72,29.73,29.73,200.00,Buy
2023.04.24 13:59:56.849,29.72,29.73,29.72,1700.00,Sell
2023.04.24 13:59:56.946,29.72,29.73,29.72,100.00,Sell
2023.04.24 13:59:56.946,29.72,29.73,29.72,100.00,Sell
2023.04.24 13:59:56.946,29.72,29.73,29.72,300.00,Sell
2023.04.24 13:59:56.946,29.72,29.73,29.72,5000.00,Sell
2023.04.24 13:59:56.978,29.72,29.73,29.72,100.00,Sell
2023.04.24 13:59:57.033,29.72,29.73,29.72,100.00,Sell
2023.04.24 13:59:57.033,29.72,29.73,29.72,1600.00,Sell
2023.04.24 13:59:57.144,29.72,29.73,29.72,400.00,Sell
2023.04.24 13:59:57.144,29.72,29.73,29.72,100.00,Sell
2023.04.24 13:59:57.156,29.72,29.73,29.73,100.00,Buy
2023.04.24 13:59:57.239,29.72,29.73,29.73,100.00,Buy
2023.04.24 13:59:57.319,29.72,29.73,29.72,100.00,Sell
2023.04.24 13:59:57.829,29.72,29.73,29.73,100.00,Buy
2023.04.24 13:59:57.982,29.72,29.73,29.73,200.00,Buy
2023.04.24 13:59:57.982,29.72,29.73,29.73,100.00,Buy
2023.04.24 13:59:58.049,29.72,29.73,29.73,100.00,Buy
2023.04.24 13:59:58.049,29.72,29.73,29.73,100.00,Buy
2023.04.24 13:59:58.145,29.72,29.73,29.72,100.00,Sell
2023.04.24 13:59:58.399,29.72,29.73,29.73,100.00,Buy
2023.04.24 13:59:58.399,29.72,29.73,29.73,100.00,Buy
2023.04.24 13:59:58.440,29.72,29.73,29.73,100.00,Buy
2023.04.24 13:59:58.446,29.72,29.73,29.73,100.00,Buy
2023.04.24 13:59:59.443,29.72,29.73,29.73,100.00,Buy
2023.04.24 14:00:00.285,29.72,29.73,29.73,100.00,Buy
2023.04.24 14:00:00.438,29.72,29.73,29.72,200.00,Sell
2023.04.24 14:00:01.177,29.72,29.73,29.73,100.00,Buy
2023.04.24 14:00:01.180,29.72,29.73,29.73,127.00,Buy
2023.04.24 14:00:01.180,29.72,29.73,29.73,100.00,Buy
2023.04.24 14:00:01.180,29.72,29.73,29.73,100.00,Buy
2023.04.24 14:00:01.181,29.72,29.73,29.73,200.00,Buy
2023.04.24 14:00:01.181,29.72,29.73,29.73,200.00,Buy
2023.04.24 14:00:01.185,29.72,29.73,29.73,200.00,Buy
2023.04.24 14:00:01.205,29.72,29.73,29.73,100.00,Buy
2023.04.24 14:00:01.205,29.72,29.73,29.73,100.00,Buy
2023.04.24 14:00:01.205,29.72,29.73,29.73,100.00,Buy
2023.04.24 14:00:01.205,29.72,29.73,29.73,100.00,Buy
2023.04.24 14:00:01.211,29.72,29.73,29.72,200.00,Sell
2023.04.24 14:00:01.304,29.72,29.73,29.73,100.00,Buy
2023.04.24 14:00:01.304,29.72,29.73,29.73,100.00,Buy
2023.04.24 14:00:01.304,29.72,29.73,29.73,100.00,Buy
2023.04.24 14:00:01.304,29.72,29.73,29.73,100.00,Buy
2023.04.24 14:00:01.333,29.72,29.73,29.73,100.00,Buy
2023.04.24 14:00:01.336,29.72,29.73,29.73,100.00,Buy
2023.04.24 14:00:01.406,29.72,29.73,29.73,170.00,Buy
2023.04.24 14:00:01.559,29.72,29.73,29.73,100.00,Buy
2023.04.24 14:00:01.559,29.72,29.73,29.73,200.00,Buy
2023.04.24 14:00:01.969,29.72,29.73,29.73,200.00,Buy
2023.04.24 14:00:01.969,29.72,29.73,29.73,100.00,Buy
2023.04.24 14:00:01.969,29.72,29.73,29.73,300.00,Buy
2023.04.24 14:00:01.969,29.72,29.73,29.73,390.00,Buy
2023.04.24 14:00:01.969,29.72,29.73,29.73,100.00,Buy
2023.04.24 14:00:01.997,29.72,29.73,29.73,168.00,Buy
2023.04.24 14:00:02.078,29.72,29.73,29.73,100.00,Buy
2023.04.24 14:00:02.078,29.72,29.73,29.73,100.00,Buy
2023.04.24 14:00:02.164,29.72,29.73,29.73,300.00,Buy
2023.04.24 14:00:02.164,29.72,29.73,29.73,100.00,Buy
2023.04.24 14:00:02.164,29.72,29.73,29.73,100.00,Buy
2023.04.24 14:00:02.195,29.72,29.73,29.73,200.00,Buy
2023.04.24 14:00:02.195,29.72,29.73,29.73,100.00,Buy
2023.04.24 14:00:02.199,29.72,29.73,29.73,300.00,Buy
2023.04.24 14:00:02.206,29.72,29.73,29.73,500.00,Buy
2023.04.24 14:00:02.206,29.72,29.73,29.73,100.00,Buy
2023.04.24 14:00:02.268,29.72,29.73,29.73,200.00,Buy
2023.04.24 14:00:04.241,29.72,29.73,29.73,100.00,Buy
2023.04.24 14:00:04.405,29.72,29.73,29.73,100.00,Buy
2023.04.24 14:00:05.100,29.72,29.73,29.73,500.00,Buy
2023.04.24 14:00:05.146,29.72,29.73,29.73,100.00,Buy
2023.04.24 14:00:05.274,29.72,29.73,29.73,100.00,Buy
2023.04.24 14:00:06.099,29.72,29.73,29.73,2500.00,Buy
2023.04.24 14:00:06.140,29.72,29.73,29.72,300.00,Sell
2023.04.24 14:00:06.140,29.72,29.73,29.72,700.00,Sell
2023.04.24 14:00:06.664,29.72,29.73,29.73,100.00,Buy
2023.04.24 14:00:06.924,29.72,29.73,29.73,100.00,Buy
2023.04.24 14:00:06.924,29.72,29.73,29.73,248.00,Buy
2023.04.24 14:00:08.172,29.72,29.73,29.73,100.00,Buy
2023.04.24 14:00:10.100,29.72,29.73,29.73,100.00,Buy
2023.04.24 14:00:10.100,29.72,29.73,29.73,255.00,Buy
2023.04.24 14:00:10.173,29.72,29.73,29.73,100.00,Buy
2023.04.24 14:00:10.250,29.72,29.73,29.73,100.00,Buy
2023.04.24 14:00:10.882,29.72,29.73,29.73,200.00,Buy
2023.04.24 14:00:10.954,29.72,29.73,29.73,100.00,Buy
2023.04.24 14:00:11.051,29.72,29.73,29.73,1576.00,Buy
2023.04.24 14:00:11.051,29.72,29.73,29.73,100.00,Buy
2023.04.24 14:00:11.051,29.72,29.73,29.73,100.00,Buy
2023.04.24 14:00:11.051,29.72,29.73,29.73,100.00,Buy
2023.04.24 14:00:11.051,29.72,29.73,29.73,100.00,Buy
2023.04.24 14:00:11.051,29.72,29.73,29.73,100.00,Buy
2023.04.24 14:00:11.051,29.72,29.73,29.73,100.00,Buy
2023.04.24 14:00:11.051,29.72,29.73,29.73,400.00,Buy
2023.04.24 14:00:11.051,29.72,29.73,29.73,100.00,Buy
2023.04.24 14:00:11.051,29.72,29.73,29.73,628.00,Buy
2023.04.24 14:00:11.051,29.72,29.73,29.73,100.00,Buy
2023.04.24 14:00:11.051,29.72,29.73,29.73,482.00,Buy
2023.04.24 14:00:11.051,29.72,29.73,29.73,100.00,Buy
2023.04.24 14:00:11.051,29.72,29.73,29.73,100.00,Buy
2023.04.24 14:00:11.051,29.72,29.73,29.73,100.00,Buy
2023.04.24 14:00:11.051,29.72,29.73,29.73,200.00,Buy
2023.04.24 14:00:11.051,29.72,29.73,29.73,100.00,Buy
2023.04.24 14:00:11.051,29.72,29.73,29.73,100.00,Buy
2023.04.24 14:00:11.051,29.72,29.73,29.73,100.00,Buy
2023.04.24 14:00:11.164,29.73,29.74,29.73,259.00,Sell
2023.04.24 14:00:11.164,29.73,29.74,29.73,641.00,Sell
2023.04.24 14:00:11.362,29.73,29.74,29.74,176.00,Buy
2023.04.24 14:00:11.362,29.73,29.74,29.73,103.00,Sell
2023.04.24 14:00:11.886,29.73,29.74,29.74,100.00,Buy
2023.04.24 14:00:11.886,29.73,29.74,29.74,100.00,Buy
2023.04.24 14:00:12.270,29.73,29.74,29.74,100.00,Buy
2023.04.24 14:00:12.967,29.73,29.74,29.74,100.00,Buy
2023.04.24 14:00:13.048,29.73,29.74,29.73,576.00,Sell
2023.04.24 14:00:13.048,29.73,29.74,29.73,100.00,Sell
2023.04.24 14:00:13.048,29.73,29.74,29.73,576.00,Sell
2023.04.24 14:00:13.048,29.73,29.74,29.73,100.00,Sell
2023.04.24 14:00:13.048,29.73,29.74,29.73,100.00,Sell
2023.04.24 14:00:13.048,29.73,29.74,29.73,200.00,Sell
2023.04.24 14:00:13.048,29.73,29.74,29.73,100.00,Sell
2023.04.24 14:00:13.048,29.73,29.74,29.73,100.00,Sell
2023.04.24 14:00:13.048,29.73,29.74,29.73,100.00,Sell
2023.04.24 14:00:13.048,29.73,29.74,29.73,100.00,Sell
2023.04.24 14:00:13.048,29.73,29.74,29.73,200.00,Sell
2023.04.24 14:00:13.048,29.73,29.74,29.73,100.00,Sell
2023.04.24 14:00:13.048,29.73,29.74,29.73,100.00,Sell
2023.04.24 14:00:13.048,29.73,29.74,29.73,200.00,Sell
2023.04.24 14:00:13.138,29.73,29.74,29.73,500.00,Sell
2023.04.24 14:00:13.152,29.73,29.74,29.73,202.00,Sell
2023.04.24 14:00:13.161,29.73,29.74,29.73,998.00,Sell
2023.04.24 14:00:13.261,29.73,29.74,29.73,500.00,Sell
2023.04.24 14:00:13.322,29.73,29.74,29.73,199.00,Sell
2023.04.24 14:00:13.322,29.73,29.74,29.73,101.00,Sell
2023.04.24 14:00:13.440,29.73,29.74,29.73,300.00,Sell
2023.04.24 14:00:13.440,29.73,29.74,29.73,100.00,Sell
2023.04.24 14:00:14.942,29.73,29.74,29.73,300.00,Sell
2023.04.24 14:00:15.412,29.73,29.74,29.74,500.00,Buy
2023.04.24 14:00:15.497,29.73,29.74,29.73,100.00,Sell
2023.04.24 14:00:15.607,29.73,29.74,29.73,100.00,Sell
2023.04.24 14:00:15.607,29.73,29.74,29.73,121.00,Sell
2023.04.24 14:00:15.643,29.73,29.74,29.73,153.00,Sell
2023.04.24 14:00:15.643,29.73,29.74,29.73,147.00,Sell
2023.04.24 14:00:16.071,29.73,29.74,29.74,200.00,Buy
2023.04.24 14:00:16.071,29.73,29.74,29.74,200.00,Buy
2023.04.24 14:00:16.071,29.73,29.74,29.74,100.00,Buy
2023.04.24 14:00:16.071,29.73,29.74,29.74,159.00,Buy
2023.04.24 14:00:16.071,29.73,29.74,29.74,159.00,Buy
2023.04.24 14:00:16.071,29.73,29.74,29.74,100.00,Buy
2023.04.24 14:00:16.071,29.73,29.74,29.74,141.00,Buy
2023.04.24 14:00:16.148,29.73,29.74,29.74,441.00,Buy
2023.04.24 14:00:16.148,29.73,29.74,29.73,159.00,Sell
2023.04.24 14:00:16.208,29.73,29.74,29.74,4000.00,Buy
2023.04.24 14:00:16.242,29.73,29.74,29.73,159.00,Sell
2023.04.24 14:00:16.242,29.73,29.74,29.73,300.00,Sell
2023.04.24 14:00:16.249,29.73,29.74,29.73,941.00,Sell
2023.04.24 14:00:16.367,29.73,29.74,29.73,100.00,Sell
2023.04.24 14:00:16.461,29.73,29.74,29.73,100.00,Sell
2023.04.24 14:00:16.461,29.73,29.74,29.74,200.00,Buy
2023.04.24 14:00:16.554,29.73,29.74,29.74,189.00,Buy
2023.04.24 14:00:16.554,29.73,29.74,29.73,100.00,Sell
2023.04.24 14:00:17.338,29.73,29.74,29.74,200.00,Buy
2023.04.24 14:00:17.350,29.73,29.74,29.74,100.00,Buy
2023.04.24 14:00:17.439,29.73,29.74,29.74,100.00,Buy
2023.04.24 14:00:17.448,29.73,29.74,29.74,300.00,Buy
2023.04.24 14:00:17.464,29.73,29.74,29.74,300.00,Buy
2023.04.24 14:00:17.479,29.73,29.74,29.74,100.00,Buy
2023.04.24 14:00:17.535,29.73,29.74,29.74,100.00,Buy
2023.04.24 14:00:17.550,29.73,29.74,29.74,100.00,Buy
2023.04.24 14:00:18.821,29.73,29.74,29.74,100.00,Buy
2023.04.24 14:00:19.170,29.73,29.74,29.74,300.00,Buy
2023.04.24 14:00:19.170,29.73,29.74,29.74,100.00,Buy
2023.04.24 14:00:19.170,29.73,29.74,29.74,100.00,Buy
2023.04.24 14:00:19.170,29.73,29.74,29.74,100.00,Buy
2023.04.24 14:00:19.170,29.73,29.74,29.74,700.00,Buy
2023.04.24 14:00:19.170,29.73,29.74,29.74,1501.00,Buy
2023.04.24 14:00:19.170,29.73,29.74,29.74,100.00,Buy
2023.04.24 14:00:19.170,29.73,29.74,29.74,100.00,Buy
2023.04.24 14:00:19.170,29.73,29.74,29.74,200.00,Buy
2023.04.24 14:00:19.170,29.73,29.74,29.74,100.00,Buy
2023.04.24 14:00:19.170,29.73,29.74,29.74,100.00,Buy
2023.04.24 14:00:19.170,29.73,29.74,29.74,100.00,Buy
2023.04.24 14:00:19.170,29.73,29.74,29.74,100.00,Buy
2023.04.24 14:00:19.170,29.73,29.74,29.74,100.00,Buy
2023.04.24 14:00:19.170,29.73,29.74,29.74,100.00,Buy
2023.04.24 14:00:19.247,29.74,29.75,29.75,300.00,Buy
2023.04.24 14:00:19.247,29.74,29.75,29.75,100.00,Buy
2023.04.24 14:00:20.400,29.74,29.75,29.75,100.00,Buy
2023.04.24 14:00:20.564,29.74,29.75,29.74,1740.00,Sell
2023.04.24 14:00:20.672,29.74,29.75,29.75,800.00,Buy
2023.04.24 14:00:20.682,29.74,29.75,29.75,900.00,Buy
2023.04.24 14:00:22.907,29.74,29.75,29.75,3000.00,Buy
2023.04.24 14:00:22.907,29.74,29.75,29.75,3000.00,Buy
2023.04.24 14:00:23.214,29.74,29.75,29.75,100.00,Buy
2023.04.24 14:00:24.060,29.74,29.75,29.75,100.00,Buy
2023.04.24 14:00:24.060,29.74,29.75,29.75,200.00,Buy
2023.04.24 14:00:25.294,29.74,29.75,29.75,100.00,Buy
2023.04.24 14:00:26.623,29.74,29.75,29.75,100.00,Buy
2023.04.24 14:00:26.628,29.74,29.75,29.75,100.00,Buy
2023.04.24 14:00:26.628,29.74,29.75,29.75,100.00,Buy
2023.04.24 14:00:28.407,29.74,29.75,29.75,100.00,Buy
2023.04.24 14:00:30.324,29.74,29.75,29.74,200.00,Sell
2023.04.24 14:00:30.324,29.74,29.75,29.74,100.00,Sell
2023.04.24 14:00:30.324,29.74,29.75,29.75,118.00,Buy
2023.04.24 14:00:30.324,29.74,29.75,29.75,100.00,Buy
2023.04.24 14:00:30.371,29.74,29.75,29.74,100.00,Sell
2023.04.24 14:00:30.371,29.74,29.75,29.74,100.00,Sell
2023.04.24 14:00:30.371,29.74,29.75,29.74,200.00,Sell
2023.04.24 14:00:30.371,29.74,29.75,29.74,100.00,Sell
2023.04.24 14:00:31.552,29.73,29.74,29.74,100.00,Buy
2023.04.24 14:00:33.692,29.73,29.74,29.74,200.00,Buy
2023.04.24 14:00:33.699,29.73,29.74,29.74,200.00,Buy
2023.04.24 14:00:33.962,29.73,29.74,29.74,100.00,Buy
2023.04.24 14:00:34.030,29.73,29.74,29.74,100.00,Buy
2023.04.24 14:00:34.422,29.73,29.74,29.74,113.00,Buy
2023.04.24 14:00:36.467,29.73,29.74,29.74,200.00,Buy
2023.04.24 14:00:36.470,29.73,29.74,29.74,171.00,Buy
2023.04.24 14:00:36.915,29.73,29.74,29.73,200.00,Sell
2023.04.24 14:00:36.955,29.73,29.74,29.74,103.00,Buy
2023.04.24 14:00:37.073,29.73,29.74,29.74,100.00,Buy
2023.04.24 14:00:37.181,29.73,29.74,29.73,100.00,Sell
2023.04.24 14:00:37.188,29.73,29.74,29.73,200.00,Sell
2023.04.24 14:00:37.427,29.73,29.74,29.73,3000.00,Sell
2023.04.24 14:00:37.441,29.73,29.74,29.73,153.00,Sell
2023.04.24 14:00:37.913,29.73,29.73,29.73,512.00,Buy
2023.04.24 14:00:37.913,29.73,29.73,29.73,100.00,Buy
2023.04.24 14:00:37.913,29.73,29.73,29.73,500.00,Buy
2023.04.24 14:00:37.913,29.73,29.73,29.73,300.00,Buy
2023.04.24 14:00:37.913,29.73,29.73,29.73,200.00,Buy
2023.04.24 14:00:37.913,29.73,29.73,29.73,100.00,Buy
2023.04.24 14:00:37.913,29.73,29.73,29.73,300.00,Buy
2023.04.24 14:00:37.913,29.73,29.73,29.73,100.00,Buy
2023.04.24 14:00:37.913,29.73,29.73,29.73,300.00,Buy
2023.04.24 14:00:37.913,29.73,29.73,29.73,100.00,Buy
2023.04.24 14:00:37.913,29.73,29.73,29.73,184.00,Buy
2023.04.24 14:00:37.913,29.73,29.73,29.73,300.00,Buy
2023.04.24 14:00:37.913,29.73,29.73,29.73,100.00,Buy
2023.04.24 14:00:37.913,29.73,29.73,29.73,100.00,Buy
2023.04.24 14:00:38.032,29.72,29.73,29.72,117.00,Sell
2023.04.24 14:00:38.860,29.72,29.73,29.73,100.00,Buy
2023.04.24 14:00:40.035,29.72,29.73,29.73,1700.00,Buy
2023.04.24 14:00:40.048,29.72,29.73,29.73,200.00,Buy
2023.04.24 14:00:40.406,29.72,29.73,29.73,100.00,Buy
2023.04.24 14:00:43.276,29.72,29.73,29.73,100.00,Buy
2023.04.24 14:00:43.765,29.72,29.73,29.72,100.00,Sell
2023.04.24 14:00:43.971,29.72,29.73,29.73,1000.00,Buy
2023.04.24 14:00:44.783,29.72,29.73,29.73,1000.00,Buy
2023.04.24 14:00:45.172,29.72,29.73,29.72,100.00,Sell
2023.04.24 14:00:48.551,29.72,29.73,29.72,100.00,Sell
2023.04.24 14:00:52.235,29.72,29.73,29.72,500.00,Sell
2023.04.24 14:00:53.306,29.72,29.73,29.72,100.00,Sell
2023.04.24 14:00:53.306,29.72,29.73,29.72,100.00,Sell
2023.04.24 14:00:55.348,29.71,29.72,29.72,230.00,Buy
2023.04.24 14:00:55.349,29.71,29.72,29.72,200.00,Buy
2023.04.24 14:00:55.349,29.71,29.72,29.72,100.00,Buy
2023.04.24 14:00:55.349,29.71,29.72,29.72,1000.00,Buy
2023.04.24 14:00:55.349,29.71,29.72,29.72,1150.00,Buy
2023.04.24 14:00:55.456,29.71,29.72,29.71,100.00,Sell
2023.04.24 14:00:57.305,29.71,29.72,29.71,200.00,Sell
2023.04.24 14:00:57.310,29.71,29.72,29.71,3275.00,Sell
2023.04.24 14:00:57.310,29.71,29.72,29.71,3275.00,Sell
2023.04.24 14:00:57.328,29.71,29.72,29.71,115.00,Sell
2023.04.24 14:00:57.334,29.71,29.72,29.71,115.00,Sell
2023.04.24 14:01:00.909,29.71,29.72,29.72,100.00,Buy
2023.04.24 14:01:02.245,29.71,29.72,29.72,100.00,Buy
2023.04.24 14:01:02.289,29.71,29.72,29.72,100.00,Buy
2023.04.24 14:01:02.805,29.71,29.72,29.72,100.00,Buy
2023.04.24 14:01:03.328,29.71,29.72,29.71,100.00,Sell
2023.04.24 14:01:03.675,29.71,29.72,29.72,100.00,Buy
2023.04.24 14:01:06.081,29.71,29.72,29.72,2000.00,Buy
2023.04.24 14:01:07.477,29.70,29.71,29.71,103.00,Buy
2023.04.24 14:01:07.477,29.70,29.71,29.71,2400.00,Buy
2023.04.24 14:01:07.477,29.70,29.71,29.71,2497.00,Buy
2023.04.24 14:01:07.477,29.70,29.71,29.71,100.00,Buy
2023.04.24 14:01:07.477,29.70,29.71,29.71,1034.00,Buy
2023.04.24 14:01:07.477,29.70,29.71,29.71,100.00,Buy
2023.04.24 14:01:07.477,29.70,29.71,29.71,700.00,Buy
2023.04.24 14:01:07.477,29.70,29.71,29.71,100.00,Buy
2023.04.24 14:01:07.477,29.70,29.71,29.71,100.00,Buy
2023.04.24 14:01:07.477,29.70,29.71,29.71,775.00,Buy
2023.04.24 14:01:07.477,29.70,29.71,29.71,425.00,Buy
2023.04.24 14:01:07.477,29.70,29.71,29.71,1400.00,Buy
2023.04.24 14:01:07.477,29.70,29.71,29.71,600.00,Buy
2023.04.24 14:01:07.477,29.70,29.71,29.71,100.00,Buy
2023.04.24 14:01:07.477,29.70,29.71,29.71,300.00,Buy
2023.04.24 14:01:07.477,29.70,29.71,29.71,34086.00,Buy
2023.04.24 14:01:07.719,29.70,29.71,29.70,100.00,Sell
2023.04.24 14:01:07.719,29.70,29.71,29.70,100.00,Sell
2023.04.24 14:01:07.719,29.70,29.71,29.70,100.00,Sell
2023.04.24 14:01:07.719,29.70,29.71,29.70,207.00,Sell
2023.04.24 14:01:07.719,29.70,29.71,29.70,150.00,Sell
2023.04.24 14:01:07.719,29.70,29.71,29.70,753.00,Sell
2023.04.24 14:01:07.719,29.70,29.71,29.70,900.00,Sell
2023.04.24 14:01:07.719,29.70,29.71,29.70,200.00,Sell
2023.04.24 14:01:07.719,29.70,29.71,29.70,200.00,Sell
2023.04.24 14:01:07.719,29.70,29.71,29.70,506.00,Sell
2023.04.24 14:01:07.719,29.70,29.71,29.70,200.00,Sell
2023.04.24 14:01:07.719,29.70,29.71,29.70,100.00,Sell
2023.04.24 14:01:07.719,29.70,29.71,29.70,2720.00,Sell
2023.04.24 14:01:07.719,29.70,29.71,29.70,294.00,Sell
2023.04.24 14:01:07.719,29.70,29.71,29.70,500.00,Sell
2023.04.24 14:01:07.719,29.70,29.71,29.70,100.00,Sell
2023.04.24 14:01:07.719,29.70,29.71,29.70,100.00,Sell
2023.04.24 14:01:07.719,29.70,29.71,29.70,200.00,Sell
2023.04.24 14:01:07.719,29.70,29.71,29.70,900.00,Sell
2023.04.24 14:01:07.719,29.70,29.71,29.70,421.00,Sell
2023.04.24 14:01:07.719,29.70,29.71,29.70,500.00,Sell
2023.04.24 14:01:07.719,29.70,29.71,29.70,164.00,Sell
2023.04.24 14:01:07.719,29.70,29.71,29.70,100.00,Sell
2023.04.24 14:01:07.719,29.70,29.71,29.70,278.00,Sell
2023.04.24 14:01:07.719,29.70,29.71,29.70,115.00,Sell
2023.04.24 14:01:07.719,29.70,29.71,29.70,300.00,Sell
2023.04.24 14:01:07.719,29.70,29.71,29.70,300.00,Sell
2023.04.24 14:01:07.719,29.70,29.71,29.70,600.00,Sell
2023.04.24 14:01:07.719,29.70,29.71,29.70,200.00,Sell
2023.04.24 14:01:07.719,29.70,29.71,29.70,307.00,Sell
2023.04.24 14:01:07.719,29.70,29.71,29.70,100.00,Sell
2023.04.24 14:01:07.719,29.70,29.71,29.70,100.00,Sell
2023.04.24 14:01:07.719,29.70,29.71,29.70,100.00,Sell
2023.04.24 14:01:07.719,29.70,29.71,29.70,100.00,Sell
2023.04.24 14:01:07.719,29.70,29.71,29.70,100.00,Sell
2023.04.24 14:01:07.719,29.70,29.71,29.70,1897.00,Sell
2023.04.24 14:01:07.719,29.70,29.71,29.70,3103.00,Sell
2023.04.24 14:01:07.719,29.70,29.71,29.70,100.00,Sell
2023.04.24 14:01:07.748,29.70,29.71,29.70,100.00,Sell
2023.04.24 14:01:07.748,29.70,29.71,29.70,100.00,Sell
2023.04.24 14:01:07.748,29.70,29.71,29.70,100.00,Sell
2023.04.24 14:01:07.748,29.70,29.71,29.70,100.00,Sell
2023.04.24 14:01:07.748,29.70,29.71,29.70,100.00,Sell
2023.04.24 14:01:07.748,29.70,29.71,29.70,100.00,Sell
2023.04.24 14:01:07.748,29.70,29.71,29.70,100.00,Sell
2023.04.24 14:01:07.748,29.70,29.71,29.70,100.00,Sell
2023.04.24 14:01:07.748,29.70,29.71,29.69,100.00,Sell
2023.04.24 14:01:07.748,29.70,29.71,29.69,200.00,Sell
2023.04.24 14:01:07.748,29.70,29.71,29.69,800.00,Sell
2023.04.24 14:01:07.803,29.69,29.70,29.70,270.00,Buy
2023.04.24 14:01:07.835,29.69,29.70,29.70,300.00,Buy
2023.04.24 14:01:08.532,29.69,29.70,29.70,100.00,Buy
2023.04.24 14:01:09.277,29.69,29.70,29.70,200.00,Buy
2023.04.24 14:01:09.588,29.69,29.70,29.69,376.00,Sell
2023.04.24 14:01:09.686,29.69,29.70,29.69,100.00,Sell
2023.04.24 14:01:11.463,29.69,29.70,29.69,206.00,Sell
2023.04.24 14:01:13.840,29.69,29.70,29.70,100.00,Buy
2023.04.24 14:01:15.671,29.69,29.70,29.70,100.00,Buy
2023.04.24 14:01:16.379,29.69,29.70,29.69,200.00,Sell
2023.04.24 14:01:17.311,29.69,29.70,29.70,200.00,Buy
2023.04.24 14:01:17.311,29.69,29.70,29.70,200.00,Buy
2023.04.24 14:01:17.311,29.69,29.70,29.70,400.00,Buy
2023.04.24 14:01:17.311,29.69,29.70,29.70,100.00,Buy
2023.04.24 14:01:17.311,29.69,29.70,29.70,100.00,Buy
2023.04.24 14:01:17.311,29.69,29.70,29.70,300.00,Buy
2023.04.24 14:01:17.311,29.69,29.70,29.70,100.00,Buy
2023.04.24 14:01:17.311,29.69,29.70,29.70,100.00,Buy
2023.04.24 14:01:17.311,29.69,29.70,29.70,299.00,Buy
2023.04.24 14:01:17.311,29.69,29.70,29.70,101.00,Buy
2023.04.24 14:01:17.311,29.69,29.70,29.70,100.00,Buy
2023.04.24 14:01:17.311,29.69,29.70,29.70,100.00,Buy
2023.04.24 14:01:17.311,29.69,29.70,29.70,100.00,Buy
2023.04.24 14:01:17.311,29.69,29.70,29.70,500.00,Buy
2023.04.24 14:01:17.311,29.69,29.70,29.70,100.00,Buy
2023.04.24 14:01:17.311,29.69,29.70,29.70,100.00,Buy
2023.04.24 14:01:17.311,29.69,29.70,29.70,200.00,Buy
2023.04.24 14:01:17.311,29.69,29.70,29.70,200.00,Buy
2023.04.24 14:01:17.311,29.69,29.70,29.70,100.00,Buy
2023.04.24 14:01:17.311,29.69,29.70,29.70,100.00,Buy
2023.04.24 14:01:17.311,29.69,29.70,29.70,100.00,Buy
2023.04.24 14:01:17.311,29.69,29.70,29.70,100.00,Buy
2023.04.24 14:01:17.311,29.69,29.70,29.70,100.00,Buy
2023.04.24 14:01:17.311,29.69,29.70,29.70,100.00,Buy
2023.04.24 14:01:17.311,29.69,29.70,29.70,100.00,Buy
2023.04.24 14:01:17.311,29.69,29.70,29.70,300.00,Buy
2023.04.24 14:01:17.311,29.69,29.70,29.70,100.00,Buy
2023.04.24 14:01:17.311,29.69,29.70,29.70,100.00,Buy
2023.04.24 14:01:17.311,29.69,29.70,29.70,100.00,Buy
2023.04.24 14:01:17.311,29.69,29.70,29.70,100.00,Buy
2023.04.24 14:01:17.311,29.69,29.70,29.70,100.00,Buy
2023.04.24 14:01:17.332,29.69,29.70,29.70,100.00,Buy
2023.04.24 14:01:17.332,29.69,29.70,29.70,200.00,Buy
2023.04.24 14:01:17.332,29.69,29.70,29.70,100.00,Buy
2023.04.24 14:01:17.332,29.69,29.70,29.70,100.00,Buy
2023.04.24 14:01:17.332,29.69,29.70,29.70,100.00,Buy
2023.04.24 14:01:17.332,29.69,29.70,29.70,100.00,Buy
2023.04.24 14:01:17.332,29.69,29.70,29.70,100.00,Buy
2023.04.24 14:01:17.359,29.69,29.70,29.70,100.00,Buy
2023.04.24 14:01:17.477,29.69,29.70,29.70,100.00,Buy
2023.04.24 14:01:17.574,29.69,29.70,29.70,100.00,Buy
2023.04.24 14:01:17.810,29.69,29.70,29.70,500.00,Buy
2023.04.24 14:01:19.063,29.69,29.70,29.69,2000.00,Sell
2023.04.24 14:01:19.298,29.69,29.70,29.70,100.00,Buy
2023.04.24 14:01:19.298,29.69,29.70,29.70,100.00,Buy
2023.04.24 14:01:20.754,29.69,29.70,29.69,1000.00,Sell
2023.04.24 14:01:21.064,29.69,29.70,29.70,300.00,Buy
2023.04.24 14:01:21.070,29.69,29.70,29.70,100.00,Buy
2023.04.24 14:01:21.070,29.69,29.70,29.70,200.00,Buy
2023.04.24 14:01:21.070,29.69,29.70,29.70,200.00,Buy
2023.04.24 14:01:21.070,29.69,29.70,29.70,1800.00,Buy
2023.04.24 14:01:21.070,29.69,29.70,29.70,200.00,Buy
2023.04.24 14:01:21.070,29.69,29.70,29.70,300.00,Buy
2023.04.24 14:01:21.070,29.69,29.70,29.70,285.00,Buy
2023.04.24 14:01:21.070,29.69,29.70,29.70,100.00,Buy
2023.04.24 14:01:21.080,29.70,29.71,29.70,100.00,Sell
2023.04.24 14:01:21.080,29.70,29.71,29.70,100.00,Sell
2023.04.24 14:01:21.080,29.70,29.71,29.70,100.00,Sell
2023.04.24 14:01:21.080,29.70,29.71,29.70,100.00,Sell
2023.04.24 14:01:21.080,29.70,29.71,29.70,100.00,Sell
2023.04.24 14:01:21.080,29.70,29.71,29.70,200.00,Sell
2023.04.24 14:01:21.080,29.70,29.71,29.70,100.00,Sell
2023.04.24 14:01:21.080,29.70,29.71,29.70,100.00,Sell
2023.04.24 14:01:21.080,29.70,29.71,29.70,100.00,Sell
2023.04.24 14:01:21.080,29.70,29.71,29.70,100.00,Sell
2023.04.24 14:01:21.080,29.70,29.71,29.70,100.00,Sell
2023.04.24 14:01:21.080,29.70,29.71,29.70,100.00,Sell
2023.04.24 14:01:21.080,29.70,29.71,29.70,100.00,Sell
2023.04.24 14:01:21.080,29.70,29.71,29.70,100.00,Sell
2023.04.24 14:01:21.080,29.70,29.71,29.70,200.00,Sell
2023.04.24 14:01:21.080,29.70,29.71,29.70,200.00,Sell
2023.04.24 14:01:21.080,29.70,29.71,29.70,100.00,Sell
2023.04.24 14:01:21.080,29.70,29.71,29.70,200.00,Sell
2023.04.24 14:01:21.080,29.70,29.71,29.70,100.00,Sell
2023.04.24 14:01:21.080,29.70,29.71,29.70,100.00,Sell
2023.04.24 14:01:21.080,29.70,29.71,29.70,100.00,Sell
2023.04.24 14:01:21.080,29.70,29.71,29.70,100.00,Sell
2023.04.24 14:01:21.080,29.70,29.71,29.70,100.00,Sell
2023.04.24 14:01:21.080,29.70,29.71,29.70,100.00,Sell
2023.04.24 14:01:21.080,29.70,29.71,29.70,300.00,Sell
2023.04.24 14:01:21.080,29.70,29.71,29.70,100.00,Sell
2023.04.24 14:01:21.080,29.70,29.71,29.70,400.00,Sell
2023.04.24 14:01:21.080,29.70,29.71,29.70,100.00,Sell
2023.04.24 14:01:21.080,29.70,29.71,29.70,100.00,Sell
2023.04.24 14:01:21.080,29.70,29.71,29.70,300.00,Sell
2023.04.24 14:01:21.080,29.70,29.71,29.70,100.00,Sell
2023.04.24 14:01:21.080,29.70,29.71,29.70,100.00,Sell
2023.04.24 14:01:21.080,29.70,29.71,29.70,100.00,Sell
2023.04.24 14:01:21.080,29.70,29.71,29.70,100.00,Sell
2023.04.24 14:01:21.080,29.70,29.71,29.70,100.00,Sell
2023.04.24 14:01:21.080,29.70,29.71,29.70,100.00,Sell
2023.04.24 14:01:21.080,29.70,29.71,29.70,100.00,Sell
2023.04.24 14:01:21.080,29.70,29.71,29.70,100.00,Sell
2023.04.24 14:01:21.080,29.70,29.71,29.70,100.00,Sell
2023.04.24 14:01:21.080,29.70,29.71,29.70,124.00,Sell
2023.04.24 14:01:21.080,29.70,29.71,29.70,100.00,Sell
2023.04.24 14:01:21.080,29.70,29.71,29.70,100.00,Sell
2023.04.24 14:01:21.080,29.70,29.71,29.70,100.00,Sell
2023.04.24 14:01:21.080,29.70,29.71,29.70,100.00,Sell
2023.04.24 14:01:21.080,29.70,29.71,29.70,100.00,Sell
2023.04.24 14:01:21.080,29.70,29.71,29.70,100.00,Sell
2023.04.24 14:01:21.080,29.70,29.71,29.70,100.00,Sell
2023.04.24 14:01:21.080,29.70,29.71,29.70,200.00,Sell
2023.04.24 14:01:21.080,29.70,29.71,29.70,200.00,Sell
2023.04.24 14:01:21.080,29.70,29.71,29.70,200.00,Sell
2023.04.24 14:01:21.080,29.70,29.71,29.70,300.00,Sell
2023.04.24 14:01:21.080,29.70,29.71,29.71,100.00,Buy
2023.04.24 14:01:21.080,29.70,29.71,29.71,200.00,Buy
2023.04.24 14:01:21.080,29.70,29.71,29.71,8000.00,Buy
2023.04.24 14:01:21.080,29.70,29.71,29.71,100.00,Buy
2023.04.24 14:01:21.080,29.70,29.71,29.71,100.00,Buy
2023.04.24 14:01:21.080,29.70,29.71,29.71,100.00,Buy
2023.04.24 14:01:21.080,29.70,29.71,29.71,100.00,Buy
2023.04.24 14:01:21.080,29.70,29.71,29.71,100.00,Buy
2023.04.24 14:01:21.080,29.70,29.71,29.71,200.00,Buy
2023.04.24 14:01:21.080,29.70,29.71,29.71,700.00,Buy
2023.04.24 14:01:21.080,29.70,29.71,29.71,200.00,Buy
2023.04.24 14:01:21.080,29.70,29.71,29.71,300.00,Buy
2023.04.24 14:01:21.080,29.70,29.71,29.71,100.00,Buy
2023.04.24 14:01:21.080,29.70,29.71,29.71,100.00,Buy
2023.04.24 14:01:21.080,29.70,29.71,29.71,100.00,Buy
2023.04.24 14:01:21.080,29.70,29.71,29.71,100.00,Buy
2023.04.24 14:01:21.080,29.70,29.71,29.71,500.00,Buy
2023.04.24 14:01:21.080,29.70,29.71,29.71,100.00,Buy
2023.04.24 14:01:21.080,29.70,29.71,29.71,100.00,Buy
2023.04.24 14:01:21.080,29.70,29.71,29.71,100.00,Buy
2023.04.24 14:01:21.080,29.70,29.71,29.71,100.00,Buy
2023.04.24 14:01:21.080,29.70,29.71,29.71,500.00,Buy
2023.04.24 14:01:21.080,29.70,29.71,29.71,700.00,Buy
2023.04.24 14:01:21.080,29.70,29.71,29.71,100.00,Buy
2023.04.24 14:01:21.080,29.70,29.71,29.71,100.00,Buy
2023.04.24 14:01:21.080,29.70,29.71,29.71,200.00,Buy
2023.04.24 14:01:21.080,29.70,29.71,29.71,200.00,Buy
2023.04.24 14:01:21.080,29.70,29.71,29.71,100.00,Buy
2023.04.24 14:01:21.080,29.70,29.71,29.71,300.00,Buy
2023.04.24 14:01:21.080,29.70,29.71,29.71,100.00,Buy
2023.04.24 14:01:21.080,29.70,29.71,29.71,200.00,Buy
2023.04.24 14:01:21.080,29.70,29.71,29.71,200.00,Buy
2023.04.24 14:01:21.080,29.70,29.71,29.71,200.00,Buy
2023.04.24 14:01:21.080,29.70,29.71,29.71,200.00,Buy
2023.04.24 14:01:21.080,29.70,29.71,29.71,300.00,Buy
2023.04.24 14:01:21.080,29.70,29.71,29.71,200.00,Buy
2023.04.24 14:01:21.080,29.70,29.71,29.71,800.00,Buy
2023.04.24 14:01:21.080,29.70,29.71,29.71,100.00,Buy
2023.04.24 14:01:21.080,29.70,29.71,29.71,200.00,Buy
2023.04.24 14:01:21.080,29.70,29.71,29.71,200.00,Buy
2023.04.24 14:01:21.080,29.70,29.71,29.71,200.00,Buy
2023.04.24 14:01:21.080,29.70,29.71,29.71,100.00,Buy
2023.04.24 14:01:21.080,29.70,29.71,29.71,100.00,Buy
2023.04.24 14:01:21.080,29.70,29.71,29.71,100.00,Buy
2023.04.24 14:01:21.080,29.70,29.71,29.71,100.00,Buy
2023.04.24 14:01:21.080,29.70,29.71,29.71,100.00,Buy
2023.04.24 14:01:21.080,29.70,29.71,29.71,100.00,Buy
2023.04.24 14:01:21.080,29.70,29.71,29.71,200.00,Buy
2023.04.24 14:01:21.080,29.70,29.71,29.71,100.00,Buy
2023.04.24 14:01:21.080,29.70,29.71,29.71,100.00,Buy
2023.04.24 14:01:21.080,29.70,29.71,29.71,200.00,Buy
2023.04.24 14:01:21.080,29.70,29.71,29.71,200.00,Buy
2023.04.24 14:01:21.080,29.70,29.71,29.71,200.00,Buy
2023.04.24 14:01:21.080,29.70,29.71,29.71,300.00,Buy
2023.04.24 14:01:21.080,29.70,29.71,29.71,200.00,Buy
2023.04.24 14:01:21.080,29.70,29.71,29.71,200.00,Buy
2023.04.24 14:01:21.080,29.70,29.71,29.71,200.00,Buy
2023.04.24 14:01:21.080,29.70,29.71,29.71,1300.00,Buy
2023.04.24 14:01:21.080,29.70,29.71,29.71,200.00,Buy
2023.04.24 14:01:21.080,29.70,29.71,29.71,400.00,Buy
2023.04.24 14:01:21.080,29.70,29.71,29.71,300.00,Buy
2023.04.24 14:01:21.080,29.70,29.71,29.71,300.00,Buy
2023.04.24 14:01:21.080,29.70,29.71,29.71,200.00,Buy
2023.04.24 14:01:21.080,29.70,29.71,29.71,400.00,Buy
2023.04.24 14:01:21.080,29.70,29.71,29.71,200.00,Buy
2023.04.24 14:01:21.080,29.70,29.71,29.71,200.00,Buy
2023.04.24 14:01:21.080,29.70,29.71,29.71,300.00,Buy
2023.04.24 14:01:21.080,29.70,29.71,29.71,100.00,Buy
2023.04.24 14:01:21.080,29.70,29.71,29.70,200.00,Sell
2023.04.24 14:01:21.080,29.70,29.71,29.71,500.00,Buy
2023.04.24 14:01:21.089,29.70,29.71,29.70,200.00,Sell
2023.04.24 14:01:21.089,29.70,29.71,29.71,100.00,Buy
2023.04.24 14:01:21.089,29.70,29.71,29.71,200.00,Buy
2023.04.24 14:01:21.101,29.71,29.72,29.72,300.00,Buy
2023.04.24 14:01:21.101,29.71,29.72,29.71,200.00,Sell
2023.04.24 14:01:21.101,29.71,29.72,29.72,100.00,Buy
2023.04.24 14:01:21.115,29.71,29.72,29.71,200.00,Sell
2023.04.24 14:01:21.327,29.71,29.72,29.72,22000.00,Buy
2023.04.24 14:01:21.327,29.71,29.72,29.72,200.00,Buy
2023.04.24 14:01:21.327,29.71,29.72,29.72,300.00,Buy
2023.04.24 14:01:21.327,29.71,29.72,29.72,100.00,Buy
2023.04.24 14:01:21.327,29.71,29.72,29.72,200.00,Buy
2023.04.24 14:01:21.327,29.71,29.72,29.72,221.00,Buy
2023.04.24 14:01:21.333,29.71,29.72,29.72,100.00,Buy
2023.04.24 14:01:21.357,29.71,29.72,29.72,100.00,Buy
2023.04.24 14:01:21.403,29.71,29.72,29.72,100.00,Buy
2023.04.24 14:01:21.403,29.71,29.72,29.71,100.00,Sell
2023.04.24 14:01:21.403,29.71,29.72,29.72,100.00,Buy
2023.04.24 14:01:21.403,29.71,29.72,29.72,100.00,Buy
2023.04.24 14:01:21.403,29.71,29.72,29.71,100.00,Sell
2023.04.24 14:01:21.403,29.71,29.72,29.71,100.00,Sell
2023.04.24 14:01:21.403,29.71,29.72,29.72,100.00,Buy
2023.04.24 14:01:21.403,29.71,29.72,29.72,100.00,Buy
2023.04.24 14:01:21.415,29.71,29.72,29.72,100.00,Buy
2023.04.24 14:01:21.415,29.71,29.72,29.72,100.00,Buy
2023.04.24 14:01:21.415,29.71,29.72,29.72,100.00,Buy
2023.04.24 14:01:21.415,29.71,29.72,29.71,200.00,Sell
2023.04.24 14:01:21.415,29.71,29.72,29.72,100.00,Buy
2023.04.24 14:01:21.415,29.71,29.72,29.71,100.00,Sell
2023.04.24 14:01:21.415,29.71,29.72,29.72,100.00,Buy
2023.04.24 14:01:21.415,29.71,29.72,29.71,200.00,Sell
2023.04.24 14:01:21.415,29.71,29.72,29.72,100.00,Buy
2023.04.24 14:01:21.415,29.71,29.72,29.72,100.00,Buy
2023.04.24 14:01:21.415,29.71,29.72,29.72,100.00,Buy
2023.04.24 14:01:21.415,29.71,29.72,29.72,100.00,Buy
2023.04.24 14:01:21.415,29.71,29.72,29.72,100.00,Buy
2023.04.24 14:01:21.415,29.71,29.72,29.72,100.00,Buy
2023.04.24 14:01:21.694,29.71,29.72,29.72,100.00,Buy
2023.04.24 14:01:21.694,29.71,29.72,29.71,200.00,Sell
2023.04.24 14:01:21.694,29.71,29.72,29.72,100.00,Buy
2023.04.24 14:01:21.926,29.71,29.72,29.71,5000.00,Sell
2023.04.24 14:01:21.946,29.71,29.72,29.71,200.00,Sell
2023.04.24 14:01:22.225,29.70,29.71,29.71,100.00,Buy
2023.04.24 14:01:22.225,29.70,29.71,29.71,100.00,Buy
2023.04.24 14:01:22.225,29.70,29.71,29.71,626.00,Buy
2023.04.24 14:01:22.225,29.70,29.71,29.71,100.00,Buy
2023.04.24 14:01:22.225,29.70,29.71,29.71,200.00,Buy
2023.04.24 14:01:22.225,29.70,29.71,29.71,100.00,Buy
2023.04.24 14:01:22.225,29.70,29.71,29.71,167.00,Buy
2023.04.24 14:01:22.225,29.70,29.71,29.70,200.00,Sell
2023.04.24 14:01:22.423,29.70,29.71,29.70,200.00,Sell
2023.04.24 14:01:23.082,29.70,29.71,29.71,3800.00,Buy
2023.04.24 14:01:23.084,29.70,29.71,29.70,200.00,Sell
2023.04.24 14:01:23.438,29.70,29.71,29.71,300.00,Buy
2023.04.24 14:01:23.438,29.70,29.71,29.71,100.00,Buy
2023.04.24 14:01:23.438,29.70,29.71,29.71,100.00,Buy
2023.04.24 14:01:23.438,29.70,29.71,29.71,200.00,Buy
2023.04.24 14:01:23.438,29.70,29.71,29.71,100.00,Buy
2023.04.24 14:01:27.451,29.70,29.71,29.70,673.00,Sell
2023.04.24 14:01:27.676,29.70,29.71,29.71,100.00,Buy
2023.04.24 14:01:27.676,29.70,29.71,29.71,100.00,Buy
2023.04.24 14:01:27.685,29.70,29.71,29.71,100.00,Buy
2023.04.24 14:01:27.685,29.70,29.71,29.71,100.00,Buy
2023.04.24 14:01:27.685,29.70,29.71,29.71,100.00,Buy
2023.04.24 14:01:27.685,29.70,29.71,29.71,100.00,Buy
2023.04.24 14:01:28.669,29.70,29.71,29.71,550.00,Buy
2023.04.24 14:01:28.688,29.70,29.71,29.71,700.00,Buy
2023.04.24 14:01:32.020,29.70,29.71,29.71,100.00,Buy
2023.04.24 14:01:32.020,29.70,29.71,29.71,100.00,Buy
2023.04.24 14:01:32.088,29.70,29.71,29.71,200.00,Buy
2023.04.24 14:01:32.172,29.70,29.71,29.71,100.00,Buy
2023.04.24 14:01:33.043,29.70,29.71,29.71,100.00,Buy
2023.04.24 14:01:33.204,29.70,29.71,29.71,100.00,Buy
2023.04.24 14:01:35.525,29.70,29.71,29.71,675.00,Buy
2023.04.24 14:01:36.541,29.70,29.71,29.71,100.00,Buy
2023.04.24 14:01:36.541,29.70,29.71,29.71,100.00,Buy
2023.04.24 14:01:36.541,29.70,29.71,29.71,100.00,Buy
2023.04.24 14:01:36.541,29.70,29.71,29.71,500.00,Buy
2023.04.24 14:01:36.541,29.70,29.71,29.71,100.00,Buy
2023.04.24 14:01:36.541,29.70,29.71,29.71,100.00,Buy
2023.04.24 14:01:36.541,29.70,29.71,29.71,129.00,Buy
2023.04.24 14:01:36.541,29.70,29.71,29.71,100.00,Buy
2023.04.24 14:01:36.541,29.70,29.71,29.71,285.00,Buy
2023.04.24 14:01:36.541,29.70,29.71,29.71,100.00,Buy
2023.04.24 14:01:36.541,29.70,29.71,29.71,100.00,Buy
2023.04.24 14:01:36.541,29.70,29.71,29.71,200.00,Buy
2023.04.24 14:01:36.541,29.70,29.71,29.71,100.00,Buy
2023.04.24 14:01:36.541,29.70,29.71,29.71,100.00,Buy
2023.04.24 14:01:36.541,29.70,29.71,29.71,100.00,Buy
2023.04.24 14:01:36.541,29.70,29.71,29.71,100.00,Buy
2023.04.24 14:01:36.541,29.70,29.71,29.71,100.00,Buy
2023.04.24 14:01:36.541,29.70,29.71,29.71,200.00,Buy
2023.04.24 14:01:36.541,29.70,29.71,29.71,300.00,Buy
2023.04.24 14:01:36.541,29.70,29.71,29.71,800.00,Buy
2023.04.24 14:01:36.541,29.70,29.71,29.71,100.00,Buy
2023.04.24 14:01:36.541,29.70,29.71,29.71,100.00,Buy
2023.04.24 14:01:36.541,29.70,29.71,29.71,100.00,Buy
2023.04.24 14:01:36.541,29.70,29.71,29.71,100.00,Buy
2023.04.24 14:01:36.541,29.70,29.71,29.71,100.00,Buy
2023.04.24 14:01:36.541,29.70,29.71,29.71,300.00,Buy
2023.04.24 14:01:36.541,29.70,29.71,29.71,100.00,Buy
2023.04.24 14:01:36.670,29.70,29.71,29.71,100.00,Buy
2023.04.24 14:01:38.308,29.70,29.71,29.71,350.00,Buy
2023.04.24 14:01:40.111,29.70,29.71,29.71,800.00,Buy
2023.04.24 14:01:42.291,29.70,29.71,29.70,346.00,Sell
2023.04.24 14:01:43.349,29.70,29.71,29.71,100.00,Buy
2023.04.24 14:01:43.586,29.70,29.71,29.71,150.00,Buy
2023.04.24 14:01:43.673,29.70,29.71,29.70,107.00,Sell
2023.04.24 14:01:43.673,29.70,29.71,29.70,1118.00,Sell
2023.04.24 14:01:43.810,29.70,29.71,29.71,147.00,Buy
2023.04.24 14:01:45.064,29.70,29.71,29.70,100.00,Sell
2023.04.24 14:01:45.064,29.70,29.71,29.71,143.00,Buy
2023.04.24 14:01:45.064,29.70,29.71,29.71,157.00,Buy
2023.04.24 14:01:45.353,29.70,29.71,29.70,100.00,Sell
2023.04.24 14:01:45.353,29.70,29.71,29.70,100.00,Sell
2023.04.24 14:01:45.353,29.70,29.71,29.70,200.00,Sell
2023.04.24 14:01:45.353,29.70,29.71,29.70,100.00,Sell
2023.04.24 14:01:46.070,29.70,29.71,29.71,297.00,Buy
2023.04.24 14:01:46.092,29.70,29.71,29.70,100.00,Sell
2023.04.24 14:01:46.465,29.70,29.71,29.70,300.00,Sell
2023.04.24 14:01:46.808,29.70,29.71,29.70,500.00,Sell
2023.04.24 14:01:46.925,29.70,29.71,29.70,400.00,Sell
2023.04.24 14:01:47.027,29.70,29.71,29.70,100.00,Sell
2023.04.24 14:01:47.027,29.70,29.71,29.70,100.00,Sell
2023.04.24 14:01:47.027,29.70,29.71,29.70,100.00,Sell
2023.04.24 14:01:47.027,29.70,29.71,29.70,100.00,Sell
2023.04.24 14:01:47.027,29.70,29.71,29.70,400.00,Sell
2023.04.24 14:01:47.027,29.70,29.71,29.70,100.00,Sell
2023.04.24 14:01:47.027,29.70,29.71,29.70,100.00,Sell
2023.04.24 14:01:47.027,29.70,29.71,29.70,100.00,Sell
2023.04.24 14:01:47.027,29.70,29.71,29.70,100.00,Sell
2023.04.24 14:01:47.027,29.70,29.71,29.70,200.00,Sell
2023.04.24 14:01:47.027,29.70,29.71,29.70,300.00,Sell
2023.04.24 14:01:47.027,29.70,29.71,29.70,200.00,Sell
2023.04.24 14:01:47.027,29.70,29.71,29.70,200.00,Sell
2023.04.24 14:01:47.027,29.70,29.71,29.70,200.00,Sell
2023.04.24 14:01:47.027,29.70,29.71,29.70,200.00,Sell
2023.04.24 14:01:47.027,29.70,29.71,29.70,200.00,Sell
2023.04.24 14:01:47.027,29.70,29.71,29.70,200.00,Sell
2023.04.24 14:01:47.027,29.70,29.71,29.70,200.00,Sell
2023.04.24 14:01:47.027,29.70,29.71,29.70,233.00,Sell
2023.04.24 14:01:47.027,29.70,29.71,29.70,200.00,Sell
2023.04.24 14:01:47.027,29.70,29.71,29.70,200.00,Sell
2023.04.24 14:01:47.027,29.70,29.71,29.70,200.00,Sell
2023.04.24 14:01:47.027,29.70,29.71,29.70,200.00,Sell
2023.04.24 14:01:47.027,29.70,29.71,29.70,200.00,Sell
2023.04.24 14:01:47.027,29.70,29.71,29.70,200.00,Sell
2023.04.24 14:01:47.027,29.70,29.71,29.70,200.00,Sell
2023.04.24 14:01:47.027,29.70,29.71,29.70,200.00,Sell
2023.04.24 14:01:47.027,29.70,29.71,29.70,300.00,Sell
2023.04.24 14:01:47.027,29.70,29.71,29.70,210.00,Sell
2023.04.24 14:01:47.027,29.70,29.71,29.70,200.00,Sell
2023.04.24 14:01:47.027,29.70,29.71,29.70,100.00,Sell
2023.04.24 14:01:47.027,29.70,29.71,29.70,300.00,Sell
2023.04.24 14:01:47.027,29.70,29.71,29.70,100.00,Sell
2023.04.24 14:01:47.027,29.70,29.71,29.70,100.00,Sell
2023.04.24 14:01:47.027,29.70,29.71,29.70,100.00,Sell
2023.04.24 14:01:47.027,29.70,29.71,29.70,223.00,Sell
2023.04.24 14:01:47.027,29.70,29.71,29.70,1288.00,Sell
2023.04.24 14:01:47.027,29.70,29.71,29.70,100.00,Sell
2023.04.24 14:01:47.027,29.70,29.71,29.70,122.00,Sell
2023.04.24 14:01:47.027,29.70,29.71,29.70,212.00,Sell
2023.04.24 14:01:47.027,29.70,29.71,29.70,300.00,Sell
2023.04.24 14:01:47.027,29.70,29.71,29.70,100.00,Sell
2023.04.24 14:01:47.027,29.70,29.71,29.70,100.00,Sell
2023.04.24 14:01:47.034,29.70,29.71,29.70,200.00,Sell
2023.04.24 14:01:47.034,29.70,29.71,29.70,100.00,Sell
2023.04.24 14:01:48.127,29.70,29.71,29.71,100.00,Buy
2023.04.24 14:01:48.248,29.70,29.71,29.71,100.00,Buy
2023.04.24 14:01:48.553,29.70,29.71,29.70,2000.00,Sell
2023.04.24 14:01:50.527,29.70,29.71,29.71,210.00,Buy
2023.04.24 14:01:53.780,29.70,29.71,29.71,200.00,Buy
2023.04.24 14:01:57.684,29.70,29.71,29.71,300.00,Buy
2023.04.24 14:01:57.684,29.70,29.71,29.70,2700.00,Sell
2023.04.24 14:01:58.651,29.70,29.71,29.71,5000.00,Buy
2023.04.24 14:02:00.803,29.70,29.71,29.71,100.00,Buy
2023.04.24 14:02:01.017,29.70,29.71,29.70,100.00,Sell
2023.04.24 14:02:01.017,29.70,29.71,29.70,100.00,Sell
2023.04.24 14:02:01.017,29.70,29.71,29.70,100.00,Sell
2023.04.24 14:02:01.204,29.70,29.71,29.71,100.00,Buy
2023.04.24 14:02:01.663,29.70,29.71,29.70,100.00,Sell
2023.04.24 14:02:01.784,29.70,29.71,29.71,100.00,Buy
2023.04.24 14:02:01.941,29.70,29.71,29.71,100.00,Buy
2023.04.24 14:02:04.019,29.70,29.71,29.70,100.00,Sell
2023.04.24 14:02:04.019,29.70,29.71,29.70,200.00,Sell
2023.04.24 14:02:06.155,29.70,29.71,29.70,1000.00,Sell
2023.04.24 14:02:07.399,29.70,29.71,29.71,200.00,Buy
2023.04.24 14:02:09.830,29.70,29.71,29.71,300.00,Buy
2023.04.24 14:02:10.955,29.70,29.71,29.71,200.00,Buy
2023.04.24 14:02:10.955,29.70,29.71,29.71,100.00,Buy
2023.04.24 14:02:11.106,29.70,29.71,29.71,100.00,Buy
2023.04.24 14:02:11.337,29.70,29.71,29.70,200.00,Sell
2023.04.24 14:02:11.337,29.70,29.71,29.70,100.00,Sell
2023.04.24 14:02:11.337,29.70,29.71,29.70,100.00,Sell
2023.04.24 14:02:11.463,29.70,29.71,29.71,5000.00,Buy
2023.04.24 14:02:11.463,29.70,29.71,29.70,200.00,Sell
2023.04.24 14:02:12.375,29.70,29.71,29.70,100.00,Sell
2023.04.24 14:02:12.375,29.70,29.71,29.70,100.00,Sell
2023.04.24 14:02:12.594,29.70,29.71,29.70,100.00,Sell
2023.04.24 14:02:12.603,29.70,29.71,29.70,100.00,Sell
2023.04.24 14:02:15.618,29.70,29.71,29.70,1000.00,Sell
2023.04.24 14:02:18.403,29.70,29.71,29.71,600.00,Buy
2023.04.24 14:02:18.417,29.70,29.71,29.71,300.00,Buy
2023.04.24 14:02:18.417,29.70,29.71,29.71,100.00,Buy
2023.04.24 14:02:18.507,29.70,29.71,29.70,100.00,Sell
2023.04.24 14:02:19.752,29.70,29.71,29.70,501.00,Sell
2023.04.24 14:02:22.610,29.70,29.71,29.70,300.00,Sell
2023.04.24 14:02:22.610,29.70,29.71,29.70,808.00,Sell
2023.04.24 14:02:22.610,29.70,29.71,29.70,100.00,Sell
2023.04.24 14:02:22.610,29.70,29.71,29.70,100.00,Sell
2023.04.24 14:02:22.610,29.70,29.71,29.70,400.00,Sell
2023.04.24 14:02:22.610,29.70,29.71,29.70,115.00,Sell
2023.04.24 14:02:22.610,29.70,29.71,29.70,268.00,Sell
2023.04.24 14:02:22.610,29.70,29.71,29.70,200.00,Sell
2023.04.24 14:02:22.610,29.70,29.71,29.70,100.00,Sell
2023.04.24 14:02:22.610,29.70,29.71,29.70,100.00,Sell
2023.04.24 14:02:22.610,29.70,29.71,29.70,100.00,Sell
2023.04.24 14:02:22.610,29.70,29.71,29.70,200.00,Sell
2023.04.24 14:02:22.610,29.70,29.71,29.70,100.00,Sell
2023.04.24 14:02:23.617,29.69,29.70,29.69,100.00,Sell
2023.04.24 14:02:24.255,29.69,29.70,29.70,500.00,Buy
2023.04.24 14:02:24.255,29.69,29.70,29.70,100.00,Buy
2023.04.24 14:02:25.312,29.69,29.70,29.70,100.00,Buy
2023.04.24 14:02:26.858,29.69,29.70,29.70,100.00,Buy
2023.04.24 14:02:29.315,29.69,29.70,29.70,100.00,Buy
2023.04.24 14:02:29.833,29.69,29.70,29.70,4300.00,Buy
2023.04.24 14:02:29.833,29.69,29.70,29.70,300.00,Buy
2023.04.24 14:02:30.936,29.69,29.70,29.70,100.00,Buy
2023.04.24 14:02:32.245,29.69,29.70,29.69,100.00,Sell
2023.04.24 14:02:32.245,29.69,29.70,29.69,500.00,Sell
2023.04.24 14:02:32.245,29.69,29.70,29.70,4400.00,Buy
2023.04.24 14:02:32.258,29.69,29.70,29.69,100.00,Sell
2023.04.24 14:02:32.258,29.69,29.70,29.69,200.00,Sell
2023.04.24 14:02:32.264,29.69,29.70,29.69,100.00,Sell
2023.04.24 14:02:32.264,29.69,29.70,29.70,134.00,Buy
2023.04.24 14:02:32.351,29.69,29.70,29.69,400.00,Sell
2023.04.24 14:02:32.506,29.69,29.70,29.70,1000.00,Buy
2023.04.24 14:02:32.872,29.69,29.70,29.69,300.00,Sell
2023.04.24 14:02:34.435,29.69,29.70,29.69,530.00,Sell
2023.04.24 14:02:42.038,29.69,29.70,29.70,100.00,Buy
2023.04.24 14:02:42.038,29.69,29.70,29.70,200.00,Buy
2023.04.24 14:02:42.038,29.69,29.70,29.70,100.00,Buy
2023.04.24 14:02:42.038,29.69,29.70,29.70,100.00,Buy
