,Close,Close,Dividends,Dividends,High,High,Low,Low,Open,Open,Stock Splits,Stock Splits,Volume,Volume
,AAPL,IBM,AAPL,IBM,AAPL,IBM,AAPL,IBM,AAPL,IBM,AAPL,IBM,AAPL,IBM
Date,,,,,,,,,,,,,,
2021-01-04,127.3316879272461,103.5586166381836,0.0,0.0,131.46423321412598,105.21301089714288,124.72424524313205,102.80661803538139,131.37568221121586,105.15452574728805,0.0,0.0,143301900,5417443
2021-01-05,128.9059600830078,105.39682006835938,0.0,0.0,129.6242470153751,105.84801783378298,126.36739335533215,104.11842195431724,126.82001231252619,104.45264276826111,0.0,0.0,97664900,6395872
2021-01-06,124.56681060791016,108.02882385253906,0.0,0.0,128.94534839707228,110.19290757123545,124.35034259271949,105.88144350720718,125.66882618212315,106.03184721563436,0.0,0.0,155088000,8322708
2021-01-07,128.81741333007812,107.77816009521484,0.0,0.0,129.51601728368752,109.00642823090826,125.80655955825227,107.16820353797877,126.29852952132792,108.65549066755943,0.0,0.0,109578200,4714740
2021-01-08,129.92929077148438,107.39379119873047,0.0,0.0,130.49997782043172,108.05387777317348,128.13851261647014,106.09867644131413,130.30317779313432,107.4272112780402,0.0,0.0,105158200,4891305
2021-01-11,126.9085922241211,107.43556213378906,0.0,0.0,128.07948336681548,108.35467429129666,126.43630517129583,106.66685366337104,127.11522625495793,106.90916256500026,0.0,0.0,100384500,5859587
2021-01-12,126.73148345947266,107.96196746826172,0.0,0.0,127.60718951735875,108.49672208511257,124.82263732989908,106.90081325450981,126.43629843702853,107.86170056085139,0.0,0.0,91951100,3921663
2021-01-13,128.7879180908203,106.04855346679688,0.0,0.0,129.33892214035455,108.41317093354164,126.4264678746066,105.66419585679041,126.69212088965998,107.9118363700578,0.0,0.0,88636800,8030874
2021-01-14,126.83971405029297,107.76143646240234,0.0,0.0,128.8961451288232,108.75574387446122,126.69211403618017,106.57495025046319,128.69936012373964,106.96766287039135,0.0,0.0,90221800,7848347
2021-01-15,125.09814453125,107.27682495117188,0.0,0.0,128.12868186070955,107.9870417154049,124.96039351689885,106.675223455527,126.71180570524953,107.1849130558917,0.0,0.0,111598500,5131153
2021-01-19,125.77706146240234,107.80320739746094,0.0,0.0,126.64293353192642,108.27947686867364,124.90135539708241,107.02614387581275,125.72786145595501,108.02045124944915,0.0,0.0,90757300,5646308
2021-01-20,129.9096221923828,108.68891143798828,0.0,0.0,130.36224128620208,109.50775014869951,126.48551453218796,107.41886826609434,126.5937485537272,108.3714006450148,0.0,0.0,104319500,5856240
2021-01-21,134.67189025878906,110.000732421875,0.0,0.0,137.42692581926926,110.49371199900175,131.44456760654356,108.66384905097617,131.65120165441735,108.72233419774588,0.0,0.0,120150900,13116003
2021-01-22,136.83656311035156,99.1051025390625,0.0,0.0,137.60403522200843,100.85140856703742,132.85160252214237,98.06065826337795,134.09136169934152,100.85140856703742,0.0,0.0,114459400,39814421
2021-01-25,140.62472534179688,99.08003234863281,0.0,0.0,142.75987367939632,99.88216097659325,134.3471823399822,98.13585503900279,140.77232537348837,99.23042938262132,0.0,0.0,157611700,14315974
2021-01-26,140.86085510253906,102.34706115722656,0.0,0.0,141.98254611074316,102.43061804147358,139.0995940811042,98.94635398009596,141.29379110811487,99.58137563155067,0.0,0.0,98390600,11186656
2021-01-27,139.77854919433594,102.33033752441406,0.0,0.0,141.98258075425957,104.26882230783873,138.15505379102953,101.62011410465398,141.12654252936895,102.0044717203387,0.0,0.0,140843800,12705239
2021-01-28,134.8883514404297,100.3333740234375,0.0,0.0,139.70966717938975,102.9403074642727,134.50461538281985,100.32501900183338,137.27933380994892,102.60608659606595,0.0,0.0,142621100,8455969
2021-01-29,129.8407745361328,99.52287292480469,0.0,0.0,134.5440081842746,101.35273569376562,128.11887893233123,99.34740416563929,133.6486188670006,100.45033350550298,0.0,0.0,177523800,12369473
2021-02-01,131.98573303222656,100.71772766113281,0.0,0.0,133.20582424084392,101.06030353724255,128.82727849893377,99.20537545907693,131.60199696871769,100.1829729597864,0.0,0.0,106239800,6538023
2021-02-02,132.8220977783203,99.79859924316406,0.0,0.0,134.12089108187334,101.1020690356171,132.44819568448185,99.6649122563526,133.55020394370703,99.73175908376469,0.0,0.0,83305400,6633627
2021-02-03,131.7889404296875,99.5312271118164,0.0,0.0,133.58955262845603,100.0994018172913,131.46423839249303,98.6956717597568,133.57970361858875,99.46438028316702,0.0,0.0,89880900,7024308
2021-02-04,135.18353271484375,101.11878967285156,0.0,0.0,135.19336671111586,101.18562983925588,132.42849737143808,99.32234684450766,134.11104158552652,100.19132235187102,0.0,0.0,84183100,4771957
2021-02-05,134.76473999023438,101.76216125488281,0.205,0.0,135.41511455508802,101.77887129565832,133.87787651901326,100.70100698550793,135.34614363612138,101.10207463617219,0.0,0.0,75693800,4775722
2021-02-08,134.91256713867188,103.28285217285156,0.0,0.0,134.96184067527963,103.59200788291146,132.9515946565922,102.27182818384262,134.0454010101265,102.4556519396646,0.0,0.0,71297200,6158848
2021-02-09,134.02566528320312,103.38447570800781,0.0,1.558317,135.86839298593938,103.8078361072663,133.8680110441132,102.49542157241174,134.62676623848196,103.21513560257453,0.0,0.0,76774200,4933982
2021-02-10,133.4147186279297,103.50302124023438,0.0,0.0,134.99138134353515,104.49368895103899,132.43915688107967,102.63090039370569,134.48881239689877,104.1719285438861,0.0,0.0,73046600,5090673
2021-02-11,133.1585235595703,102.37687683105469,0.0,0.0,134.40013535680916,103.47761111638721,131.81836469942982,102.13979663992407,133.91727880646425,103.29979759448098,0.0,0.0,64280000,5629154
2021-02-12,133.39498901367188,102.28373718261719,0.0,0.0,133.55265827214197,102.7578975669461,131.7395069082401,101.6825632780205,132.38988132230318,102.45308403822985,0.0,0.0,60145100,4049275
2021-02-16,131.246826171875,101.66563415527344,0.0,0.0,134.02567594763306,102.11439455698485,130.85265295236155,101.06446698289061,133.51327331652192,101.73337425174788,0.0,0.0,80576300,6945231
2021-02-17,128.9311065673828,101.58097076416016,0.0,0.0,130.29097787271303,102.08053118653548,127.58109899022926,100.77658327635632,129.3351284821796,100.98826348292395,0.0,0.0,97918500,4141219
2021-02-18,127.81761932373047,102.2244644165039,0.0,0.0,128.10338179026962,102.4022779403344,125.55117186943728,101.35234364583197,127.31505027971029,102.02972431554265,0.0,0.0,96856700,5646413
2021-02-19,127.97523498535156,100.75118255615234,0.0,0.0,128.80299109159074,102.24987732684511,126.92085374908321,100.23468204494961,128.33984703272935,102.24141065921202,0.0,0.0,87668800,6881320
2021-02-22,124.16171264648438,102.33454132080078,0.0,0.0,127.82744060370273,102.56316161225234,123.76754697573571,100.28548617919948,126.14238217330005,100.33628618366637,0.0,0.0,103916400,6149643
2021-02-23,124.02376556396484,102.20755004882812,0.0,0.0,124.86136298151526,102.74945063088676,116.66274795975218,101.43703589777327,121.9544050270505,102.38536360565534,0.0,0.0,158273000,4739740
2021-02-24,123.52120208740234,104.3243408203125,0.0,0.0,123.72813738590314,104.56142103176815,120.44672620329301,102.04666529397595,123.1171877002585,102.2837455054316,0.0,0.0,111039900,6087720
2021-02-25,119.22481536865234,103.69776153564453,0.0,0.0,124.61501205531516,105.28959634910112,118.78138364687447,103.58768810333007,122.86098255233883,104.45980889452284,0.0,0.0,148199500,5953623
2021-02-26,119.4908676147461,100.70037078857422,0.0,0.0,123.02848735407596,103.51147998808996,119.43173787824773,100.65803745251274,120.80145773745129,103.51147998808996,0.0,0.0,164560400,9467346
2021-03-01,125.92559814453125,102.2329330444336,0.0,0.0,126.06355500152355,103.57075431815012,120.99854605742111,101.48782578055909,121.94453915597607,101.90271274892669,0.0,0.0,116307900,5977367
2021-03-02,123.2945556640625,101.88577270507812,0.0,0.0,126.84203170717815,103.21512722396932,123.18615991535444,101.82650603797842,126.53655687977447,102.23292631229678,0.0,0.0,102260900,4732418
2021-03-03,120.2791976928711,103.60462188720703,0.0,0.0,123.87594735608259,103.83323542015012,120.06240618994711,101.5894334275173,122.98907644325048,102.02972715868425,0.0,0.0,112966300,7744898
2021-03-04,118.37734985351562,101.69950866699219,0.0,0.0,121.79672517930346,104.33280443341457,116.88938554735212,100.55643422485332,119.97371742431685,103.29980342602289,0.0,0.0,178155000,8439651
2021-03-05,119.6485366821289,104.00257873535156,0.0,0.0,120.16095433331215,104.78155940569208,115.85470790100779,101.81804348872313,119.21496119045676,102.14826377583869,0.0,0.0,153766600,7268968
2021-03-08,114.66236877441406,105.6790771484375,0.0,0.0,119.23467298838976,107.40638529534806,114.51455569271215,104.04490909375869,119.16569455267361,104.13804918599043,0.0,0.0,154376600,7572203
2021-03-09,119.32334899902344,105.1456527709961,0.0,0.0,120.27919834816758,107.05077460619138,117.0569094517548,105.12871943582196,117.29340585710345,106.17865378778784,0.0,0.0,129525800,5867014
2021-03-10,118.22955322265625,108.27003479003906,0.0,0.0,120.38759707112825,108.58332172079997,117.70727935074852,105.50973259271727,119.91460424875852,105.88228618877247,0.0,0.0,111943300,7581199
2021-03-11,120.18065643310547,107.65194702148438,0.0,0.0,121.41241948385237,108.92202822694304,119.4908721319212,107.34712672132028,120.75219629299244,108.45632773067139,0.0,0.0,103026500,5383657
2021-03-12,119.26423645019531,108.0499038696289,0.0,0.0,119.40219332434485,108.10917730077371,117.42152355201829,107.20318979798466,118.64343051652239,107.6942835541113,0.0,0.0,88105100,4194565
2021-03-15,122.18103790283203,108.87120819091797,0.0,0.0,122.19089411225971,109.01514827742466,118.66312294564601,107.99062082477619,119.6386846906925,108.1853676670074,0.0,0.0,92403800,3577948
2021-03-16,123.73799133300781,108.58332824707031,0.0,0.0,125.36392009787879,108.82041519384555,122.90039394446374,107.82128091910064,123.86609198647474,108.61720167210477,0.0,0.0,115227900,4867247
2021-03-17,122.9397964477539,109.25225067138672,0.0,0.0,124.02374632099628,109.64173765385708,120.5550977049195,107.94829601337912,122.24015600667849,108.76961683071902,0.0,0.0,111932600,4488804
2021-03-18,118.77152252197266,110.1243667602539,0.0,0.0,121.38286176615965,110.92028078336118,118.56458722583356,108.20231166207972,121.08723561848367,109.17603921207038,0.0,0.0,121229700,6104142
2021-03-19,118.23939514160156,109.14217376708984,0.0,0.0,119.65838856360008,110.44612162654798,117.93392031473213,108.82888680327132,118.15071181176913,110.09049456879262,0.0,0.0,185549500,10297870
2021-03-22,121.58979797363281,110.53925323486328,0.0,0.0,122.06279830984253,110.68320009202859,118.505465891749,108.28698460900638,118.57444432431237,108.80347833858181,0.0,0.0,111912300,4356485
2021-03-23,120.75218963623047,110.46305084228516,0.0,0.0,122.42738428566302,111.39443827452997,120.35802397810379,109.90421703151495,121.53066474355735,110.44611750818856,0.0,0.0,95467100,4556794
2021-03-24,118.33795166015625,110.5985336303711,0.0,0.0,121.10696047222518,111.86014821271603,118.31824675672782,110.55620029154763,121.02812582233948,110.87795393795737,0.0,0.0,88530500,4189230
2021-03-25,118.83064270019531,112.67298889160156,0.0,0.0,119.8850391003292,112.81693574924229,117.26384369148572,109.87881301101378,117.79596623729797,110.35298016311548,0.0,0.0,98844700,5809484
2021-03-26,119.44160461425781,115.47564697265625,0.0,0.0,119.70766965673806,115.56031365168337,117.18501368954307,112.71533755132333,118.59415099124406,112.85927766278671,0.0,0.0,94071200,5823710
2021-03-29,119.61898040771484,115.03534698486328,0.0,0.0,120.79162131256227,116.05987455967559,118.9686133848675,114.73899335296213,119.87518924366586,115.1369469941949,0.0,0.0,80819200,4835344
2021-03-30,118.15071868896484,114.07007598876953,0.0,0.0,118.643423931606,115.38249724677043,117.12589088210102,113.47736874230247,118.35765398870389,115.03534362035687,0.0,0.0,85671900,5010758
2021-03-31,120.36788940429688,112.8338623046875,0.0,0.0,121.7178969252965,114.0616100689164,119.38247894256394,112.3681618478244,119.87518417343041,113.9176564628077,0.0,0.0,118323800,5172575
2021-04-01,121.20549011230469,112.80846405029297,0.0,0.0,122.36827478971526,113.40116455308966,120.70292865799465,111.99561668115513,121.85586464353952,113.2572312074809,0.0,0.0,75089100,4261404
2021-04-05,124.06317138671875,115.09459686279297,0.0,0.0,124.31938019686277,115.73810407514272,121.27445813862006,112.95240180097875,122.06278946917787,113.15561531615407,0.0,0.0,88651200,5722980
2021-04-06,124.36865234375,113.64671325683594,0.0,0.0,125.27522815597123,114.84906105936848,123.81682489597797,113.53663982843247,124.6544222772277,114.79824754300299,0.0,0.0,80171300,3787566
2021-04-07,126.03401184082031,114.24788665771484,0.0,0.0,126.05371674401765,114.2563600823175,123.31427659634514,113.27416583991904,123.9942122869854,113.3249658448335,0.0,0.0,83466700,3112896
2021-04-08,128.4580841064453,114.40877532958984,0.0,0.0,128.4876452118148,114.84059564919899,126.6449328083351,113.59592118181499,127.0686520094094,113.94307482529507,0.0,0.0,88844600,4275211
2021-04-09,131.05958557128906,114.9252700805664,0.0,0.0,131.09899537208756,114.93372999063835,127.58108799924541,114.0616159703925,127.90627524146943,114.19708264541062,0.0,0.0,106686700,3162999
2021-04-12,129.3252716064453,113.96001434326172,0.0,0.0,130.9117830168788,114.62045499560158,128.72417063637621,113.33344036321087,130.58659576721814,114.32410134172065,0.0,0.0,91420000,3926684
2021-04-13,132.46873474121094,111.07270050048828,0.0,0.0,132.69538999670107,113.13870269733002,130.00520833418548,110.39532649729419,130.5077773443687,112.61373547986346,0.0,0.0,91266500,8403041
2021-04-14,130.10374450683594,112.30043029785156,0.0,0.0,133.03041483612432,112.42743705824414,129.73914744071155,110.5138487141212,132.97129261309559,111.18275594074079,0.0,0.0,87222800,6137928
2021-04-15,132.53770446777344,112.25809478759766,0.0,0.0,133.03040968884324,113.35036918862926,131.6902508860866,111.95328125306251,131.86763258448016,112.85080203644013,0.0,0.0,89347100,4062664
2021-04-16,132.20265197753906,113.11328125,0.0,0.0,132.7052058271014,113.54511506058452,131.3354860854301,112.57138076637591,132.34060882072293,112.613720859277,0.0,0.0,84922400,5535223
2021-04-19,132.87274169921875,112.71532440185547,0.0,0.0,133.49355509536736,113.30802487148668,131.39462602166128,112.25809060286403,131.5621439941107,113.12174468512411,0.0,0.0,94264200,8575736
2021-04-20,131.16796875,116.9828109741211,0.0,0.0,133.55265992830198,118.34601886405672,129.88693232233874,115.7465963483393,133.05010607638556,116.05988333882712,0.0,0.0,94812300,16192708
2021-04-21,131.55227661132812,121.5466079711914,0.0,0.0,131.79862918925198,121.69902149321773,129.384376932832,116.60176355765088,130.42890945744216,116.89811717748732,0.0,0.0,68847100,12456814
2021-04-22,130.0150604248047,119.62455749511719,0.0,0.0,132.1928091534201,122.55419994338745,129.49279407615916,119.38747730640222,131.0990029251648,121.67361252409391,0.0,0.0,84566500,7428064
2021-04-23,132.36033630371094,120.59829711914062,0.0,0.0,133.14865261954185,121.5974179760129,130.23184616415975,119.34514919991793,130.23184616415975,119.64996275481037,0.0,0.0,78657500,4765576
2021-04-26,132.75450134277344,119.87010955810547,0.0,0.0,133.0895372979847,121.61436475113106,131.6114215749308,119.7939163051049,132.86289709724423,120.58982362014851,0.0,0.0,66905100,4927497
2021-04-27,132.42929077148438,120.24267578125,0.0,0.0,133.43441349638476,120.70837631784241,132.15337708796943,119.17580801686371,133.0402403512434,119.97172888461212,0.0,0.0,66015800,4062664
2021-04-28,131.63111877441406,121.08092498779297,0.0,0.0,133.0501121102573,121.4196051971391,131.13841359036675,120.31887086685526,132.3504641329958,121.01317813453682,0.0,0.0,107760100,3941433
2021-04-29,131.53257751464844,122.13084411621094,0.0,0.0,135.07021231936199,125.94108763991446,130.51760599371434,121.0639764701433,134.47896005800425,122.03770401922196,0.0,0.0,151101000,4554179
2021-04-30,129.54205322265625,120.13258361816406,0.0,0.0,131.61140596783576,121.78368501666517,129.15774378168229,119.00644259473783,129.85737672070647,121.67361159009843,0.0,0.0,109839500,9280321
2021-05-03,130.60629272460938,122.56268310546875,0.0,0.0,132.11398452673293,123.40940392425397,129.90665973448455,121.54661542007968,130.11358750603188,121.76676229239447,0.0,0.0,75135100,5997241
2021-05-04,125.9847183227539,123.409423828125,0.0,0.0,129.571619100698,124.12066456549154,124.85149485746057,122.20707574697651,129.27599297302677,122.27482261308491,0.0,0.0,137564700,6642623
2021-05-05,126.23108673095703,122.96063232421875,0.0,0.0,128.5467923047563,123.57027291348486,126.10297855878028,122.74895888426674,127.31502922204272,123.57027291348486,0.0,0.0,84000900,5229895
2021-05-06,127.84713745117188,125.67017364501953,0.0,0.0,127.85698614112955,125.7463804274198,125.27520845435144,122.92679704979545,126.0241223857522,122.99453040560145,0.0,0.0,78128300,7848661
2021-05-07,128.52825927734375,124.53997039794922,0.22,1.567878,129.56468579093183,125.12217750959854,127.80767686056933,123.77796985905027,129.15999265610654,124.93381598332289,0.0,0.0,78973300,7325661
2021-05-10,125.21163177490234,125.14787292480469,0.0,0.0,127.86688320517116,127.0400429002905,125.17214750240791,124.83108552304749,127.73857249856046,124.83108552304749,0.0,0.0,88071200,7304636
2021-05-11,124.28378295898438,123.47832489013672,0.0,0.0,124.63912636467664,124.30882935908652,121.18433145001849,122.3481692160017,121.90490627436637,124.13759033810075,0.0,0.0,126142800,7454214
2021-05-12,121.18433380126953,120.978271484375,0.0,0.0,123.0301841168799,123.41837602872934,120.67105328899497,120.8412775491412,121.80620171772101,123.15296992298262,0.0,0.0,112172300,6233742
2021-05-13,123.35591888427734,123.43553161621094,0.0,0.0,124.52067859066177,124.0605383593496,122.65508997640653,120.96116795046736,122.9709566325012,121.10671634282299,0.0,0.0,105861300,4807207
2021-05-14,125.80388641357422,123.8721694946289,0.0,0.0,126.23820589953583,124.7369190274399,124.22455309760745,123.25571722341579,124.61938830931297,124.24032450424413,0.0,0.0,81918000,2873780
2021-05-17,124.63912963867188,124.24031066894531,0.0,0.0,125.29060888307373,124.83107223860924,123.5533384288576,123.57249086580691,125.18202900900675,123.66667163280569,0.0,0.0,74244600,4471755
2021-05-18,123.23746490478516,123.21289825439453,0.0,0.0,125.34982455958105,124.40298943763706,123.16836930975371,122.63069114601062,124.92537803842926,123.95776259106373,0.0,0.0,63342900,4000009
2021-05-19,123.07952880859375,122.5964584350586,0.0,0.0,123.30655395270503,122.605012869669,121.27316295186905,120.65292095508177,121.56929121819772,121.85158035809563,0.0,0.0,92612000,4498532
2021-05-20,125.66568756103516,123.18722534179688,0.0,0.0,126.07039569935559,124.06909739758336,123.48423237459787,121.71459165890364,123.61255814082377,122.5365280089121,0.0,0.0,76857100,4301675
2021-05-21,123.80998229980469,123.92354583740234,0.0,0.0,126.34678861370502,124.74548225696549,123.59282255193801,123.5297138294917,126.16911314098277,123.5297138294917,0.0,0.0,79295400,4219041
2021-05-24,125.4583969116211,123.90641784667969,0.0,0.0,126.2875515331804,124.48005696188993,124.31338318671632,123.4440820473346,124.38247877760838,124.19752828718003,0.0,0.0,63092900,3449290
2021-05-25,125.260986328125,123.11017608642578,0.0,0.0,126.66265161380612,124.14615103452917,124.68847568544221,122.60502709839515,126.16910198357405,124.07766088877335,0.0,0.0,72009500,4118311
2021-05-26,125.21163177490234,122.7591323852539,0.0,0.0,125.74465815729455,123.28140386204684,124.78718525915602,122.46803562713248,125.32021164154824,122.86188125974058,0.0,0.0,56575900,3225655
2021-05-27,123.66191864013672,123.1358642578125,0.0,0.0,125.99143816688976,123.94923255068858,123.4645047944887,122.97319333228374,124.80694003129064,123.1358642578125,0.0,0.0,94625600,5889294
2021-05-28,123.00056457519531,123.06735229492188,0.0,0.0,124.17519720036097,123.57250123937014,122.94134193219702,122.8533137752851,123.94816451744263,123.46976602960002,0.0,0.0,71311100,2651192
2021-06-01,122.67481994628906,123.45265197753906,0.0,0.0,123.73099971129089,124.85678193226889,122.33921494192147,123.07592885203307,123.46449029787279,124.14614885421868,0.0,0.0,67637100,2528705
2021-06-02,123.44474792480469,124.76258850097656,0.0,0.0,123.62242338244575,124.78827913519527,122.44779830273721,123.38413565760186,122.6748234519784,123.82079444793422,0.0,0.0,59278900,2915097
2021-06-03,121.94438171386719,124.61703491210938,0.0,0.0,123.23745959265577,124.89957721577012,121.53967358123137,123.3242084600668,123.06965708779177,124.06908650370404,0.0,0.0,76229200,4320608
2021-06-04,124.2640380859375,126.21810913085938,0.0,0.0,124.53055505598374,126.32941244550958,122.25038527243784,124.79684301133736,122.46754501666653,125.00232710494015,0.0,0.0,75169300,3261323
2021-06-07,124.27391052246094,126.73180389404297,0.0,0.0,124.68848410653177,127.34825613283317,123.2177306596965,126.00404834818917,124.54041996054781,126.32940383473027,0.0,0.0,71057600,3621984
2021-06-08,125.10305786132812,127.63080596923828,0.0,0.0,126.8008515359584,128.59829072074484,124.57990440487879,126.81743770281612,124.96486666644925,126.81743770281612,0.0,0.0,74403800,5313785
2021-06-09,125.48802185058594,129.0006866455078,0.0,0.0,126.10001681551479,129.3431646757154,124.88589983710018,127.41674966995268,125.56699040041974,127.59655678516582,0.0,0.0,56877900,5547252
2021-06-10,124.481201171875,128.88937377929688,0.0,0.0,126.53433831497429,130.85858814390954,124.31339864895918,128.2215539686142,125.37944396519623,129.68561942547777,0.0,0.0,71186400,4977391
2021-06-11,125.7051773071289,129.52294921875,0.0,0.0,125.7940188053738,130.01097559540455,124.47132199879262,128.74382610209892,124.89576852609451,128.79519370352824,0.0,0.0,53522400,3596462
2021-06-14,128.7947235107422,128.4527587890625,0.0,0.0,128.8539461442755,129.30892667137988,125.42877079318288,127.27978979561296,126.16908383576423,129.03495240242898,0.0,0.0,96906500,3498661
2021-06-15,127.96559143066406,127.87906646728516,0.0,0.0,128.91319886275136,128.34997027262867,127.71882038771217,127.22836923864206,128.26171969454816,128.29860267529014,0.0,0.0,62746300,2628912
2021-06-16,128.468994140625,126.56913757324219,0.0,0.0,129.199441822712,128.22156470458873,126.8008346043744,126.04686608804568,128.68615385525334,128.22156470458873,0.0,0.0,91815000,4057329
2021-06-17,130.08782958984375,124.65984344482422,0.0,0.0,130.83802327611693,126.76603799695128,127.9754698500679,124.38585558557641,128.12354152790584,126.3293929063505,0.0,0.0,96721700,4568300
2021-06-18,128.7750244140625,122.53651428222656,0.0,0.0,129.81145087976532,123.87215386875458,128.5578646631106,122.46802414914205,129.02179548907958,123.70091487081328,0.0,0.0,108953300,9577699
2021-06-21,130.59124755859375,125.55883026123047,0.0,0.0,130.6998274271248,125.91843080291719,127.54116088128086,123.3413323056489,128.61707908472752,123.38413180770335,0.0,0.0,79663300,4482633
2021-06-22,132.24952697753906,125.31056213378906,0.0,0.0,132.34824141481747,125.69583969115313,129.92000783782808,124.44581257333098,130.42343038155613,125.44754242161687,0.0,0.0,74783600,2549102
2021-06-23,131.97314453125,123.81222534179688,0.0,0.0,132.58514693085596,125.43040731888041,131.50921378745403,123.7779802732709,132.04224764963635,125.37047161634455,0.0,0.0,60214200,3349920
2021-06-24,131.6868896484375,124.52287292480469,0.0,0.0,132.9009988396097,125.16501586317554,131.21307844949078,123.88074365166628,132.71345045607342,124.83109224286463,0.0,0.0,68711000,3775746
2021-06-25,131.39077758789062,125.7215347290039,0.0,0.0,132.1607020538173,125.7985793109881,131.09464931752436,124.10335253314675,131.73626308026957,124.47150756742073,0.0,0.0,70783700,3759533
2021-06-28,133.03921508789062,124.39445495605469,0.0,0.0,133.503145894086,126.11537244934763,131.62769182857602,124.06911308110178,131.68691447418217,125.86708882510287,0.0,0.0,62111300,4067789
2021-06-29,134.56919860839844,124.61703491210938,0.0,0.0,134.7271357043808,125.63588715994929,132.61477599617567,124.23175740633403,133.05896089962943,124.36873767582017,0.0,0.0,64556100,2540211
2021-06-30,135.19105529785156,125.5074691772461,0.0,0.0,135.63524016446573,125.7985659333474,134.11512209970357,123.89785525346342,134.41125036468273,124.25744214859299,0.0,0.0,63261400,3394375
2021-07-01,135.49705505371094,125.7215347290039,0.0,0.0,135.55627769701857,126.2866057665401,134.00654824248926,125.49035998735314,134.83571043392584,125.82426994847131,0.0,0.0,52485800,2809661
2021-07-02,138.15232849121094,119.88237762451172,0.0,0.0,138.19180523698273,125.81571218575475,135.9708655099598,119.4029192825437,136.1189221337434,125.78145344827216,0.0,0.0,78852600,17584515
2021-07-06,140.18572998046875,118.82070922851562,0.0,0.0,141.30112510473717,120.22483914872578,138.26091842276324,117.38232057163886,138.26091842276324,119.85668413295595,0.0,0.0,108181800,8466010
2021-07-07,142.70278930664062,119.71114349365234,0.0,0.0,143.0186484612328,120.14780234578103,140.81745461507043,118.80359438097719,141.68607858648258,118.80359438097719,0.0,0.0,104911600,4246446
2021-07-08,141.3899383544922,120.49883270263672,0.0,0.0,142.19933952131782,120.98684549131772,138.85312487217755,117.86179809569983,139.75137505895339,117.96453331482236,0.0,0.0,105575500,5739820
2021-07-09,143.2357940673828,121.1666488647461,0.0,0.0,143.76881292759205,121.56049452296631,140.80756022002714,120.58444164541045,140.9062746682967,121.10671315616713,0.0,0.0,99890800,4083689
2021-07-12,142.6336669921875,120.6529312133789,0.0,0.0,144.4301674669692,121.54335774150478,142.1401248918685,119.96798878137685,144.32158760243064,121.0895900421041,0.0,0.0,76299700,3496360
2021-07-13,143.75894165039062,120.10496520996094,0.0,0.0,145.55544211607412,120.65291360952133,141.77490783937174,119.54844871108078,142.16973549294352,120.65291360952133,0.0,0.0,100827100,3309858
2021-07-14,147.2235870361328,119.71114349365234,0.0,0.0,147.6381756111569,120.50738928434629,145.77257220867253,118.94914277660912,146.18716078369664,120.4817123117247,0.0,0.0,127050800,4606061
2021-07-15,146.56227111816406,120.25053405761719,0.0,0.0,148.06264345579518,120.25910215839627,145.19022455794214,118.83783598673688,147.31246481783512,119.2830492616697,0.0,0.0,106820300,3807126
2021-07-16,144.49925231933594,118.92343139648438,0.0,0.0,147.82572118185197,120.72142043664235,143.99584481040762,118.65802528936634,146.5425237988924,120.72142043664235,0.0,0.0,93251400,4298328
2021-07-19,140.6101531982422,118.08439636230469,0.0,0.0,142.20923997977135,118.57240911638061,139.84022866190662,116.6203171043819,141.89336577937172,116.8258011932887,0.0,0.0,121434600,8977086
2021-07-20,144.26235961914062,119.83956146240234,0.0,0.0,145.20010172230067,124.07765551968832,141.11357345877227,118.75221895203356,141.60711559234676,122.43379643605361,0.0,0.0,96350000,14237838
2021-07-21,143.5220489501953,120.978271484375,0.0,0.0,144.24263132235524,121.0553297188671,142.76200489551672,119.56557362596756,143.65037472693547,119.8395478312047,0.0,0.0,74993500,5024984
2021-07-22,144.90396118164062,120.4731216430664,0.0,0.0,146.2858730141573,121.41491565297068,143.92674241754784,120.21626997356799,144.05506818117775,121.28648981822148,0.0,0.0,77338200,3466653
2021-07-23,146.64122009277344,121.01252746582031,0.0,0.0,146.799157172853,121.32074676635615,145.02240267623037,120.14779160512833,145.6442705154755,120.6871856299898,0.0,0.0,71447400,4680013
2021-07-26,147.065673828125,122.23686218261719,0.0,0.0,147.89482090437443,122.43379183358964,145.79232683229796,120.83273231677015,146.3549720308515,121.05533893770841,0.0,0.0,72434100,4441630
2021-07-27,144.87435913085938,122.21973419189453,0.0,0.0,147.28284710310365,122.98173479610976,143.67011514473722,121.23512697667782,147.19399807398523,122.03137264947314,0.0,0.0,104818600,3281302
2021-07-28,143.10748291015625,121.38069152832031,0.0,0.0,145.07178616230482,122.51941536914693,140.69899471885776,121.26938820798512,142.93968038033125,122.44235712195598,0.0,0.0,118931200,2660815
2021-07-29,143.75894165039062,121.51768493652344,0.0,0.0,144.65719188323237,122.39954339431416,142.71263481288685,121.23514258651211,142.8212146768755,121.86014933164986,0.0,0.0,56699500,2793761
2021-07-30,143.97610473632812,120.68717956542969,0.0,0.0,144.44003552403547,121.4491801760629,142.2487073536718,120.54161752489195,142.51522430998895,121.16663786005105,0.0,0.0,70440600,3698238
2021-08-02,143.6405029296875,121.08101654052734,0.0,0.0,145.05202616432405,122.4851600789449,143.37398596740897,120.74710660737472,144.4696500770982,121.10670717585892,0.0,0.0,62880000,3064257
2021-08-03,145.4567413330078,123.34989166259766,0.0,0.0,146.12795141946125,123.88928566403852,143.30488975232572,121.27794199482133,143.92675767373066,121.491980509327,0.0,0.0,64786600,4272596
2021-08-04,145.05206298828125,122.22830963134766,0.0,0.0,145.88121034618524,123.44407796510119,144.39071818649728,121.98001237138564,145.36793725512888,123.11873612882293,0.0,0.0,56368300,2960285
2021-08-05,145.16061401367188,122.23686218261719,0.0,0.0,145.9305385588395,122.7848243000514,144.2821095935852,121.76595830554336,145.0816454626661,122.45946880355545,0.0,0.0,46397700,2884240
2021-08-06,144.4686279296875,123.36700439453125,0.22,0.0,145.4275354569242,123.62385605762132,143.96446611935508,122.33959774217092,144.67623284234062,122.43377850733462,0.0,0.0,54126800,4002833
2021-08-09,144.41917419433594,122.3277587890625,0.0,1.567878,145.02219826589015,123.41031364501646,143.8557010924797,122.08526970816156,144.52791673459245,123.15049108025018,0.0,0.0,48908700,5129689
2021-08-10,143.93479919433594,122.44037628173828,0.0,0.0,146.02066802276826,122.81276983345168,143.63822723552883,121.53969836222362,144.76518861157476,122.29315220990355,0.0,0.0,69023100,5543695
2021-08-11,144.1918182373047,123.08990478515625,0.0,0.0,145.0419831294813,123.64416170751014,143.86559059544055,122.54430078398032,144.37964764482732,122.78678991532986,0.0,0.0,48493500,4455960
2021-08-12,147.18716430664062,123.90396118164062,0.0,0.0,147.3453380281874,123.97325365863986,144.17204373336426,123.04658945396622,144.5180468637133,123.20248024901856,0.0,0.0,72282600,2184780
2021-08-13,147.394775390625,123.9992446899414,0.0,0.0,147.73088324981737,124.34566565880382,146.57426614545986,123.35837557333711,147.2662573509374,123.53158605776832,0.0,0.0,59375000,1997965
2021-08-16,149.39166259765625,124.35428619384766,0.0,0.0,149.46086926055312,124.48419056769913,144.79484985473587,123.17648008706857,146.84116778889603,124.04251846111518,0.0,0.0,103296000,2913319
2021-08-17,148.4722900390625,123.34103393554688,0.0,0.0,149.94523936083777,123.98190293798868,147.3848646273103,122.18921413776252,148.51182592481922,123.84334563317294,0.0,0.0,92229700,3215195
2021-08-18,144.68609619140625,120.78622436523438,0.0,0.0,148.9962319188811,122.90801440418139,144.47849130293457,120.71694571300053,148.08675567528422,122.69151170467241,0.0,0.0,86326000,3672192
2021-08-19,145.022216796875,119.53048706054688,0.0,0.0,146.30735195931905,120.76891914135429,142.84738079811893,118.82899224386094,143.37131808150136,120.11073039877037,0.0,0.0,86960300,4351465
2021-08-20,146.4951629638672,120.47447204589844,0.0,0.0,146.80161510042444,120.70829443842918,145.1012854224856,118.88096608242465,145.7537406653802,119.28799895029252,0.0,0.0,60549600,2780059
2021-08-23,147.99777221679688,120.91613006591797,0.0,0.0,148.47227822951209,121.37513569835548,146.1985803303291,120.20598240512024,146.61377497698916,120.91613006591795,0.0,0.0,60131800,3179422
2021-08-24,147.90879821777344,121.10665893554688,0.0,0.0,149.13462182599963,121.44441309921636,147.44417237909033,120.65632005065424,147.7407443099503,121.0546999463415,0.0,0.0,48606400,2474418
2021-08-25,146.66322326660156,121.12398529052734,0.0,0.0,148.60081359483917,121.93806478994695,146.1096303397554,120.77757818746333,148.09663675595888,121.17594428260338,0.0,0.0,58991300,2105389
2021-08-26,145.85260009765625,120.18867492675781,0.0,0.0,147.4145316803117,121.93807167251589,145.82294440998302,120.12804918796864,146.65334891766327,121.21925719594209,0.0,0.0,48597200,2613640
2021-08-27,146.9004669189453,120.7342758178711,0.0,0.0,147.04874533431226,120.89016662143597,145.15070619624444,119.85958437882303,145.79326610853346,120.12804609072555,0.0,0.0,55802400,2572637
2021-08-30,151.36880493164062,120.35321807861328,0.0,0.0,151.73458360333544,121.14131121142081,146.91038995960807,120.22331368043518,147.29592903626474,120.812223755385,0.0,0.0,90956700,2087293
2021-08-31,150.0935516357422,121.53968048095703,0.0,0.0,151.05245914117936,122.05929802805753,149.55971906350024,120.33588785062518,150.91406089731612,120.84685247730418,0.0,0.0,86453100,4429915
2021-09-01,150.76576232910156,120.63900756835938,0.0,0.0,153.20751454473375,121.30586301513539,150.5977084017608,120.54374250453424,151.08210978123248,121.22791761540961,0.0,0.0,80313700,2588327
2021-09-02,151.89271545410156,121.25389099121094,0.0,0.0,152.95048521972134,121.28853031963564,150.65701156956032,120.40517215457676,152.1102005445229,121.00274894885321,0.0,0.0,71115500,2840413
2021-09-03,152.5352783203125,120.8814926147461,0.0,0.0,152.8615059298431,121.65226602014422,151.3391104187003,120.63900350296927,152.001445837708,120.96810475488141,0.0,0.0,57808700,2009575
2021-09-07,154.89796447753906,119.56511688232422,0.0,0.0,155.46143763682005,121.06335764347936,152.62426618499714,119.30530810348952,153.19763462984872,120.94211999721638,0.0,0.0,82278300,3436110
2021-09-08,153.3360137939453,120.09339904785156,0.0,0.0,155.24393322139233,120.45713962528684,152.2189327313681,119.16673485209775,155.18462185245457,119.63439341019648,0.0,0.0,74420200,3122728
2021-09-09,152.30792236328125,119.2879867553711,0.0,0.0,154.3245844277679,120.34455534209968,152.18928453529333,119.13209596124872,153.7116801395537,119.38325181593957,0.0,0.0,57305700,3669682
2021-09-10,147.2662353515625,118.66443634033203,0.0,0.0,153.70177522754557,120.69962809852922,146.9993191106527,118.6471166769796,153.22726919814178,120.22330279994614,0.0,0.0,140893200,4157955
2021-09-13,147.83963012695312,119.64305877685547,0.0,0.0,149.6882384908629,120.37052610080083,147.04877654715497,119.08878808535677,148.90728019703906,119.85957530124848,0.0,0.0,102404300,4334729
2021-09-14,146.4259490966797,117.97161102294922,0.0,0.0,149.34222206117437,120.00680282745614,145.22979629456466,117.20949052787464,148.63045548294292,119.85957877433223,0.0,0.0,109296300,4659198
2021-09-15,147.3255615234375,118.82032012939453,0.0,0.0,147.73087602549546,119.3399376444524,144.69597998693743,117.49527611441896,146.8609356472786,117.97160138492582,0.0,0.0,83281300,3403579
2021-09-16,147.0883026123047,118.15348052978516,0.0,0.0,147.26625182090353,119.46985797811598,145.53626633003435,117.52993113490881,146.7423145646967,118.88961465612981,0.0,0.0,68034100,2765624
2021-09-17,144.3895263671875,117.11424255371094,0.0,0.0,147.11797022237474,117.71180552601837,144.09295441541377,116.95835175308909,147.11797022237474,117.56458146878984,0.0,0.0,129868800,5890340
2021-09-20,141.30523681640625,116.31748962402344,0.0,0.0,143.18350100352563,117.07094344174568,139.65433795873682,114.99245229635713,142.15540183552184,115.96241575237566,0.0,0.0,123478900,4990152
2021-09-21,141.7896270751953,115.156982421875,0.0,0.0,142.94625941196486,117.47796242922615,141.1470669630157,115.13100292705587,142.28390872588085,117.01030387736901,0.0,0.0,75834000,4261927
2021-09-22,144.18194580078125,116.59459686279297,0.0,0.0,144.7552991708746,117.23546582837174,142.05652591374468,115.5899942591605,142.79794829855993,115.80650385803771,0.0,0.0,76404300,3767901
2021-09-23,145.15072631835938,118.41327667236328,0.0,0.0,145.39786710108132,119.0108534177147,143.97433377911878,116.94102239950696,144.97277711097593,117.13155251280091,0.0,0.0,64838200,3151807
2021-09-24,145.23968505859375,119.07146453857422,0.0,0.0,145.78339776628593,119.92885004272547,143.89523867424367,118.43060937431025,143.9941010153788,118.67309847438321,0.0,0.0,53477900,3100762
2021-09-27,143.70741271972656,119.99813079833984,0.0,0.0,144.29067641155734,120.43981676081196,142.1751519853492,119.06281370700111,143.80627506323032,119.47851326371972,0.0,0.0,74150700,3459017
2021-09-28,140.2869873046875,119.05415344238281,0.0,0.0,143.09450277165666,120.97676054118307,140.06950222499376,118.82898398878767,141.61165818334933,120.52642163399277,0.0,0.0,108972300,4513072
2021-09-29,141.1964874267578,120.53508758544922,0.0,0.0,142.79795502644274,121.18460953480049,140.40563382883866,118.16214159504638,140.84060406190807,119.27932211244193,0.0,0.0,74602000,3947499
2021-09-30,139.88168334960938,120.31856536865234,0.0,0.0,142.7287500002306,121.73886066948549,139.66419825356044,119.94617188045022,142.0169833375753,121.24522954032642,0.0,0.0,89056700,6090230
2021-10-01,141.01852416992188,124.12047576904297,0.0,0.0,141.2854404380687,124.68339938397446,137.5190173340216,121.56566646703747,140.27710182395117,122.11127041862927,0.0,0.0,94639600,6907889
2021-10-04,137.54869079589844,124.80464935302734,0.0,0.0,140.5835872313768,126.44146136945388,136.68864559040114,123.28042207070595,140.13872169888546,123.61817627302136,0.0,0.0,98322000,7689251
2021-10-05,139.4961395263672,123.97325897216797,0.0,0.0,140.61322065539048,125.57541777143831,137.76615410283065,123.53157297477445,137.8946721326902,125.3589150557478,0.0,0.0,80861100,7297524
2021-10-06,140.37596130371094,123.28909301757812,0.0,0.0,140.52423973616644,124.16378451138426,136.78747239552806,122.01602156892076,137.8748978477883,123.39301101142192,0.0,0.0,83221100,5573506
2021-10-07,141.65118408203125,122.81275177001953,0.0,0.0,142.570555505788,124.18975485696127,141.08771102202314,122.57026265985871,141.42381881811738,123.60951157665973,0.0,0.0,61732700,3999695
2021-10-08,141.26564025878906,124.03387451171875,0.0,0.0,142.5309996346532,124.40628186258618,140.92953247426001,122.15457338275331,142.3827212250885,122.81276211507664,0.0,0.0,58773200,3902940
2021-10-11,141.17669677734375,123.34970092773438,0.0,0.0,143.15382301767465,124.77866298315162,140.1881336571783,123.32371452175073,140.6428793295359,124.27636510706647,0.0,0.0,64452200,2921792
2021-10-12,139.8915557861328,121.65226745605469,0.0,0.0,141.6116609727907,123.23712035562525,139.42692993256907,121.50504340315494,141.59188548762668,123.15917495760613,0.0,0.0,73035900,3293436
2021-10-13,139.29843139648438,121.90342712402344,0.0,0.0,139.78281766626054,122.46635076891525,137.60798184195636,120.9507764768548,139.6246590327714,121.69557733032822,0.0,0.0,78762700,3013003
2021-10-14,142.11582946777344,124.18109893798828,0.0,0.0,142.2344673001214,124.64009074084805,139.8915624357704,122.119920817557,140.48470634468168,122.14590722330827,0.0,0.0,69907100,4410668
2021-10-15,143.18348693847656,125.23765563964844,0.0,0.0,143.24279831561307,125.44550542125849,141.86869610293473,123.66146952559684,142.12573218289563,124.1811008909002,0.0,0.0,67940300,3371049
2021-10-18,144.8739471435547,123.25444030761719,0.0,0.0,145.16062384865415,125.52345448583284,141.5227183331455,122.76946207720486,141.80939503824493,124.70937499885416,0.0,0.0,85589200,6437189
2021-10-19,147.0586395263672,122.96000671386719,0.0,0.0,147.46395401263428,123.79139214017651,144.87392354929213,121.69558817476057,145.32865412253392,122.18056646241396,0.0,0.0,76378900,4539117
2021-10-20,147.5529327392578,122.89070129394531,0.0,0.0,148.0373341209783,123.15051007623222,146.4259713332939,121.8514523422406,146.99933977973544,122.70017116758636,0.0,0.0,58418800,6474008
2021-10-21,147.7703857421875,111.1385726928711,0.0,0.0,147.928559434627,115.80651224197307,146.17879878716477,110.93938274167904,147.10805037490485,115.6246488654189,0.0,0.0,61421000,32913959
2021-10-22,146.9894561767578,110.74884796142578,0.0,0.0,148.46240560619754,112.80135929744895,146.9400250027422,109.64898718287259,147.97801931996364,110.89607891634296,0.0,0.0,58883400,12114981
2021-10-25,146.94000244140625,110.541015625,0.0,0.0,147.66164920154662,111.41571396137007,145.93166396656034,109.93478590752748,146.97953832398244,110.44575056018125,0.0,0.0,50720600,6667204
2021-10-26,147.61224365234375,110.09932708740234,0.0,0.0,149.11484864584503,111.11258956229054,147.30577643234489,109.77889259189921,147.62212385262424,110.43708124569841,0.0,0.0,60893400,8912861
2021-10-27,147.1476287841797,108.40189361572266,0.0,0.0,148.01755408629677,110.74885314895695,146.79174545195295,108.26332939690843,147.65179055305242,110.36779981939823,0.0,0.0,56094900,7294176
2021-10-28,150.8250732421875,108.98213958740234,0.0,0.0,151.41820202737674,109.38917933344923,148.00766248864426,107.92557788985722,148.10652482831338,108.40189629138207,0.0,0.0,100077900,6802138
2021-10-29,148.08676147460938,108.3412857055664,0.0,0.0,148.22515971091846,109.39784748344717,144.7355330314398,108.1767350637377,145.53626676181926,108.62707400369983,0.0,0.0,124953200,6188973
2021-11-01,147.25634765625,109.36319732666016,0.0,0.0,147.98787460512204,109.38917682186789,146.10961098297486,107.25006706880903,147.2860033388111,108.29796891035951,0.0,0.0,74588300,6177153
2021-11-02,148.3042449951172,109.27660369873047,0.0,0.0,149.8365208635646,110.13398242183109,146.94990324962785,108.17673583872518,146.95979853486526,109.38052860187234,0.0,0.0,69122000,4722062
2021-11-03,149.75743103027344,110.09932708740234,0.0,0.0,150.23193709968538,110.23789130102375,148.1065324459586,108.84356859957916,148.67000557508356,109.31989388277466,0.0,0.0,54511500,5670784
2021-11-04,149.23350524902344,109.47500610351562,0.0,0.0,150.6866792554283,111.7306332013702,148.91715778893726,108.61442751005039,149.846409597594,111.4679355003341,0.0,1.046,60394600,7208700
2021-11-05,149.76808166503906,111.9752197265625,0.22,0.0,150.67888522142528,112.12015614619004,148.56027333658793,110.0004117662785,150.37198582926462,110.0004117662785,0.0,0.0,65463900,6790500
2021-11-08,148.93650817871094,112.81768798828125,0.0,0.0,150.05521981617275,113.03509608137232,148.65930770140423,111.90275218424159,149.89681522734236,112.31945390903226,0.0,0.0,55020900,5625300
2021-11-09,149.3027801513672,110.93585968017578,0.0,1.64,149.91657894571037,112.81768718340439,148.56027576222667,110.39426471303916,148.69887597728126,112.5055760300598,0.0,0.0,56787900,7236600
2021-11-10,146.44168090820312,110.3575439453125,0.0,0.0,148.62960074327157,112.38624190411596,146.37238834574612,110.09133376019749,148.52069948258867,111.07355416565444,0.0,0.0,65187100,6270300
2021-11-11,146.3921661376953,110.40342712402344,0.0,0.0,147.9365729092724,111.79873506122142,146.20406260156636,110.22901888450107,147.47128403870482,110.98174840205417,0.0,0.0,41000000,4643300
2021-11-12,148.490966796875,109.20089721679688,0.0,0.0,148.89685767063267,110.74307561341418,146.00604271448844,109.03566356703419,146.9465451488656,110.15557974836979,0.0,0.0,63804000,5418300
2021-11-15,148.50086975097656,109.11829376220703,0.0,0.0,150.36208548586814,110.30246719201774,147.93655919490382,108.60422958117444,148.8671670623496,109.733327457251,0.0,0.0,59222800,5046300
2021-11-16,149.4908905029297,108.74192810058594,0.0,0.0,149.97599883090598,110.06379745022525,147.84747708778494,108.70520872937328,148.44148666872366,109.16419036427538,0.0,0.0,59256200,4750800
2021-11-17,151.9560089111328,108.3747329711914,0.0,0.0,153.45091236103033,109.54055015522037,149.48099419563232,108.11770439617811,149.49088881622956,108.66848091456423,0.0,0.0,88807000,4043300
2021-11-18,156.29222106933594,107.089599609375,0.0,0.0,157.0842287825728,108.65013438401554,151.52040065543537,106.7683068585631,152.17380815182756,108.65013438401554,0.0,0.0,137827700,5046900
2021-11-19,158.9454345703125,106.52963256835938,0.0,0.0,159.41073850586676,106.99778875962534,154.96560701556103,105.81361538668122,156.0744086800531,106.93353161552,0.0,0.0,117305600,5380200
2021-11-22,159.41073608398438,106.91517639160156,0.0,0.0,164.04395591704045,109.0632069453851,159.3909317384794,105.7401846011384,160.0641284227534,106.48373256152448,0.0,0.0,117467900,6416200
2021-11-23,159.796875,107.20893096923828,0.0,0.0,160.1829767427903,108.26459012872098,157.47035481505017,106.52045851785877,159.50976479523956,107.20893096923828,0.0,0.0,96041900,4912800
2021-11-24,160.3215789794922,107.15385437011719,0.0,0.0,160.51957716431295,107.6495483671968,158.04456208832053,106.55717685070164,159.1434693863129,106.63061559230746,0.0,0.0,69463600,3220800
2021-11-26,155.24282836914062,106.309326171875,0.0,0.0,158.84644937104656,106.79584559409034,154.79732871930804,105.16187206155425,157.9752544198583,105.56577814950846,0.0,0.0,76959800,3322000
2021-11-29,158.6385498046875,108.77864074707031,0.0,0.0,159.57905238220675,109.79758047384215,157.20302917415216,107.88821530984598,157.77723440510806,108.88879885389824,0.0,0.0,88748200,8949800
2021-11-30,163.64796447753906,107.49349975585938,0.0,0.0,163.8657669656574,109.45794063430696,158.32172835111982,106.89682221722718,158.39103600928925,107.86068647221028,0.0,0.0,174048100,9252700
2021-12-01,163.12327575683594,107.32826232910156,0.0,0.0,168.598007154661,109.17337043667845,162.88566890346826,107.26400518125081,165.80618327618268,108.54915514176957,0.0,0.0,152052500,5958300
2021-12-02,162.1233673095703,107.30990600585938,0.0,0.0,162.5589723402131,108.30130800298406,156.22294036620477,106.99779485705916,157.15354836688857,107.7413498566546,0.0,0.0,136739200,5267100
2021-12-03,160.22256469726562,109.09075164794922,0.0,0.0,163.31139363716105,109.56809647032382,158.1237568468731,107.73216993027617,162.38078559593646,107.73216993027617,0.0,0.0,118023100,6630100
2021-12-06,163.6677703857422,110.0729751586914,0.0,0.0,166.2021828829923,111.21124761209026,162.63815586730303,109.60481194663478,162.6480504872974,109.60481194663478,0.0,0.0,107497000,4785600
2021-12-07,169.4691925048828,111.60597229003906,0.0,0.0,169.86520390480817,112.06495390958668,166.657579543719,110.21984583802423,167.39018930386322,110.59621412773505,0.0,0.0,120405400,5194000
2021-12-08,173.33023071289062,112.9278335571289,0.0,0.0,174.2014407184374,113.25830088045522,168.99400013874393,111.55088871110382,170.40971639775742,111.99151414337346,0.0,0.0,116998900,5483900
2021-12-09,172.8154296875,113.43272399902344,0.0,0.0,174.98354505311383,113.78154752960367,172.1818265076838,111.7987504556939,173.16193779942867,112.12921780192956,0.0,0.0,108923700,4601100
2021-12-10,177.65655517578125,113.91004943847656,0.0,0.0,177.83476409249297,115.04832884212557,172.94413254484624,113.23994022848491,173.45893984099092,114.1028278723955,0.0,0.0,115402700,4966900
2021-12-13,173.98365783691406,112.52393341064453,0.0,0.0,180.30979549843772,114.15790682491061,173.77574993258463,110.88077840317932,179.30987978214242,113.60713029252369,0.0,0.0,153237000,6847500
2021-12-14,172.58770751953125,113.60713958740234,0.0,0.0,175.9636308172721,114.77294989294484,170.4889001233002,112.26691401432434,173.49851101424076,112.31280797706769,0.0,0.0,139380400,5716100
2021-12-15,177.508056640625,113.01046752929688,0.0,0.0,177.70605479462546,114.58018400279899,170.58791012707098,112.15676134158471,173.35992960195003,113.64386447603621,0.0,0.0,131063300,4990000
2021-12-16,170.53839111328125,115.59912109375,0.0,0.0,179.3296473195087,116.25087421011231,169.04348781595488,113.35011376259123,177.48823595486076,113.3776515416129,0.0,0.0,150185800,7280500
2021-12-17,169.42959594726562,116.9485092163086,0.0,0.0,171.73631132765533,118.0867815857151,167.9940905251457,114.93816763361629,168.2316822546447,115.5440266872782,0.0,0.0,195432700,10379000
2021-12-20,168.0535125732422,116.63640594482422,0.0,0.0,168.8752193370181,116.76492023694462,165.78640555996523,114.47001215836077,166.5982025960633,115.40633857638504,0.0,0.0,107499100,4941400
2021-12-21,171.26112365722656,118.38972473144531,0.0,0.0,171.4690164337634,118.72936666105068,167.42979060613268,117.18719508196986,169.8454073849767,117.18719508196986,0.0,0.0,91185900,4856000
2021-12-22,173.8846435546875,119.10572814941406,0.0,0.0,174.10244607106472,119.14244051524017,170.42951736878692,117.13210581984059,171.31062205547954,118.47233128460817,0.0,0.0,92135300,3923200
2021-12-23,174.5182342529297,119.91354370117188,0.0,0.0,175.0825448521057,120.21647325418799,173.51833375849614,118.89460393448408,174.09253897814705,119.33522237204953,0.0,0.0,68356600,3649000
2021-12-27,178.52777099609375,120.82231903076172,0.0,0.0,178.61686790419714,120.849856807826,175.30035710569638,119.28932207714952,175.32014634774714,119.91354437362472,0.0,0.0,74919600,4293900
2021-12-28,177.49815368652344,121.74948120117188,0.0,0.0,179.5177742107458,122.29107620535093,176.7457546300965,120.7947914920001,178.35946910404095,120.80398008980544,0.0,0.0,79144300,3445200
2021-12-29,177.5872802734375,122.410400390625,0.0,0.0,178.82478776757998,123.19984931624107,176.3596674009828,121.44653621294152,177.53777695241328,121.53832413028795,0.0,0.0,62348900,4239900
2021-12-30,176.41903686523438,122.92447662353516,0.0,0.0,178.76536096765193,123.34673192426276,176.31013561907753,122.39205619508839,177.67634850608343,122.77759912458242,0.0,0.0,59773000,3158100
2021-12-31,175.79534912109375,122.69497680664062,0.0,0.0,177.4387473801581,123.91586966421208,175.48843461292282,122.64907584070023,176.31014129560032,123.00708096382208,0.0,0.0,64062300,3362100
2022-01-03,180.1909637451172,124.87970733642578,0.0,0.0,181.05227912804568,125.10919813600587,175.93395057061167,122.66742667379876,176.05274644151595,123.07133272218083,0.0,0.0,104487900,4605900
2022-01-04,177.90406799316406,126.69729614257812,0.0,0.0,181.1116927418729,128.46895855401928,177.3298627236012,124.75120445937397,180.80479331127546,124.93480832143692,0.0,0.0,99310400,7300000
2022-01-05,173.17184448242188,126.8808822631836,0.0,0.0,178.36937588563293,130.53437209717313,172.89464401608734,126.5687781180756,177.8149749529639,126.96349559447555,0.0,0.0,94537600,8956900
2022-01-06,170.281005859375,124.23714447021484,0.0,0.0,173.54802817909783,127.0552984068483,169.92460314983632,121.63930675890053,170.97400693173063,126.86251995881808,0.0,0.0,96904000,9908100
2022-01-07,170.44931030273438,123.76899719238281,0.0,0.0,172.3996230920445,124.53090843544724,169.32070420540236,122.557278876085,171.1621157438168,123.83324734169683,0.0,0.0,86709100,5238100
2022-01-10,170.46913146972656,123.95257568359375,0.0,0.0,170.7760309053613,125.02659099794548,166.48930321538757,122.43794193420202,167.39021227929703,123.4385185082125,0.0,0.0,106765600,5432800
2022-01-11,173.33023071289062,121.96976470947266,0.0,0.0,173.4292222367904,122.31859520430494,169.11281111623086,117.47175067624461,170.5978199313451,119.81255961476398,0.0,0.0,76138300,11105300
2022-01-12,173.7757568359375,122.63070678710938,0.0,0.0,175.4092607391465,123.43851892659363,173.07286101578552,120.59282725850689,174.35985676677774,122.31860264485685,0.0,0.0,74805200,5352000
2022-01-13,170.46913146972656,123.7047119140625,0.0,0.0,174.85485069355116,124.8888922488884,170.07312001544597,122.60315890997327,174.02324929900044,122.91526302651405,0.0,0.0,84505800,4868300
2022-01-14,171.34034729003906,123.19984436035156,0.0,0.0,172.04324309715687,124.05354339306817,169.38012451498588,122.36449450616189,169.62762601732453,123.51194847938733,0.0,0.0,80440800,5310300
2022-01-18,168.1029815673828,122.03404235839844,0.0,0.0,170.81558768979585,122.90610468495987,167.71687992409028,120.96920157730888,169.79588296247738,122.04321694880139,0.0,0.0,90956700,5246700
2022-01-19,164.5686798095703,120.78560638427734,0.0,0.0,169.37021456285368,122.91527384536641,164.2815847396123,120.71216764327323,168.3010063567733,121.99731059332632,0.0,0.0,94815000,4103700
2022-01-20,162.86587524414062,120.08795166015625,0.0,0.0,167.98420425095907,121.97895359706446,162.53917146417874,119.85846086185171,165.31119117688897,120.49184369928655,0.0,0.0,91420500,5278200
2022-01-21,160.786865234375,118.73854064941406,0.0,0.0,164.6676866314393,121.05179773342607,160.6779639788274,118.66510191558739,162.7767716970633,120.84984471715428,0.0,0.0,122848900,5907000
2022-01-24,160.0047607421875,118.25202941894531,0.0,0.0,160.6779726600249,118.55494495715982,153.15392121236547,114.00185520311703,158.42076024698554,117.4901112575217,0.0,0.0,162294600,13484000
2022-01-25,158.18313598632812,124.93482208251953,0.0,0.0,161.1333492358545,126.07308771344005,155.45072523572225,117.77470489065632,157.39112827264375,118.54579077102369,0.0,0.0,115798400,19715700
2022-01-26,158.0940399169922,123.24573516845703,0.0,0.0,162.74706448825663,125.82522354683245,156.24273377270367,122.20844626898216,161.8659598675412,125.27444001965466,0.0,0.0,108275300,8336000
2022-01-27,157.6287384033203,121.64849853515625,0.0,0.0,162.20256076337864,123.69555274017422,156.69813045332086,121.24459244835275,160.82645318586418,122.69497612050708,0.0,0.0,121954600,5497300
2022-01-28,168.62770080566406,123.4660415649414,0.0,0.0,168.64750515272632,123.49357933841029,161.17295785038755,120.97835530787377,164.05387854317476,122.26351210011383,0.0,0.0,179935700,5471500
2022-01-31,173.03323364257812,122.61235809326172,0.0,0.0,173.25103615367465,123.08968889847863,167.8158982097887,121.44654084315876,168.4594111221344,123.08968889847863,0.0,0.0,115541600,5859000
2022-02-01,172.8649444580078,124.41156768798828,0.0,0.0,173.09264160323227,124.80629919938808,170.58792768688596,121.63013994785463,172.27093482856998,122.78676868898658,0.0,0.0,86213900,6206400
2022-02-02,174.08262634277344,125.9904556274414,0.0,0.0,174.12223503659283,126.27502199283755,171.59771707892023,124.16370372372664,173.00352358369815,124.56760979345312,0.0,0.0,84914300,5357200
2022-02-03,171.17202758789062,126.47697448730469,0.0,0.0,174.47865903585367,127.37657454339244,170.3998241333997,124.68694896503557,172.73623884619832,125.76096427839704,0.0,0.0,89418100,6100800
2022-02-04,170.88455200195312,125.89866638183594,0.22,0.0,172.57962556917929,127.4316774846305,169.18947843472696,125.04496719965364,170.18074563472103,126.55042651582104,0.0,0.0,82465400,4142000
2022-02-07,170.16091918945312,125.98126983642578,0.0,0.0,172.43091426223108,126.5136901530904,169.45711287181996,125.09084444560817,171.35043672051037,126.17403425719709,0.0,0.0,77251200,3759000
2022-02-08,173.30325317382812,125.77932739257812,0.0,0.0,173.81871637315277,126.23830901376706,169.93293548659793,124.64104792950687,170.2303186833444,125.97209182955329,0.0,0.0,74829200,4181800
2022-02-09,174.74058532714844,126.48615264892578,0.0,0.0,175.10734936046612,127.00022384535691,173.37263171558251,125.60491575477394,174.51259810039994,126.53205361376884,0.0,0.0,71285000,5393500
2022-02-10,170.6168975830078,124.04283905029297,0.0,1.64,173.9475558230623,126.86705554100139,170.05188317091506,123.71767615802392,172.61926146779095,125.85442645187648,0.0,0.0,90865900,5978600
2022-02-11,167.16729736328125,123.27173614501953,0.0,0.0,171.5685260818685,125.14836158103589,166.57253100245822,122.9837420494173,170.82507569360814,124.3958430456429,0.0,0.0,98670700,4176200
2022-02-14,167.4051971435547,120.91202545166016,0.0,0.0,168.09908110691487,123.23457695227391,165.10545015009131,119.90869567803686,165.90837410237492,123.17883798437587,0.0,0.0,86185500,5345300
2022-02-15,171.2810516357422,120.7169418334961,0.0,0.0,171.43965801676265,122.33342864254178,168.7632396205746,120.41036332729405,169.4769532096297,121.36725343344146,0.0,0.0,62527400,4394000
2022-02-16,171.0431671142578,120.01087188720703,0.0,0.0,171.82626158698656,121.18144689210408,168.56499898778506,119.15617465350407,170.34928306395304,120.26171141336056,0.0,0.0,61177400,4875600
2022-02-17,167.4051971435547,116.09970092773438,0.0,0.0,170.40873532644912,119.3791423820707,166.99877399160945,115.98821590850903,169.53641541506147,118.9610859637384,0.0,0.0,69589300,6797000
2022-02-18,165.83900451660156,115.5237045288086,0.0,0.0,169.05070054356474,116.53634061885313,164.73869732666938,114.83623130311449,168.33700207965728,116.07183034162603,0.0,0.0,82772700,4609200
2022-02-22,162.88504028320312,115.12422943115234,0.0,0.0,165.2343388039389,116.12757336612316,160.73397705999992,113.9722458879625,163.53926516678143,115.38435406143414,0.0,0.0,91162800,5349700
2022-02-23,158.6721649169922,113.4055404663086,0.0,0.0,164.69905682644026,115.84886200882039,158.35495211884296,113.21973918783132,164.09438316481467,115.55157571053809,0.0,0.0,90009200,4086400
2022-02-24,161.31884765625,113.3126449584961,0.0,0.0,161.42788766549435,113.43341508618902,150.6726312896677,110.37693642813193,151.24756814517977,111.48247322237049,0.0,0.0,141147500,6563200
2022-02-25,163.410400390625,115.36576843261719,0.0,0.0,163.67803163837567,115.44009177528879,159.46514613066114,112.82953929489555,162.40921086021282,113.38695727706845,0.0,0.0,91974200,4460900
2022-02-28,163.6780548095703,113.81431579589844,0.0,0.0,163.97543803026267,114.6318513730235,161.0115433024092,112.44865437857663,161.63604655330923,113.53560678049472,0.0,0.0,95056600,6757300
2022-03-01,161.77481079101562,112.73664093017578,0.0,0.0,165.1451284875075,114.63184367927248,160.55555631909613,112.13277616257379,163.26171165329615,113.96294775748962,0.0,0.0,83474400,4873300
2022-03-02,165.10546875,115.06849670410156,0.0,0.0,165.89848556554983,115.79313166714405,161.52699341560762,113.15471645936215,162.9544206584898,113.88863652551495,0.0,0.0,79724800,4891400
2022-03-03,164.77835083007812,116.99156951904297,0.0,0.0,167.43495492693344,117.67904280827776,164.10429635993654,115.42152236878496,166.9987949165887,116.09041836387395,0.0,0.0,76678400,5206600
2022-03-04,161.74508666992188,117.6325912475586,0.0,0.0,164.10430772995255,118.3107723182219,160.68443850358517,115.39364819321813,163.05356679161451,115.5701643758209,0.0,0.0,83737200,4402400
2022-03-07,157.90887451171875,117.12162780761719,0.0,0.0,163.57892434011342,118.83102941261899,157.65113534872225,116.70357136901826,161.9334170899732,117.49323746851886,0.0,0.0,96418800,5047400
2022-03-08,156.06512451171875,116.75931549072266,0.0,0.0,161.4576209878166,119.23980601119874,154.4394467616191,115.96035716527366,157.43307821168813,117.63259716920528,0.0,0.0,131148300,4887600
2022-03-09,161.52700805664062,117.26097869873047,0.0,0.0,161.98299768271306,119.00754192472438,158.01792837110216,116.97298458715255,160.0698438745805,118.36651545664239,0.0,0.0,91454900,4403500
2022-03-10,157.13568115234375,115.5237045288086,0.0,0.0,158.98934598057429,117.08445934380624,154.6178539880632,114.39029831831616,158.80100279204103,116.82433472261735,0.0,0.0,105342000,5326800
2022-03-11,153.37879943847656,115.16138458251953,0.0,0.0,157.8890691004036,117.77193001581398,153.15081217330507,115.11493780852254,157.54211946273995,116.12756678874558,0.0,0.0,96970100,4119600
2022-03-14,149.3046875,115.14281463623047,0.0,0.0,152.77412331988182,116.27622089445453,148.7892393542919,113.9815388942574,150.1274412380653,115.61661003569294,0.0,0.0,108732100,3289200
2022-03-15,153.73562622070312,116.7221450805664,0.0,0.0,154.2114453664796,117.00085408965586,149.0667661849918,114.47391697850856,149.58221423794402,115.19855189670369,0.0,0.0,92964300,4021200
2022-03-16,158.19631958007812,118.02278137207031,0.0,0.0,158.60274273847418,118.24574433807555,153.11112942639045,115.85816160883572,155.6785076943408,117.52110938265983,0.0,0.0,102300200,4292800
2022-03-17,159.2173309326172,118.87747955322266,0.0,0.0,159.59401730431475,119.18405097586418,156.25345172016642,117.54897976222612,157.22488932947712,118.0785212404351,0.0,0.0,75615400,3671900
2022-03-18,162.5480194091797,119.62068939208984,0.0,0.0,163.0436530951302,119.77862119569481,158.36486988971416,117.40033777513005,159.10832041863992,118.33864349386417,0.0,0.0,123511700,7466000
2022-03-21,163.935791015625,119.0075454711914,0.0,0.0,164.89732150726314,120.53113870020809,161.58647722780486,118.35722679333104,162.0821108781116,119.84365834751014,0.0,0.0,95811400,3384600
2022-03-22,167.3457489013672,119.8993911743164,0.0,0.0,167.94050019202376,120.1223612119208,163.46989021960468,118.77527714755233,164.06464151026125,119.37914192896824,0.0,0.0,81532000,2690200
2022-03-23,168.72360229492188,119.1933364868164,0.0,0.0,171.13237440957974,120.14094139385901,166.18594547433256,119.1468826253061,166.52298782878287,119.91797136404655,0.0,0.0,98062700,2924500
2022-03-24,172.54989624023438,120.07592010498047,0.0,0.0,172.61927708196112,120.18739804776108,168.7236040774332,118.72884298537045,169.56617215861644,119.22122280029183,0.0,0.0,90131400,2971100
2022-03-25,173.1942138671875,122.02685546875,0.0,0.0,173.74932110305383,122.0732951558787,171.2414161888834,120.13164559970734,172.36155301338798,120.30816177312812,0.0,0.0,80546200,3530200
2022-03-28,174.0665283203125,122.13835144042969,0.0,0.0,174.19538277239084,122.16622092711505,170.49796031011837,120.40108728363154,170.6664739209418,121.53449366127236,0.0,0.0,90371900,2483500
2022-03-29,177.39718627929688,122.5749740600586,0.0,0.0,177.44673753928956,123.41108688766577,174.80005590779479,121.17214395222896,175.14700548096687,122.66786760994347,0.0,0.0,100589400,5791000
2022-03-30,176.2175750732422,122.75149536132812,0.0,0.0,178.04150309829743,123.634062088612,175.1569119048066,122.06401501996243,176.99076228224467,122.64000325078847,0.0,0.0,92633200,2622900
2022-03-31,173.08518981933594,120.791259765625,0.0,0.0,176.47532228703258,122.51923861123703,172.87701702392917,120.7726753848232,176.28697907345958,121.44157133639747,0.0,0.0,103049300,4274000
2022-04-01,172.7877960205078,120.91202545166016,0.0,0.0,173.35282562665074,121.02351756318559,170.43849742252846,118.97037579932211,172.51024239397603,120.45681443000666,0.0,0.0,78751300,4012400
2022-04-04,176.8817138671875,121.02351379394531,0.0,0.0,176.93128025013132,121.19073069243149,172.916645240263,119.77861545483401,173.0455148108097,121.01421451576569,0.0,0.0,76468400,2809800
2022-04-05,173.53125,119.74146270751953,0.0,0.0,176.7429614765036,121.91536747558618,172.89683953710852,119.52779194204183,175.9499446165046,120.63332870699078,0.0,0.0,73401800,3107200
2022-04-06,170.32943725585938,120.20597076416016,0.0,0.0,172.11372116203182,120.31744869612184,168.6442861155162,118.21786731504629,170.85480763857453,118.71024708218228,0.0,0.0,89058800,3958100
2022-04-07,170.63674926757812,119.42559814453125,0.0,0.0,171.8460965613006,120.0759097140262,168.3667538477119,117.73478097597985,169.66531156665854,119.72287735813079,0.0,0.0,77594700,3538300
2022-04-08,168.60464477539062,118.66381072998047,0.0,0.0,170.27988886638818,119.63927815965307,167.7224175182162,118.23645499370667,170.27988886638818,118.9239282900281,0.0,0.0,76575500,3143300
2022-04-11,164.30255126953125,117.40033721923828,0.0,0.0,167.55390673016126,119.08185516996222,164.05473445012018,117.22382103494805,167.236709066595,118.86818439853542,0.0,0.0,72246700,3202500
2022-04-12,166.19586181640625,117.03801727294922,0.0,0.0,168.38655385064848,118.30147875695447,165.1847650406976,116.66640761865843,166.55271861221303,117.4467815135909,0.0,0.0,79265200,2691000
2022-04-13,168.91192626953125,117.18666076660156,0.0,0.0,169.54633667791728,117.6790405625164,165.31363658822593,116.04396937001893,165.92821741729253,116.72215045530605,0.0,0.0,70618900,3064900
2022-04-14,163.84654235839844,117.57684326171875,0.0,0.0,169.7743308705497,121.31150999190535,163.59872556819087,117.40961927248853,169.12999814068812,119.7786175174079,0.0,0.0,75329400,6384200
2022-04-18,163.62847900390625,117.21451568603516,0.0,0.0,165.14511656388683,118.34792183881648,162.14157824898123,116.61994312848825,162.48851268314175,117.61399478762425,0.0,0.0,69023900,4884200
2022-04-19,165.93812561035156,119.98300170898438,0.0,0.0,166.35447115079714,120.21525685296282,162.47861271306476,117.05659256514728,163.57891992587136,117.13091591230787,0.0,0.0,67723800,7971400
2022-04-20,165.76962280273438,128.50213623046875,0.0,0.0,167.40522288811843,129.65411270230783,164.6495010630283,123.91277219713353,167.2862605292934,125.41778103329973,0.0,0.0,67929800,17859200
2022-04-21,164.9666748046875,129.9235382080078,0.0,0.0,170.0320504699597,131.80944891557667,164.4611340109905,127.60098667891029,167.43493541622578,128.41851517765653,0.0,0.0,87227800,9922300
2022-04-22,160.3771209716797,128.43710327148438,0.0,0.0,166.40402763853763,130.47166073789808,160.08966012576172,127.60099036713378,165.00635231798768,129.7841803621514,0.0,0.0,84882400,6508600
2022-04-25,161.45762634277344,129.2267608642578,0.0,0.0,161.74508721108586,129.73771081308342,157.0762265920136,125.59428720465378,159.71298617467937,127.82393079723467,0.0,0.0,96046400,5748300
2022-04-26,155.4307098388672,126.52332305908203,0.0,0.0,160.92232381977985,129.9421122053209,155.3514066427752,126.50473867710271,160.83311339625314,129.13386878584456,0.0,0.0,95623200,4956200
2022-04-27,155.20272827148438,125.47351837158203,0.0,0.0,158.39459505890858,127.3872985151178,154.02311776553654,125.0740463230143,154.54848822398645,126.14241432913053,0.0,0.0,88063200,4369100
2022-04-28,162.2109832763672,126.10525512695312,0.0,0.0,163.08330335618535,127.26653081967166,157.54210755439004,125.24125864019163,157.85932035633806,127.13646850911633,0.0,0.0,130216800,4474300
2022-04-29,156.2732696533203,122.82582092285156,0.0,0.0,164.7486073264787,125.92874635396953,155.8767688194159,122.63072035768882,160.42668168455637,125.53855939937351,0.0,0.0,131747600,5078700
2022-05-02,156.58058166503906,123.59688568115234,0.0,0.0,156.8482129324933,124.2750808779089,151.93153583652065,121.59949720212981,155.34149760095795,123.55973109709024,0.0,0.0,123055300,4213500
2022-05-03,158.08729553222656,123.11381530761719,0.0,0.0,159.30656513037567,124.11715926832959,154.95490254265337,122.62143551797075,156.7689082851918,123.55974123157952,0.0,0.0,88966500,3688600
2022-05-04,164.57020568847656,127.64740753173828,0.0,0.0,165.02618018810924,128.08404828883107,157.86922888474598,122.76076493891084,158.27565211851262,123.43894591612259,0.0,0.0,108256500,5932600
2022-05-05,155.4009552001953,126.27247619628906,0.0,0.0,162.64711564006026,127.51736037785807,153.59684172856848,125.19480891564912,162.4191284309165,126.77415525053452,0.0,0.0,130525300,5957400
2022-05-06,156.1355743408203,127.89826202392578,0.23,0.0,158.2798610586437,128.19555541498315,153.0581249690686,125.85441957545841,154.8748110649111,125.85441957545841,0.0,0.0,116124600,7306400
2022-05-09,150.9535675048828,126.41261291503906,0.0,1.65,154.6961401970686,128.20857058552312,150.38772285732563,125.35949251452834,153.80267975410607,126.38440535771748,0.0,0.0,131577900,7647900
2022-05-10,153.38571166992188,121.41967010498047,0.0,0.0,155.59949611319652,127.32469102350287,151.81720662874554,120.76145553026309,154.38837215922186,126.93916862349728,0.0,0.0,115366700,8642400
2022-05-11,145.4340057373047,122.94293975830078,0.0,0.0,154.31887882617508,125.0209873475047,144.74902403749422,122.1060820806987,152.38307085785848,122.1060820806987,0.0,0.0,142689800,5301100
2022-05-12,141.52268981933594,124.96456146240234,0.0,0.0,145.13620352153742,125.64157155216684,137.79005411909583,122.62324805401573,141.73116846366526,123.4318981974739,0.0,0.0,182602000,5384800
2022-05-13,146.03956604003906,125.6227798461914,0.0,0.0,147.02236783460827,125.81083502172389,142.06867173145014,123.22503690200408,143.53789838425533,125.05859997190372,0.0,0.0,113990900,4195100
2022-05-16,144.4810028076172,126.96737670898438,0.0,0.0,146.44660666959047,128.35900210160008,143.13089794938583,124.50382112854362,144.49093973933412,125.15262362206462,0.0,0.0,86643800,4250400
2022-05-17,148.15406799316406,130.10794067382812,0.0,0.0,148.68021026262304,130.10794067382812,145.61268298211033,127.54095263673499,147.77682819703904,128.99840520751496,0.0,0.0,78336300,4372900
2022-05-18,139.79534912109375,125.00218200683594,0.0,0.0,146.28775500898428,129.40273327436364,138.88203004967724,124.27815453245232,145.78147140988727,128.91379269865382,0.0,0.0,109742900,6003000
2022-05-19,136.35060119628906,121.91802215576172,0.0,0.0,140.62923776093464,124.41919735437256,135.60605844890728,121.02474939845465,138.86219085230275,124.11829762475524,0.0,0.0,136095600,5819700
2022-05-20,136.58883666992188,120.80846405029297,0.0,0.0,139.67620767593218,122.58561170683261,131.64507737672957,118.28849355221044,138.07792207189934,122.40695429808882,0.0,0.0,137426100,6914500
2022-05-23,142.0686798095703,123.33783721923828,0.0,0.0,142.21758229550522,124.07126226928833,136.6484021051316,121.6923297240284,136.78738280792436,121.76755464553183,0.0,0.0,117726300,3591500
2022-05-24,139.33871459960938,125.81083679199219,0.0,0.0,140.9370005398734,126.3467947671857,136.33076266665338,122.6326511943195,139.7854372846276,122.77370333872123,0.0,0.0,104132700,4189700
2022-05-25,139.49752807617188,126.3656005859375,0.0,0.0,140.75827617398446,126.76993283651775,137.3333826960639,124.92695771429764,137.4227241868833,124.92695771429764,0.0,0.0,92482700,3299300
2022-05-26,142.7338104248047,128.71630859375,0.0,0.0,143.2897332655704,129.3369034905566,136.1421257527405,126.48782569339392,136.390306674351,126.93916091484964,0.0,0.0,90601500,3929300
2022-05-27,148.55116271972656,130.95420837402344,0.0,0.0,148.59086499973355,131.3961458760256,144.20302839258298,129.04542058779643,144.33208731118634,129.1864583660148,0.0,0.0,90978500,4608000
2022-05-31,147.75697326660156,130.54986572265625,0.0,0.0,149.56373744401472,131.48075802751285,145.77152611661413,128.64107808908844,147.98531059523705,129.9480806709061,0.0,0.0,103718400,7978100
2022-06-01,147.6279296875,131.10464477539062,0.0,0.0,150.63588091168307,132.0825545366169,146.60541046803507,130.24899166892843,148.80925801910618,131.3303195697556,0.0,0.0,74286600,3796500
2022-06-02,150.10975646972656,131.7816619873047,0.0,0.0,150.1693174677386,131.91330203759756,145.7914023407159,128.678715895017,146.75434553594118,131.12346173584032,0.0,0.0,72348100,3734800
2022-06-03,144.32215881347656,132.7501678466797,0.0,0.0,146.8933092485359,134.06658277791038,143.4088549382039,131.3961619669054,145.83108774770463,131.88510255639738,0.0,0.0,88570300,4352200
2022-06-06,145.07662963867188,134.34866333007812,0.0,0.0,147.4889559190541,136.0881915262435,143.84564689313325,133.52120339384163,145.96015305710577,134.4426837379391,0.0,0.0,71598400,4766900
2022-06-07,147.6279296875,134.25462341308594,0.0,0.0,147.91581285959504,134.44267856926734,143.0514733951283,132.5433028398398,143.29965428918806,134.0853780768293,0.0,0.0,67808200,2887100
2022-06-08,146.88339233398438,132.4210662841797,0.0,0.0,148.77948292109005,134.27343906579475,146.3870305278578,131.78166150816097,147.49887612629803,133.58703125945542,0.0,0.0,53950200,3005700
2022-06-09,141.60211181640625,129.72242736816406,0.0,0.0,146.87347238324736,132.61850822472934,141.49291160052343,129.69420546553903,146.00980758802268,131.78165061699647,0.0,0.0,69473000,3591000
2022-06-10,136.1322021484375,128.05812072753906,0.0,0.0,139.73577878154987,129.5719884772699,136.0627042203906,127.17424567086908,139.25927565980365,129.5719884772699,0.0,0.0,91437900,4659500
2022-06-13,130.92039489746094,127.0426025390625,0.0,0.0,134.21622941497344,129.3557226173797,130.48359408420694,125.7732050994987,131.9031815795222,125.97067234366891,0.0,0.0,122207100,6486000
2022-06-14,131.7939910888672,127.6161880493164,0.0,0.0,132.91577370123466,128.77274098664083,130.52330598271703,126.80753789734152,132.1613091531334,126.93917795242162,0.0,0.0,84784300,4607800
2022-06-15,134.44456481933594,128.8761749267578,0.0,0.0,136.34067074153285,130.18317775529528,131.19836919293874,127.4845494220832,133.31286039546794,127.88886732875412,0.0,0.0,91533000,4606900
2022-06-16,129.11363220214844,127.56916809082031,0.0,0.0,131.42668006538247,128.10514038489902,128.10104986360264,126.36559779793339,131.11893816537355,127.22126531250305,0.0,0.0,108123900,5386400
2022-06-17,130.6027374267578,126.95797729492188,0.0,0.0,132.11168180626308,128.800937913927,128.86547082035617,124.91754943575039,129.1235886964468,127.87005986829793,0.0,0.0,134520300,12968500
2022-06-21,134.88134765625,129.6190185546875,0.0,0.0,136.06269113736712,130.23020148684913,132.34991465129582,127.78544106282112,132.44917792041107,127.78544106282112,0.0,0.0,81000500,4089300
2022-06-22,134.36514282226562,128.8949737548828,0.0,0.0,136.7575951415103,129.9292842973964,132.93561844118815,127.90766624108754,133.80920489247794,127.97349343759537,0.0,0.0,73409200,3791500
2022-06-23,137.26390075683594,130.1737823486328,0.0,0.0,137.5815644420526,130.3430277039369,134.64311097581628,128.34961699822898,135.8244545208393,128.95140217434968,0.0,0.0,72433800,4547900
2022-06-24,140.6292266845703,133.57762145996094,0.0,0.0,140.8774075808168,133.86910912184317,138.75297971485728,130.82257810326556,138.8820234804288,130.88839095545367,0.0,0.0,89116800,11493000
2022-06-27,140.6292266845703,134.27342224121094,0.0,0.0,142.44591266282575,135.24191984656696,139.94424498728844,133.4741699582569,141.6616525479414,133.76565757862983,0.0,0.0,70207900,3936000
2022-06-28,136.43994140625,133.38955688476562,0.0,0.0,142.3764246147896,135.55222702848192,136.32081941507366,132.88180653337625,141.09581776636168,134.386262115496,0.0,0.0,67083400,4064800
2022-06-29,138.21693420410156,132.30821228027344,0.0,0.0,139.64645893875058,134.95042488598736,135.6755636303982,131.1704550667126,136.45982393654535,134.2169998334293,0.0,0.0,66242400,4161500
2022-06-30,135.7251739501953,132.7595672607422,0.0,0.0,137.36316185699465,133.9537397567812,132.79664231343517,130.9636096485642,136.25131625469498,131.2456995603113,0.0,0.0,98964500,4878000
2022-07-01,137.91908264160156,132.69374084472656,0.0,0.0,138.02828284364224,133.2109032946909,134.67288737211632,130.94480059883108,135.05011204008952,132.58091061843942,0.0,0.0,71051600,4011900
2022-07-05,140.5299530029297,129.40272521972656,0.0,0.0,140.57959221340383,131.6124128005099,135.9336378022625,127.19305198663221,136.76753715405113,131.6124128005099,0.0,0.0,73353800,6273400
2022-07-06,141.88006591796875,129.83526611328125,0.0,0.0,143.0713312992956,130.83197138033245,140.05345799008347,128.94199333701968,140.3214976239044,129.76004117928073,0.0,0.0,74064300,3237000
2022-07-07,145.28509521484375,132.4210662841797,0.0,0.0,145.48363689203023,132.88181363237422,142.23742669548676,130.54048594529655,142.24734847763045,130.6157108805746,0.0,0.0,66253700,3897100
2022-07-08,145.9700927734375,132.08255004882812,0.0,0.0,146.47639157786392,132.88180236415354,143.9449429990184,131.47136722959442,144.20304571947742,132.3552278618601,0.0,0.0,64547800,2820800
2022-07-11,143.8158721923828,132.58090209960938,0.0,0.0,145.572997317032,133.39894988300634,142.73380703531947,131.76285431621238,144.61005415222928,132.2235872757403,0.0,0.0,63141600,3904700
2022-07-12,144.79867553710938,130.86956787109375,0.0,0.0,147.36982621449332,133.09806514136292,143.99457178569102,130.29600468983506,144.69939711071356,132.430452864318,0.0,0.0,77588800,3235400
2022-07-13,144.43136596679688,128.98898315429688,0.0,0.0,145.38437216611206,130.60628320042682,141.0858770428347,128.63168268900372,141.9495568989296,128.98898315429688,0.0,0.0,71185600,4123200
2022-07-14,147.38967895507812,130.75674438476562,0.0,0.0,147.86618205738918,131.10464714480497,142.2076603806938,126.95797853761067,143.0316228135453,127.5033485397492,0.0,0.0,78140700,5298400
2022-07-15,149.07730102539062,131.5653839111328,0.0,0.0,149.76228273225627,132.27999919394242,147.12163432378526,130.3336062240653,148.6901394277396,132.27999919394242,0.0,0.0,76259900,4519300
2022-07-18,145.9998779296875,129.88229370117188,0.0,0.0,150.4671344603493,131.93211950999913,145.6325598700222,129.55318638250793,149.64317199362924,131.78166963017046,0.0,0.0,81420900,8231700
2022-07-19,149.90127563476562,123.065185546875,0.0,0.0,150.12959783972357,124.64486619058776,145.84103942025354,120.09386508157935,146.84368488355693,123.72338581508865,0.0,0.0,82982400,29690500
2022-07-20,151.92642211914062,121.46666717529297,0.0,0.0,152.60148208414427,122.91472195141158,149.2758517671536,120.41354686370718,150.0203945114565,122.89591213222235,0.0,0.0,64823400,9882000
2022-07-21,154.21963500976562,119.55789947509766,0.0,0.0,154.4380354386393,121.11877746508327,150.8344435099851,117.65850926787851,153.37581379386617,121.06236234913345,0.0,0.0,65086600,11975400
2022-07-22,152.96878051757812,120.59220886230469,0.0,0.0,155.14284769100993,120.65803605812596,152.29373572007518,118.2038710773868,154.25932426618374,119.44505375884037,0.0,0.0,66675400,6467200
2022-07-25,151.8370819091797,120.8648910522461,0.0,0.0,153.91187073871833,121.41967315180254,151.1719588697096,120.26311309660831,152.88936657305052,120.77087064470496,0.0,0.0,53623900,4702400
2022-07-26,150.49691772460938,120.43235778808594,0.0,0.0,151.97606633071226,121.57951285845692,149.70273574167712,120.0092229385744,151.15210384884918,120.60160311927757,0.0,0.0,55138700,3645300
2022-07-27,155.64913940429688,121.4102554321289,0.0,0.0,156.1852186752148,121.70174307304808,151.05283905804376,119.9622149635442,151.46978118666811,120.32892753561809,0.0,0.0,78620700,4175600
2022-07-28,156.205078125,121.5042953491211,0.0,0.0,156.49296132906105,122.05906309882513,153.28646806313938,120.93071777890648,155.83776006052878,121.06235782710218,0.0,0.0,81378700,3913700
2022-07-29,161.3275146484375,122.98054504394531,0.0,0.0,162.43937543512382,123.17801229266497,158.33942191994464,121.58891960944227,160.06676652135607,121.78638685816193,0.0,0.0,101786900,5786800
2022-08-01,160.33480834960938,124.15589904785156,0.0,0.0,162.3996755794505,124.7764939600801,159.7193244682837,122.89591375164578,159.83844647169838,122.94293112639431,0.0,0.0,67829400,4142100
2022-08-02,158.845703125,123.93962860107422,0.0,0.0,161.22824893378422,124.85171109301942,158.46847844479024,122.71724867239314,158.9350597643028,124.30634114490978,0.0,0.0,59907000,4403600
2022-08-03,164.92120361328125,124.43800354003906,0.0,0.0,165.37784806156634,124.92695846891874,159.5803449204482,123.47891785161245,159.66968642366538,123.94906295884944,0.0,0.0,82507500,3088500
2022-08-04,164.60350036621094,123.77979278564453,0.0,0.0,165.9734638037481,124.3909756342605,163.23353692867377,123.19681749326077,164.8020420598841,124.25933558928065,0.0,0.0,55474100,3179800
2022-08-05,164.3748779296875,124.56963348388672,0.23,0.0,164.87192925071008,124.7482909057642,162.03873065336037,123.24383529334806,162.24749888246296,123.4130806313232,0.0,0.0,56697000,2586500
2022-08-08,163.89768981933594,124.69187927246094,0.0,0.0,166.82035387271443,125.38769915927097,163.23164290160983,124.13711151892163,165.38884371034115,125.15262661817573,0.0,0.0,60276900,3821200
2022-08-09,163.94740295410156,123.27320098876953,0.0,1.65,164.8421044171154,124.53001450271948,162.287253392032,122.93994716673221,163.05271665988997,123.7016598110602,0.0,0.0,63135500,3496000
2022-08-10,168.241943359375,125.20602416992188,0.0,0.0,168.3413445262913,125.47262138610584,165.91573155524713,124.10154168661187,166.6911304336887,124.49192137047365,0.0,0.0,70170500,3664000
2022-08-11,167.49635314941406,126.19624328613281,0.0,0.0,169.98160965853396,126.85322020158917,167.19811933455927,125.68209565099163,169.05708634936434,126.02486558390542,0.0,0.0,57149200,3501900
2022-08-12,171.08505249023438,127.59590148925781,0.0,0.0,171.15463177996858,127.67207420899994,168.4009635083527,125.66306412724101,168.81849992196163,126.27243135671733,0.0,0.0,68039400,2766900
2022-08-15,172.16864013671875,128.4718475341797,0.0,0.0,172.3674576326767,128.7194124699241,170.33949490382145,125.91061102670805,170.5084905338258,126.59615087753173,0.0,0.0,54091700,2791200
2022-08-16,172.00958251953125,130.0238494873047,0.0,0.0,172.68558021796852,130.79507826971945,170.64766672560123,128.01483947937203,171.76105685384752,128.1576687718127,0.0,0.0,56377100,4313600
2022-08-17,173.52061462402344,131.19497680664062,0.0,0.0,175.11116970804392,131.79482788448354,171.55229569197712,129.77630169403633,171.75111318137942,129.92864713102193,0.0,0.0,79542000,3667600
2022-08-18,173.1229705810547,132.41371154785156,0.0,0.0,173.8685475692053,132.46130677939308,172.09904606416538,131.15688362044185,172.72533558822875,131.19496271136686,0.0,0.0,62290100,3177700
2022-08-19,170.5084686279297,131.74720764160156,0.0,0.0,172.71537743777864,132.67078180324225,170.2997004242734,131.07119842748892,172.00955797368434,132.10902439355218,0.0,0.0,70346300,3155800
2022-08-22,166.581787109375,129.06219482421875,0.0,0.0,168.8582754867634,131.25211319588357,166.15431508525947,128.98602210807405,168.68927985776972,131.06167414129177,0.0,0.0,69026800,3093600
2022-08-23,166.2437744140625,128.2909698486328,0.0,0.0,167.71505719124045,129.58587700451523,165.66719308281202,128.27192303691763,166.09466509080892,128.89080639728607,0.0,0.0,54147100,4141800
2022-08-24,166.5419921875,126.85324096679688,0.0,0.0,167.11857346321227,128.6432636348594,165.2695421889627,126.73898914660951,166.33323915505275,128.433792278875,0.0,0.0,53841500,2855400
2022-08-25,169.02725219726562,127.56732177734375,0.0,0.0,169.13660408246963,127.99578055720497,167.35716722556938,126.7008880770764,167.78462403303897,127.25311479785648,0.0,0.0,51218200,2706000
2022-08-26,162.65505981445312,124.13964080810547,0.0,0.0,170.04124989564602,127.75775019626145,162.59541608646745,124.10154718784277,169.56408490295897,127.6815920126546,0.0,0.0,78961000,4185300
2022-08-29,160.4282684326172,124.07299041748047,0.0,0.0,161.93929333112956,125.12986324129906,158.8774709390489,123.36841822057472,160.1996139330471,123.76831408249798,0.0,0.0,73314000,2783000
2022-08-30,157.97283935546875,123.3779296875,0.0,0.0,161.60130758383653,124.51097518425186,156.78985489774635,123.10180178690933,161.173850769729,124.31101999663588,0.0,0.0,77906200,2407900
2022-08-31,156.29281616210938,122.30201721191406,0.0,0.0,159.63300159412108,123.77783273872166,156.2132861317279,122.25440744747634,159.3645896376838,123.70166002131336,0.0,0.0,87991100,3490400
2022-09-01,157.02845764160156,123.4541015625,0.0,0.0,157.48573635551097,123.6064469874153,153.7578515041088,121.62599278466487,155.7162348928829,122.25439950186626,0.0,0.0,74229900,3396200
2022-09-02,154.89112854003906,121.6736068725586,0.0,0.0,159.41429854575298,124.3110235731779,154.05608597034487,121.14992853607808,158.80789533396978,124.06347314523252,0.0,0.0,76957800,3040600
2022-09-06,153.61868286132812,120.65482330322266,0.0,0.0,156.16358324433435,121.93068362375385,152.78364026730472,120.25492743537528,155.54724444905082,121.68313318988459,0.0,0.0,73714800,3347100
2022-09-07,155.0402374267578,121.59742736816406,0.0,0.0,155.74604172932004,121.74977278999054,152.7040904111204,120.2358710335653,153.9069611480403,120.62625072882354,0.0,0.0,87449600,2401500
2022-09-08,153.54910278320312,122.32106018066406,0.0,0.0,155.4378917603989,122.38770222601507,151.77958610180147,120.53103769895343,153.72803398009836,121.11184193854295,0.0,0.0,84923800,2964600
2022-09-09,156.44190979003906,123.00659942626953,0.0,0.0,156.88926806214408,123.29224347392693,153.83736602381367,121.9306798090926,154.5531210566208,122.73047151976547,0.0,0.0,68028800,3291900
2022-09-12,162.46617126464844,124.40625,0.0,0.0,163.291278195306,124.72045701931722,158.36053807827892,123.67310028825985,158.64882114137566,124.0920429806828,0.0,0.0,104956000,3741100
2022-09-13,152.93275451660156,121.1594467163086,0.0,0.0,159.59323952010473,123.69213490463494,152.4655250377967,120.70241770925128,158.95701440389433,122.95898526518063,0.0,0.0,122656600,4565600
2022-09-14,154.39407348632812,121.5783920288086,0.0,0.0,156.17352564761967,122.82568934019032,152.70410208796778,120.77859306500785,153.87713588335603,121.39748365018811,0.0,0.0,87965400,3819100
2022-09-15,151.47142028808594,119.48368835449219,0.0,0.0,154.32450529052602,121.36892309883832,150.4872683442811,118.92193092547905,153.73797318184688,121.29275038378334,0.0,0.0,90481100,5141700
2022-09-16,149.81126403808594,121.1784896850586,0.0,0.0,150.45743985201966,121.42604737355023,147.49500307862988,117.90314288817684,150.3182660898928,118.40777440624186,0.0,0.0,162278800,9839700
2022-09-19,153.5689697265625,121.61648559570312,0.0,0.0,153.64849975705897,121.93068534531653,148.22070790269458,120.2358823216464,148.42946096004582,120.43583025839318,0.0,0.0,81474200,3981600
2022-09-20,155.9746856689453,120.25492095947266,0.0,0.0,157.14773457806695,120.91189063149169,152.17722177575766,119.51224790516855,152.4953267073288,120.82620177766606,0.0,0.0,107689800,2837500
2022-09-21,152.81346130371094,118.95049285888672,0.0,0.0,157.80386087788722,121.72120815115663,152.69417383915624,118.94096945352891,156.41210805993703,120.8166807763723,0.0,0.0,101696800,3389500
2022-09-22,151.83924865722656,119.31230163574219,0.0,0.0,153.55904204469962,120.4548705521953,150.02003893432834,118.45538402868965,151.4813710860203,118.78863057190229,0.0,0.0,86652500,4046600
2022-09-23,149.5428466796875,116.83674621582031,0.0,0.0,150.57672187712916,119.01714111271279,147.68387967365936,115.9131720385089,150.29837436292607,118.56963549985223,0.0,0.0,96029900,5195600
2022-09-26,149.880859375,116.17024993896484,0.0,0.0,152.86316729688903,118.3125584201238,148.7575185370717,115.92269225826885,148.77740483714896,116.44637057046621,0.0,0.0,93339400,3987800
2022-09-27,150.86502075195312,115.91317749023438,0.0,0.0,153.8075714272128,118.0173997723671,149.06569728646676,115.28477073300299,151.83925232246673,116.73201604074052,0.0,0.0,84442700,4117200
2022-09-28,148.95631408691406,116.88435363769531,0.0,0.0,149.75159911601543,117.33185924159591,143.9858016160309,114.07554480513546,146.76929163348552,115.82748086463678,0.0,0.0,146691400,4996400
2022-09-29,141.63973999023438,115.80844116210938,0.0,0.0,145.85474064729044,116.75106218894685,139.85035220333307,114.799178088292,145.2384018641143,116.01791250140658,0.0,0.0,128138200,3817700
2022-09-30,137.38497924804688,113.1234130859375,0.0,0.0,142.25609119434162,116.57015220292023,137.18616175752106,112.93298856058752,140.44681714231157,115.83700978966979,0.0,0.0,124925300,5346100
2022-10-03,141.60992431640625,115.6941909790039,0.0,0.0,142.22627829533494,116.36068410048254,136.87800100085533,113.87560547517903,137.39493864385267,114.40880723659214,0.0,0.0,114311700,4261700
2022-10-04,145.23838806152344,119.49320983886719,0.0,0.0,145.35767551304633,119.63603186124168,143.4092278482999,116.65583799463934,144.17469105610752,116.92244249304564,0.0,0.0,87830100,4566100
2022-10-05,145.53660583496094,119.72172546386719,0.0,0.0,146.51083724600878,120.40726538706696,142.16659883003666,118.28400357051054,143.220360264566,118.74102534315699,0.0,0.0,79471000,3212900
2022-10-06,144.5723419189453,116.37973022460938,0.0,0.0,146.66989912895627,119.30279106450756,144.36358885580452,115.94174073110476,144.95010578207987,118.90288792975247,0.0,0.0,68402200,5074600
2022-10-07,139.2638397216797,113.1329345703125,0.0,0.0,142.25609847332984,115.97030644091657,138.62761461816126,112.41883171603155,141.6993882350486,115.68466239351224,0.0,0.0,85925600,4499700
2022-10-10,139.59188842773438,112.11415100097656,0.0,0.0,141.05322049627736,114.2183732605824,137.7528076774363,111.43813448660609,139.59188842773438,114.05651168620427,0.0,0.0,74899000,5990000
2022-10-11,138.16036987304688,112.16175079345703,0.0,0.0,140.51640326068497,113.52330710677244,137.4048573864025,111.34291232451326,139.0749424101852,111.83802040925094,0.0,0.0,77033700,4043100
2022-10-12,137.52413940429688,111.94276428222656,0.0,0.0,139.5322307482107,113.12341231263161,137.3452082311643,111.59047092208434,138.30948889206942,112.35218354673725,0.0,0.0,70433700,3338800
2022-10-13,142.146728515625,115.96077728271484,0.0,0.0,142.74318094195408,116.30354721690323,133.57755425418063,110.019443863832,134.1939081474954,110.54311490578738,0.0,0.0,113224000,5837500
2022-10-14,137.5639190673828,114.29454040527344,0.0,0.0,143.6677082660222,116.6748831979585,137.37503715128264,114.1041086233208,143.45894005117427,115.97030376530803,0.0,0.0,88598000,3762400
2022-10-17,141.57015991210938,115.70370483398438,0.0,0.0,142.05726049529892,116.99861195660677,139.44278087964219,115.61801597615778,140.23806602152203,115.97030934153727,0.0,0.0,85250900,5458600
2022-10-18,142.90225219726562,117.05573272705078,0.0,0.0,145.83485190424906,118.00786978905255,139.78077056471744,115.98933660248625,144.63199622376132,117.1128586262175,0.0,0.0,99136600,5120300
2022-10-19,143.0115966796875,116.64632415771484,0.0,0.0,144.09516484314776,118.00788057135102,140.66551400194888,116.15120877226718,140.85439591772297,116.50350213251917,0.0,0.0,61758300,5906600
2022-10-20,142.54437255859375,122.15919494628906,0.0,0.0,145.02962908215443,122.78760892997664,141.80873116685106,119.1599615766241,142.17655944712342,120.20731095187368,0.0,0.0,64522000,13623100
2022-10-21,146.4014892578125,123.68260192871094,0.0,0.0,146.97807056680443,124.58714378514318,141.80872508447706,121.48316757982622,142.02742886267404,122.24488015597278,0.0,0.0,86548600,7201300
2022-10-24,148.56861877441406,126.33907318115234,0.0,0.0,149.34401752752345,126.7389690167543,145.13896810969177,123.63500732415298,146.32195253704597,124.63473964892835,0.0,0.0,75981900,5610900
2022-10-25,151.44158935546875,126.56758880615234,0.0,0.0,151.5907138496173,126.91988944333686,148.4791677977706,125.01561507668052,149.20485846245995,125.68210819931815,0.0,0.0,74732300,5957600
2022-10-26,148.46922302246094,128.5480194091797,0.0,0.0,151.09365316737305,129.35734172262602,147.1669359304103,126.4533207801204,150.06972874670512,127.31976899268837,0.0,0.0,88194300,5139000
2022-10-27,143.94606018066406,128.31951904296875,0.0,0.0,148.17099625023826,129.87149261252407,143.2800132558345,128.0148282020383,147.19677994498923,129.06218480716305,0.0,0.0,109180200,3993200
2022-10-28,154.82154846191406,131.88050842285156,0.0,0.0,156.5711636232206,132.2137622291714,146.94825748283122,128.74798366297549,147.32600616599376,129.07170679979728,0.0,0.0,164762400,5965500
2022-10-31,152.43569946289062,131.67105102539062,0.0,0.0,153.3304009653271,132.12808735587035,151.02407549465843,130.06195131204964,152.2567682636851,131.4520635306573,0.0,0.0,97943200,4915300
2022-11-01,149.76156616210938,131.58535766601562,0.0,0.0,154.5332621709927,132.0138164987987,148.25054097485904,130.1571518710984,154.16544902484412,131.63296743153833,0.0,0.0,80379300,3590600
2022-11-02,144.17469787597656,130.2809295654297,0.0,0.0,151.2725897845585,133.46106419835024,144.14487601168517,130.25236661285842,148.07157822100177,131.1568940106884,0.0,0.0,93604600,5360500
2022-11-03,138.06097412109375,128.0338897705078,0.0,0.0,141.95785449789213,129.9476803021609,137.93173592890952,127.55782117302054,141.22221311216924,129.89055439501612,0.0,0.0,97918500,4442400
2022-11-04,137.7921142578125,130.40469360351562,0.23,0.0,142.06388202909315,131.13782865377686,133.80910777144902,128.4813727411095,141.48634426529478,129.1573818943071,0.0,0.0,140814800,4178000
2022-11-07,138.32981872558594,131.71864318847656,0.0,0.0,138.55883735297928,132.06141312629492,135.09362583195073,129.9762305486048,136.52751065278036,130.1000130209573,0.0,0.0,83374600,4043100
2022-11-08,138.90736389160156,133.3372802734375,0.0,0.0,140.82915740359348,134.1846817569428,136.90590841933505,132.08046678854038,139.81350159651424,132.3470640286234,0.0,0.0,89908500,5042800
2022-11-09,134.29702758789062,132.37379455566406,0.0,1.65,137.96140176306002,133.82865810844126,134.01821832601487,131.9402273102902,137.91161113901825,132.91334621227864,0.0,0.0,74917800,4720000
2022-11-10,146.2460479736328,136.07359313964844,0.0,0.0,146.2460479736328,136.2084810569686,138.9073627737481,133.24093217424505,140.63997620935567,135.13900731904445,0.0,0.0,118854000,5389000
2022-11-11,149.06402587890625,137.9427490234375,0.0,0.0,149.3727064736867,138.86770513774528,143.75666751500694,135.8134460931403,145.2005196296357,136.3337238000343,0.0,0.0,93979700,5871300
2022-11-14,147.65005493164062,138.9351348876953,0.0,0.0,149.64155825167242,140.74649922549645,146.80365994304128,136.9888826546331,148.33712600808593,137.4224645409589,0.0,0.0,73374100,5293500
2022-11-15,149.40257263183594,139.07003784179688,0.0,0.0,152.9374940695624,140.82359537174816,147.92886442687234,136.81547647615628,151.57331915514123,138.81953592395223,0.0,0.0,89868300,4727100
2022-11-16,148.1578826904297,139.2434844970703,0.0,0.0,149.23329630566613,139.65777785933122,146.66425520159535,138.75209552119347,148.4964498019785,138.86772423993662,0.0,0.0,64218300,3445200
2022-11-17,150.07969665527344,140.7561492919922,0.0,0.0,150.8364624734915,140.8428598011948,145.52910411694938,138.01984318927813,145.80791337597523,138.1740050067584,0.0,0.0,80389400,3954000
2022-11-18,150.64727783203125,142.24957275390625,0.0,0.0,152.05129146714484,142.89510888010764,149.3328934031763,140.6116437335181,151.6629488865779,141.20900244995013,0.0,0.0,74829600,4661700
2022-11-21,147.38119506835938,141.32460021972656,0.0,0.0,149.7311695513299,142.52896181705182,147.09243377751235,141.10300180228904,149.52207021512172,142.1628458886071,0.0,0.0,58724100,3476200
2022-11-22,149.54196166992188,143.65626525878906,0.0,0.0,149.7809475136407,143.89713759175035,146.30576910679878,141.6522056843494,147.50068313143,142.21103126102128,0.0,0.0,51804100,7062100
2022-11-23,150.42822265625,143.31903076171875,0.0,0.0,151.1849885088291,144.9666039034161,148.70556120637923,142.88546352496041,148.81509450553884,143.65625789124175,0.0,0.0,58301400,3658200
2022-11-25,147.48077392578125,142.95289611816406,0.0,0.0,148.24750693206525,144.03201408134646,146.4949743462733,142.692764604417,147.6799212121765,142.85655601363231,0.0,0.0,35195900,2075200
2022-11-28,143.6072998046875,140.84286499023438,0.0,0.0,146.0170169010193,142.82766538463792,142.77087209071394,140.611636957175,144.52338947151054,142.57714874658276,0.0,0.0,69246000,3538100
2022-11-29,140.5702667236328,141.1415557861328,0.0,0.0,144.1948023311519,141.79672146695748,139.7537582243498,140.38039099035555,143.6770071889448,140.58273021630453,0.0,0.0,83763800,2754700
2022-11-30,147.40110778808594,143.4635467529297,0.0,0.0,148.0881788215148,144.17653410697733,139.95289009179822,140.3514805201284,140.7992698334425,140.85249905815326,0.0,0.0,111380900,6377600
2022-12-01,147.679931640625,143.7140655517578,0.0,0.0,148.49645532465777,144.53302262455423,145.9871567957836,141.96050799292345,147.5803655873785,144.50411912208378,0.0,0.0,71250400,4495900
2022-12-02,147.1820526123047,143.24195861816406,0.0,0.0,147.37124786153967,143.7140736880433,145.03122534831445,142.33627628500176,145.3399211304143,142.72168084256052,0.0,0.0,65447400,2900000
2022-12-05,146.007080078125,142.02796936035156,0.0,0.0,150.27884828657326,143.4924625948589,145.15073298816077,141.44024026568715,147.14223643515055,142.53861754240808,0.0,0.0,68826400,2784600
2022-12-06,142.30287170410156,142.1146697998047,0.0,0.0,146.67422083234916,142.40371952617414,141.31707210246432,141.34387543004607,146.4452022075518,141.92197488278498,0.0,0.0,64727200,2847600
2022-12-07,140.34124755859375,141.89306640625,0.0,0.0,142.7609169056208,142.69276425044416,139.40523852602743,140.9488363530978,141.58593718829044,141.95087340916152,0.0,0.0,69721100,3971300
2022-12-08,142.04397583007812,142.3844451904297,0.0,0.0,142.91029015257863,143.70442080475937,140.50057282957653,141.98941105565024,141.75521451855485,142.50005919995354,0.0,0.0,62128300,2665700
2022-12-09,141.55606079101562,141.6811065673828,0.0,0.0,144.95157762596486,142.92400131373287,140.30140396500693,141.60402565805936,141.7352887981799,142.01831900628264,0.0,0.0,76097000,3047600
2022-12-12,143.8761749267578,143.7622528076172,0.0,0.0,143.88612697436778,143.7622528076172,140.4607385447739,141.5751278601751,142.09377079679356,142.42300319522172,0.0,0.0,70462700,4032800
2022-12-13,144.85198974609375,145.07260131835938,0.0,0.0,149.33287204751394,147.61621266394758,143.62721950468213,144.47522791255477,148.86486756940403,144.87989168325277,0.0,0.0,93886200,8811500
2022-12-14,142.6016082763672,144.3885040283203,0.0,0.0,146.03694861784805,146.363659991828,140.56031424349834,143.02998061568687,144.73251631608284,144.97623307694104,0.0,0.0,82291200,4205900
2022-12-15,135.92010498046875,137.16233825683594,0.0,0.0,141.1975919489063,143.54063276111575,135.45210047307742,136.4108177739254,140.51052085533328,143.09743591308137,0.0,0.0,98931900,6687000
2022-12-16,133.9385528564453,135.0426788330078,0.0,0.0,137.0652125203728,136.7384148969671,133.16186776243538,133.89612408624333,136.1092994172674,136.09287875838575,0.0,0.0,160156900,9834400
2022-12-19,131.80764770507812,133.7997589111328,0.0,0.0,134.6256268401695,135.31244422009328,130.76212057494766,132.19073348992245,134.5360128336952,135.04266838310474,0.0,0.0,79592600,5282900
2022-12-20,131.73794555664062,136.12176513671875,0.0,0.0,132.68390657976732,136.2662826489328,129.33818044774594,133.28910428388522,130.8318079139347,133.77084892683843,0.0,0.0,77432800,5156500
2022-12-21,134.8745574951172,136.9503631591797,0.0,0.0,136.22878034227125,137.86567501805504,132.1860310880514,135.8327120864766,132.4150497124627,136.6613134401455,0.0,0.0,85928000,3793700
2022-12-22,131.66822814941406,135.73638916015625,0.0,0.0,133.98833117136377,136.2759408630771,129.74643487880792,133.55889374263546,133.7792318466264,135.80382577218072,0.0,0.0,77852100,3337100
2022-12-23,131.29981994628906,136.47825622558594,0.0,0.0,131.85743846800435,136.6805954514189,129.0892499537998,134.50311488196843,130.3638109159962,135.45695989919165,0.0,0.0,63814900,2092500
2022-12-27,129.47760009765625,137.22015380859375,0.0,0.0,130.85174238810484,137.50920355887123,128.17316772349005,136.07359911022434,130.82187105083128,136.55534379345983,0.0,0.0,69007800,2742400
2022-12-28,125.5045394897461,134.90777587890625,0.0,0.0,130.4733381203248,137.59590455669752,125.33526353169621,134.84032457111164,129.11911526196144,137.2008704153633,0.0,0.0,85438400,2539500
2022-12-29,129.05938720703125,135.90980529785156,0.0,0.0,129.92568638277837,137.0659895769975,127.18737661884794,135.3220762065476,127.44626660859738,135.44733452652932,0.0,0.0,75703700,2337200
2022-12-30,129.3780059814453,135.74600219726562,0.0,0.0,129.39792526896937,135.755631797328,126.88863442668149,134.3585753009492,127.86447439683818,135.4087750732489,0.0,0.0,77034200,2858000
