,Capital Gains,Close,Close,Dividends,Dividends,High,High,Low,Low,Open,Open,Stock Splits,Stock Splits,Volume,Volume
,SPY,AAPL,SPY,AAPL,SPY,AAPL,SPY,AAPL,SPY,AAPL,SPY,AAPL,SPY,AAPL,SPY
Date,,,,,,,,,,,,,,,
2021-01-04,0.0,127.33171081542969,354.1974182128906,0.0,0.0,131.46425684514475,360.5938933010171,124.72426766262141,350.38450530827276,131.37570582631736,360.45941886884845,0.0,0.0,143301900,110210800
2021-01-05,0.0,128.90597534179688,356.63690185546875,0.0,0.0,129.62426235918883,357.7606192472374,126.36740831362734,353.4866887161092,126.82002732439854,353.5347278617601,0.0,0.0,97664900,66426200
2021-01-06,0.0,124.56681060791016,358.7690124511719,0.0,0.0,128.94534839707228,362.0633132783163,124.35034259271949,354.514309869474,125.66882618212315,355.0809606803747,0.0,0.0,155088000,107997700
2021-01-07,0.0,128.8174285888672,364.0994873046875,0.0,0.0,129.5160326252282,364.8678205692098,125.80657446039716,361.0357093180959,126.29854448174804,361.2181935976761,0.0,0.0,109578200,68766800
2021-01-08,0.0,129.92930603027344,366.1740417480469,0.0,0.0,130.49999314624182,366.39492218556524,128.1385276649517,362.17864407815307,130.30319309583237,365.53053988953883,0.0,0.0,105158200,71677200
2021-01-11,0.0,126.90858459472656,363.70562744140625,0.0,0.0,128.0794756670302,365.5208268386358,126.4362975702939,362.77400817414195,127.11521861314114,362.8988688970788,0.0,0.0,100384500,51034700
2021-01-12,0.0,126.73150634765625,363.7825012207031,0.0,0.0,127.60721256369816,364.82936767163767,124.82265987333786,361.4678585996333,126.43632127190058,363.8977775807425,0.0,0.0,91951100,52547700
2021-01-13,0.0,128.7879180908203,364.7621765136719,0.0,0.0,129.33892214035455,365.7898156301001,126.4264678746066,362.8989376262658,126.69212088965998,363.70569632338476,0.0,0.0,88636800,45303600
2021-01-14,0.0,126.83972930908203,363.4847717285156,0.0,0.0,128.89616063500046,366.0491358441537,126.69212927721298,363.1390305767621,128.6993756062437,365.5304948064902,0.0,0.0,90221800,49989100
2021-01-15,0.0,125.09813690185547,360.833984375,0.0,0.0,128.1286740464908,362.6395702645117,124.96038589590538,358.9131221303847,126.71179797744222,361.81361356814233,0.0,0.0,111598500,107160000
2021-01-19,0.0,125.77706146240234,363.66729736328125,0.0,0.0,126.64293353192642,364.2243639178516,124.90135539708241,361.842483798039,125.72786145595501,363.36956601205924,0.0,0.0,90757300,51233300
2021-01-20,0.0,129.90960693359375,368.6999816894531,0.0,0.0,130.36222597424978,369.5643639877484,126.4854996755842,365.6265898399179,126.59373368441058,366.0299545677718,0.0,0.0,104319500,61836100
2021-01-21,0.0,134.6719207763672,369.0360107421875,0.0,0.0,137.42695696115743,369.71793787884116,131.44459739278815,368.085193398723,131.65123148748663,369.2761185004385,0.0,0.0,120150900,47840100
2021-01-22,0.0,136.8365478515625,367.72991943359375,0.0,0.0,137.60401987763774,368.9304584887285,132.85158770772046,366.7310627329117,134.09134674667274,367.1248430602002,0.0,0.0,114459400,52860500
2021-01-25,0.0,140.62472534179688,369.1800537109375,0.0,0.0,142.75987367939632,369.54499283843876,134.3471823399822,363.4846761058928,140.77232537348837,368.4885422793145,0.0,0.0,157611700,70402000
2021-01-26,0.0,140.86087036132812,368.6038513183594,0.0,0.0,141.98256149103966,370.5823369925512,139.09960914910417,368.363743549064,141.2938064138018,370.1597449737888,0.0,0.0,98390600,42665300
2021-01-27,0.0,139.7785186767578,359.5950012207031,0.0,0.0,141.98254975547954,365.2711523739947,138.155023627906,357.28997250967853,141.1265117174861,365.175103404779,0.0,0.0,140843800,123351100
2021-01-28,0.0,134.88833618164062,362.6875915527344,0.0,0.0,139.70965137520562,366.8174334513461,134.5046001674396,361.01645086139393,137.27931828068807,361.46782532902836,0.0,0.0,142621100,94198100
2021-01-29,0.0,129.84072875976562,355.4267883300781,0.0,0.0,134.54396074974608,361.76564023891785,128.11883376303166,353.69799454946644,133.64857174814853,360.76678356412236,0.0,0.0,177523800,126765100
2021-02-01,0.0,131.98573303222656,361.3430480957031,0.0,0.0,133.20582424084392,362.4091126800346,128.82727849893377,355.7245196022395,131.60199696871769,358.9323563566704,0.0,0.0,106239800,75817600
2021-02-02,0.0,132.82208251953125,366.45257568359375,0.0,0.0,134.1208756738771,368.056508959963,132.4481804686472,361.4295384018097,133.5501886012721,364.6277619516442,0.0,0.0,83305400,64450700
2021-02-03,0.0,131.78895568847656,366.7406311035156,0.0,0.0,133.58956809572362,368.5174345475485,131.46425361368745,365.42484515129576,133.579719084716,367.30728195030946,0.0,0.0,89880900,52427100
2021-02-04,0.0,135.1835174560547,370.90887451171875,0.0,0.0,135.19335145121678,370.9568843408499,132.42848242362257,366.8558542540373,134.11102644779447,367.8066716270617,0.0,0.0,84183100,47142600
2021-02-05,0.0,134.7647247314453,372.3688049316406,0.205,0.0,135.41509922266007,373.09874208672926,133.87786136063966,370.86095009131236,135.34612831150267,372.8394361916494,0.0,0.0,75693800,48669800
2021-02-08,0.0,134.91253662109375,375.0580139160156,0.0,0.0,134.9618101465557,375.10602375413,132.95156458259123,372.98347891485577,134.04537068870366,373.8670592444021,0.0,0.0,71297200,38365200
2021-02-09,0.0,134.0256805419922,374.8082275390625,0.0,0.0,135.86840845452252,375.42291749673035,133.86802628495334,373.7709748730359,134.6267815657062,374.1935375813946,0.0,0.0,76774200,35551100
2021-02-10,0.0,133.41470336914062,374.64501953125,0.0,0.0,134.99136590442143,376.7579800640753,132.43914173386668,372.1671197336972,134.48879701526442,376.60430754259374,0.0,0.0,73046600,59154400
2021-02-11,0.0,133.1584930419922,375.25006103515625,0.0,0.0,134.40010455467555,376.1912941504528,131.8183344889924,372.7433497047722,133.91724811499282,375.7590883920944,0.0,0.0,64280000,42913300
2021-02-12,0.0,133.39498901367188,377.10369873046875,0.0,0.0,133.55265827214197,377.353390897273,131.7395069082401,374.34723672470386,132.38988132230318,374.4240876298994,0.0,0.0,60145100,50593300
2021-02-16,0.0,131.246826171875,376.77716064453125,0.0,0.0,134.02567594763306,378.57319166906274,130.85265295236155,376.0376391473961,133.51327331652192,378.371480007088,0.0,0.0,80576300,50972400
2021-02-17,0.0,128.9311065673828,376.86358642578125,0.0,0.0,130.29097787271303,377.1228922801341,127.58109899022926,373.9246401929549,129.3351284821796,374.9715359209729,0.0,0.0,97918500,52290600
2021-02-18,0.0,127.81758880615234,375.2596130371094,0.0,0.0,128.1033512044632,376.0279461367356,125.55114189299337,372.3975180174481,127.31501988212493,374.17432128411633,0.0,0.0,96856700,59712800
2021-02-19,0.0,127.97525024414062,374.5969543457031,0.0,0.0,128.8030064490751,376.85397337456226,126.9208688821559,374.1359368493727,128.33986233499195,376.5562420675672,0.0,0.0,87668800,83241000
2021-02-22,0.0,124.16171264648438,371.7156677246094,0.0,0.0,127.82744060370273,374.2031808920119,123.76754697573571,371.43713448361643,126.14238217330005,371.74447948677874,0.0,0.0,103916400,67414200
2021-02-23,0.0,124.02375030517578,372.1671142578125,0.0,0.0,124.86134761967558,373.55975131259805,116.66273360659771,365.155977764841,121.95439002285727,369.43949298923053,0.0,0.0,158273000,107284100
2021-02-24,0.0,123.52118682861328,376.26806640625,0.0,0.0,123.728122101551,376.70988579775457,120.44671132429932,370.02526450659946,123.11717249137803,371.0433190869709,0.0,0.0,111039900,72433900
2021-02-25,0.0,119.22480010986328,367.20166015625,0.0,0.0,124.61499610667079,376.3737960109211,118.78136844483728,365.7130034701691,122.86096682818098,374.96196092701024,0.0,0.0,148199500,146670500
2021-02-26,0.0,119.4908676147461,365.3095703125,0.0,0.0,123.02848735407596,370.32302198040674,119.43173787824773,363.26387662728956,120.80145773745129,369.1417104496564,0.0,0.0,164560400,152701600
2021-03-01,0.0,125.92559814453125,374.16473388671875,0.0,0.0,126.06355500152355,375.45173734957376,120.99854605742111,365.511269633249,121.94453915597607,370.33262318875654,0.0,0.0,116307900,105348800
2021-03-02,0.0,123.2945556640625,371.24505615234375,0.0,0.0,126.84203170717815,374.63537685930226,123.18615991535444,370.72641513679423,126.53655687977447,374.3952690774779,0.0,0.0,102260900,79595300
2021-03-03,0.0,120.2791976928711,366.32769775390625,0.0,0.0,123.87594735608259,371.52360498786703,120.06240618994711,366.2220350759138,122.98907644325048,370.524777597957,0.0,0.0,112966300,119940200
2021-03-04,0.0,118.37735748291016,361.7944030761719,0.0,0.0,121.79673302907601,368.8055383042986,116.8893930808477,357.1651181911741,119.97372515659694,366.135541048351,0.0,0.0,178155000,183433000
2021-03-05,0.0,119.64852905273438,368.4501647949219,0.0,0.0,120.16094667124328,369.5354565604044,115.85470051352692,357.895037037939,119.2149535887092,365.40558549980744,0.0,0.0,153766600,152039600
2021-03-08,0.0,114.66236114501953,366.6158142089844,0.0,0.0,119.23466505476365,372.33997619419483,114.5145480731528,366.32769656091693,119.1656866236372,369.43948440018653,0.0,0.0,154376600,123149200
2021-03-09,0.0,119.3233413696289,371.85015869140625,0.0,0.0,120.27919065765715,374.4817307866853,117.05690196727375,370.0637414273596,117.29339835750109,370.5823824795066,0.0,0.0,129525800,113633600
2021-03-10,0.0,118.22954559326172,374.16473388671875,0.0,0.0,120.38758930247441,375.91272551773096,117.70727175505651,372.8105518327258,119.91459651062705,374.27039654860874,0.0,0.0,111943300,109899400
2021-03-11,0.0,120.1806640625,377.9584655761719,0.0,0.0,121.41242719144257,379.9945749045754,119.49087971752634,376.2392856277422,120.75220395866988,376.7099168174436,0.0,0.0,103026500,86245000
2021-03-12,0.0,119.26422119140625,378.46746826171875,0.0,0.0,119.40217804790545,378.61152706141644,117.42150852898781,375.72064944738196,118.64341533715988,376.5562197956588,0.0,0.0,88105100,64653600
2021-03-15,0.0,122.18103790283203,380.72454833984375,0.0,0.0,122.19089411225971,380.99346791250514,118.66312294564601,376.51785485247024,119.6386846906925,378.7268349629005,0.0,0.0,92403800,73427200
2021-03-16,0.0,123.73799133300781,380.2442932128906,0.0,0.0,125.36392009787879,382.0883045738065,122.90039394446374,379.44711895923973,123.86609198647474,381.35839684387537,0.0,0.0,115227900,73722500
2021-03-17,0.0,122.93980407714844,381.5408630371094,0.0,0.0,124.02375401765855,382.3668197031932,120.55510518632447,377.73753482900565,122.24016359265475,378.91887561773905,0.0,0.0,111932600,97959300
2021-03-18,0.0,118.77152252197266,375.98956298828125,0.0,0.0,121.38286176615965,381.02221237776524,118.56458722583356,375.28843776087916,121.08723561848367,378.8708561764646,0.0,0.0,121229700,115349100
2021-03-19,0.0,118.23938751220703,375.2938537597656,0.0,1.278,119.65838084264502,377.3077254806902,117.93391270504834,373.0487036408696,118.15070418809687,375.6792785483494,0.0,0.0,185549500,113624500
2021-03-22,0.0,121.58979034423828,378.2906188964844,0.0,0.0,122.06279065076865,379.7167231712092,118.50545845588704,375.7660523419826,118.5744368841222,375.8238645984955,0.0,0.0,111912300,73778600
2021-03-23,0.0,120.752197265625,375.31317138671875,0.0,0.0,122.42739202090011,379.12892736019677,120.35803158259405,374.50377038664953,121.5306724221377,377.63539505162214,0.0,0.0,95467100,90686600
2021-03-24,0.0,118.33792877197266,373.4053039550781,0.0,0.0,121.1069370484773,378.4448216506914,118.31822387235545,373.3571368732327,121.0281024138393,376.75856210164307,0.0,0.0,88530500,97588600
2021-03-25,0.0,118.83065032958984,375.5058898925781,0.0,0.0,119.88504679742012,376.32490664594394,117.26385122028559,369.9171268213106,117.7959738002622,371.92138302825833,0.0,0.0,98844700,116128600
2021-03-26,0.0,119.44158935546875,381.5571594238281,0.0,0.0,119.7076543639589,381.971490398605,117.18499871903582,376.07440497051664,118.59413584071805,376.6910788436214,0.0,0.0,94071200,114409100
2021-03-29,0.0,119.61897277832031,381.3644104003906,0.0,0.0,120.79161360837577,382.29908103751745,118.96860579695391,378.50258623566447,119.87518159793012,380.0346697613824,0.0,0.0,80819200,108107600
2021-03-30,0.0,118.15071105957031,380.3526611328125,0.0,0.0,118.64341627039579,381.04643756908854,117.12588331888308,378.70492371788885,118.35764634594682,380.0539546927797,0.0,0.0,85671900,76262200
2021-03-31,0.0,120.36788177490234,381.8944091796875,0.0,0.0,121.71788921033314,383.5035954964298,119.38247137562863,380.91157135529045,119.87517657526548,380.9404774852423,0.0,0.0,118323800,112734200
2021-04-01,0.0,121.20547485351562,386.01849365234375,0.0,0.0,122.36825938454103,386.0763353147786,120.702913462474,383.6770090498865,121.85584930287358,383.88899712537835,0.0,0.0,75089100,99682900
2021-04-05,0.0,124.06317901611328,391.5590515136719,0.0,0.0,124.3193878420131,392.11794252102453,121.27446559651973,388.68761149020713,122.06279697555681,388.76468469499883,0.0,0.0,88651200,91684800
2021-04-06,0.0,124.36865234375,391.3277893066406,0.0,0.0,125.27522815597123,392.406990573539,123.81682489597797,390.6340128627733,124.6544222772277,390.98091578772153,0.0,0.0,80171300,62021000
2021-04-07,0.0,126.03399658203125,391.7806701660156,0.0,0.0,126.05370148284295,392.1371888612012,123.31426166683123,390.68220795398537,123.99419727515249,391.15435115506574,0.0,0.0,83466700,55836300
2021-04-08,0.0,128.45809936523438,393.640380859375,0.0,0.0,128.48766047411524,393.6981931144681,126.64494785175047,392.10829728734853,127.06866710315592,393.0718740802731,0.0,0.0,88844600,57863100
2021-04-09,0.0,131.05958557128906,396.50225830078125,0.0,0.0,131.09899537208756,396.6757244953607,127.58108799924541,393.3899236619791,127.90627524146943,393.51519336682884,0.0,0.0,106686700,61104600
2021-04-12,0.0,129.3252716064453,396.6467590332031,0.0,0.0,130.9117830168788,396.9261751264976,128.72417063637621,395.25920612032246,130.58659576721814,395.8855251448519,0.0,0.0,91420000,56704900
2021-04-13,0.0,132.46873474121094,397.822265625,0.0,0.0,132.69538999670107,398.4678749581338,130.00520833418548,396.1456515626926,130.5077773443687,396.5407215417704,0.0,0.0,91266500,56551000
2021-04-14,0.0,130.10374450683594,396.4637451171875,0.0,0.0,133.03041483612432,398.88230324897427,129.73914744071155,395.90485402264613,132.97129261309559,397.7934565979864,0.0,0.0,87222800,61659900
2021-04-15,0.0,132.5377197265625,400.7227478027344,0.0,0.0,133.0304250043564,401.0021933563253,131.69026604731008,398.6221570760994,131.86764776612523,398.6703241619441,0.0,0.0,89347100,60229800
2021-04-16,0.0,132.20266723632812,402.06207275390625,0.0,0.0,132.70522114389505,402.68839180481336,131.33550124413114,400.58780139763473,132.34062409543492,402.05242757579003,0.0,0.0,84922400,82037300
2021-04-19,0.0,132.8727264404297,400.08673095703125,0.0,0.0,133.49353976528556,401.56100234397917,131.39461093261548,398.71846831347506,131.56212888582755,401.09850428127015,0.0,0.0,94264200,78498500
2021-04-20,0.0,131.16799926757812,397.157470703125,0.0,0.0,133.55269100070305,399.9710985491918,129.88696254187053,395.63500286066494,133.0501370318623,398.8340849594255,0.0,0.0,94812300,81851800
2021-04-21,0.0,131.5522918701172,400.9153747558594,0.0,0.0,131.79864447661552,401.1273628114565,129.3843919401657,396.3769072118522,130.42892458593153,396.5214672453264,0.0,0.0,68847100,66793000
2021-04-22,0.0,130.0150604248047,397.2537536621094,0.0,0.0,132.1928091534201,401.59949396868285,129.49279407615916,396.1552915203887,131.0990029251648,400.7419260008338,0.0,0.0,84566500,97582800
2021-04-23,0.0,132.36036682128906,401.5610046386719,0.0,0.0,133.14868331887763,403.01601508333204,130.23187619098388,397.7548937477322,130.23187619098388,397.83196695661366,0.0,0.0,78657500,73209200
2021-04-26,0.0,132.7545166015625,402.3993225097656,0.0,0.0,133.08955259528275,402.9871196915206,131.6114367023344,401.6284727762859,132.8629123684923,402.2355309092666,0.0,0.0,66905100,52182400
2021-04-27,0.0,132.42930603027344,402.3126220703125,0.0,0.0,133.43442887098624,402.91006445735275,132.15339231496714,401.13705706038434,133.0402556804274,402.7076921333083,0.0,0.0,66015800,51303100
2021-04-28,0.0,131.63111877441406,402.1969299316406,0.0,0.0,133.0501121102573,403.7483037916752,131.13841359036675,401.715141556206,132.3504641329958,402.5919999282205,0.0,0.0,107760100,51238900
2021-04-29,0.0,131.5325927734375,404.760009765625,0.0,0.0,135.07022798854385,405.39597389044854,130.51762113475888,401.27186695864435,134.47897565859628,405.01054910735047,0.0,0.0,151101000,78544300
2021-04-30,0.0,129.54205322265625,402.1005554199219,0.0,0.0,131.61140596783576,403.29541055454496,129.15774378168229,401.1755299979782,129.85737672070647,402.4185522064209,0.0,0.0,109839500,85527000
2021-05-03,0.0,130.60629272460938,402.96783447265625,0.0,0.0,132.11398452673293,404.548085152933,129.90665973448455,402.4571399386238,130.11358750603188,404.1530151313562,0.0,0.0,75135100,68128300
2021-05-04,0.0,125.9847183227539,400.4817810058594,0.0,0.0,129.571619100698,401.426096846822,124.85149485746057,396.6756703265916,129.27599297302677,400.9154023240431,0.0,0.0,137564700,101591200
2021-05-05,0.0,126.23108673095703,400.6070556640625,0.0,0.0,128.5467923047563,402.41858475783897,126.10297855878028,400.02890370132076,127.31502922204272,402.1776905571991,0.0,0.0,84000900,60162200
2021-05-06,0.0,127.84716033935547,403.80615234375,0.0,0.0,127.85700903107634,403.94103780986205,125.27523088208842,398.61245907479196,126.02414494756555,400.6841433941859,0.0,0.0,78128300,74321400
2021-05-07,0.0,128.5282440185547,406.7450256347656,0.22,0.0,129.5646704090989,407.41954114312136,127.80766168732734,403.89284659989147,129.1599773223185,404.59626823540356,0.0,0.0,78973300,67733800
2021-05-10,0.0,125.21162414550781,402.71728515625,0.0,0.0,127.86687541398688,407.3424419765487,125.17213987541925,402.5920154688368,127.7385647151944,407.1111929573427,0.0,0.0,88071200,81852400
2021-05-11,0.0,124.28378295898438,399.1231384277344,0.0,0.0,124.63912636467664,400.1445274841052,121.18433145001849,395.1243005855998,121.90490627436637,398.0535822937354,0.0,0.0,126142800,116888000
2021-05-12,0.0,121.18433380126953,390.6436462402344,0.0,0.0,123.0301841168799,397.56212011485303,120.67105328899497,389.2849995201165,121.80620171772101,396.2516698749264,0.0,0.0,112172300,134811000
2021-05-13,0.0,123.35591888427734,395.3362731933594,0.0,0.0,124.52067859066177,397.33088415044824,122.65508997640653,392.19500353568486,122.9709566325012,392.2432000174579,0.0,0.0,105861300,106394000
2021-05-14,0.0,125.80388641357422,401.40679931640625,0.0,0.0,126.23820589953583,402.28365770890656,124.22455309760745,398.13064416811676,124.61938830931297,398.159550295077,0.0,0.0,81918000,82201600
2021-05-17,0.0,124.63911437988281,400.3854064941406,0.0,0.0,125.29059354452815,401.22374298010084,123.55332330299517,398.3040771546415,125.18201368375392,400.2601662158529,0.0,0.0,74244600,65129200
2021-05-18,0.0,123.23745727539062,396.93585205078125,0.0,0.0,125.34981679941438,400.90578398891216,123.16836168463675,396.7720310467567,124.92537030453927,400.6552445966506,0.0,0.0,63342900,59810200
2021-05-19,0.0,123.07953643798828,395.8951416015625,0.0,0.0,123.30656159617229,396.078223542192,121.27317046929144,390.56656318594275,121.56929875397637,392.09867614300634,0.0,0.0,92612000,106467100
2021-05-20,0.0,125.66569519042969,400.1542053222656,0.0,0.0,126.0704033533207,401.4550399907313,123.48423987155225,396.67570690234237,123.61256564556905,396.80094719560356,0.0,0.0,76857100,78022200
2021-05-21,0.0,123.80998229980469,399.8265380859375,0.0,0.0,126.34678861370502,402.96780769370514,123.59282255193801,399.35439488944314,126.16911314098277,401.6862341517508,0.0,0.0,79295400,76578700
2021-05-24,0.0,125.45840454101562,403.9024963378906,0.0,0.0,126.2875592129976,405.01060376610354,124.31339074648011,401.88859496781424,124.38248634157402,402.1391343433516,0.0,0.0,63092900,51376700
2021-05-25,0.0,125.26097869873047,403.0063171386719,0.0,0.0,126.66264389903897,405.38635280844557,124.68846809091814,402.4089042784581,126.16909429886802,405.02018895063,0.0,0.0,72009500,57451400
2021-05-26,0.0,125.21162414550781,403.80615234375,0.0,0.0,125.74465049542167,404.32646266365117,124.78717765562386,402.5438690391226,125.32020400553773,403.6134252138397,0.0,0.0,56575900,43088600
2021-05-27,0.0,123.66191101074219,404.0181579589844,0.0,0.0,125.99143039377414,405.3960658389478,123.46449717727373,403.7290672515722,124.80693233125332,404.8661103177411,0.0,0.0,94625600,56707700
2021-05-28,0.0,123.00056457519531,404.7408142089844,0.0,0.0,124.17519720036097,405.9067339231819,122.94134193219702,404.4999200048756,123.94816451744263,405.63693359082134,0.0,0.0,71311100,58520200
2021-06-01,0.0,122.6748275756836,404.3843078613281,0.0,0.0,123.73100740637138,407.3232054789382,122.33922255044405,403.93142556750956,123.46449797637851,407.1786748332582,0.0,0.0,67637100,54216600
2021-06-02,0.0,123.44475555419922,405.0202331542969,0.0,0.0,123.62243102282135,405.8874758199959,122.44780587051613,404.01813443051793,122.67483103378841,405.05878446091333,0.0,0.0,59278900,49097100
2021-06-03,0.0,121.94438934326172,403.51702880859375,0.0,0.0,123.23746730295113,404.6925936308974,121.53968118530553,401.11773208844454,123.06966478758865,402.6305546576277,0.0,0.0,76229200,58138800
2021-06-04,0.0,124.2640380859375,407.20751953125,0.0,0.0,124.53055505598374,407.51587113287076,122.25038527243784,403.5844617272745,122.46754501666653,405.42489675403755,0.0,0.0,75169300,55938800
2021-06-07,0.0,124.27391815185547,406.8125,0.0,0.0,124.6884917613777,407.3810067950926,123.21773822425028,405.8489231799722,124.54042760630384,407.1979248468049,0.0,0.0,71057600,51555000
2021-06-08,0.0,125.1030502319336,406.8992004394531,0.0,0.0,126.80084380302415,407.7953197851096,124.57989680738874,405.01059818918105,124.96485904548231,407.69895622615064,0.0,0.0,74403800,47134300
2021-06-09,0.0,125.48802185058594,406.29217529296875,0.0,0.0,126.10001681551479,407.8435493216612,124.88589983710018,406.06092625754906,125.56699040041974,407.76644670583335,0.0,0.0,56877900,48436300
2021-06-10,0.0,124.48118591308594,408.1807556152344,0.0,0.0,126.53432280451361,409.16362277466266,124.3133834107392,406.1957897525093,125.37942859630141,407.5544365741663,0.0,0.0,71186400,51020100
2021-06-11,0.0,125.7051773071289,408.8552551269531,0.0,0.0,125.7940188053738,408.9708796338796,124.47132199879262,407.4195351559007,124.89576852609451,408.74927579761356,0.0,0.0,53522400,45570800
2021-06-14,0.0,128.79473876953125,409.77069091796875,0.0,0.0,128.8539614100809,409.87667025405887,125.42878565319504,407.68936144263034,126.16909878348402,408.9709056840681,0.0,0.0,96906500,42358500
2021-06-15,0.0,127.96560668945312,409.01910400390625,0.0,0.0,128.9132142345344,409.96339047887614,127.71883561707591,408.11333942985226,128.26173498864796,409.92486857796024,0.0,0.0,62746300,51508500
2021-06-16,0.0,128.468994140625,406.7354431152344,0.0,0.0,129.199441822712,409.39492484743954,126.8008346043744,404.625236695677,128.68615385525334,409.163675794564,0.0,0.0,91815000,80386100
2021-06-17,0.0,130.08782958984375,406.6004638671875,0.0,0.0,130.83802327611693,407.6122076462262,127.9754698500679,404.0469914771154,128.12354152790584,406.31140261775573,0.0,0.0,96721700,90949700
2021-06-18,0.0,128.77500915527344,401.11529541015625,0.0,1.376,129.81143549816818,403.9284514395835,128.55784943005318,400.9026138046007,129.02178020105015,403.21308126736676,0.0,0.0,108953300,118676300
2021-06-21,0.0,130.5912322998047,406.8576354980469,0.0,0.0,130.69981215564886,407.05099313824996,127.54114597887579,402.0916676396022,128.61706405660797,402.9327173202414,0.0,0.0,79663300,72822000
2021-06-22,0.0,132.24954223632812,409.0328369140625,0.0,0.0,132.3482566849961,409.8932401877952,129.92002282784009,406.10364819375343,130.42344542965242,406.8480486670363,0.0,0.0,74783600,57700300
2021-06-23,0.0,131.97317504882812,408.53973388671875,0.0,0.0,132.585177589954,409.9414734158107,131.50924419775242,408.4527318057874,132.04227818319393,409.1101005298677,0.0,0.0,60214200,49445400
2021-06-24,0.0,131.68690490722656,410.9565734863281,0.0,0.0,132.90101423907973,411.39158390875616,131.2130936533785,410.4925328668388,132.71346583381188,410.7535686225284,0.0,0.0,68711000,45110300
2021-06-25,0.0,131.39077758789062,412.41632080078125,0.0,0.0,132.1607020538173,412.8803614274024,131.09464931752436,411.39159023144686,131.73626308026957,411.72995134446853,0.0,0.0,70783700,58129500
2021-06-28,0.0,133.0391845703125,413.2477111816406,0.0,0.0,133.50311527008782,413.4217153482106,131.62766163478418,411.720292104695,131.68688426680535,412.9577042373574,0.0,0.0,62111300,53159600
2021-06-29,0.0,134.56918334960938,413.4701232910156,0.0,0.0,134.72712042768325,414.30149630759365,132.6147609589984,412.9190805229658,133.05894581208605,413.64412748021994,0.0,0.0,64556100,35970500
2021-06-30,0.0,135.1910858154297,413.81805419921875,0.0,0.0,135.63527078231266,414.5141003279665,134.11515237440412,412.9673278749459,134.4112807062303,412.99632856771746,0.0,0.0,63261400,64827900
2021-07-01,0.0,135.49705505371094,416.1092529296875,0.0,0.0,135.55627769701857,416.2736098787997,134.00654824248926,414.53347957374075,134.83571043392584,414.6011576999772,0.0,0.0,52485800,53441000
2021-07-02,0.0,138.15231323242188,419.289794921875,0.0,0.0,138.1917899738335,419.65715674271644,135.97085049211117,416.19624964322213,136.11890709954207,417.30801183857926,0.0,0.0,78852600,57697700
2021-07-06,0.0,140.18569946289062,418.52606201171875,0.0,0.0,141.30109434434434,419.57014606032885,138.26088832420487,415.7032292923317,138.26088832420487,419.34778772536487,0.0,0.0,108181800,68710400
2021-07-07,0.0,142.70278930664062,420.00518798828125,0.0,0.0,143.0186484612328,420.29522446896874,140.81745461507043,417.15335435938687,141.68607858648258,419.2318163775862,0.0,0.0,104911600,63549500
2021-07-08,0.0,141.3899383544922,416.5829772949219,0.0,0.0,142.19933952131782,417.3660256195437,138.85312487217755,413.2960742754521,139.75137505895339,414.51416255919054,0.0,0.0,105575500,97595200
2021-07-09,0.0,143.23577880859375,421.0298767089844,0.0,0.0,143.7687976120209,421.3392371233408,140.80754521991577,416.3799117701726,140.90625965766935,418.139365936813,0.0,0.0,99890800,76238600
2021-07-12,0.0,142.6336669921875,422.5379638671875,0.0,0.0,144.4301674669692,422.79899961909535,142.1401248918685,420.4981795219224,144.32158760243064,420.9428666702617,0.0,0.0,76299700,52889600
2021-07-13,0.0,143.7589111328125,421.0975341796875,0.0,0.0,145.5554112171295,423.27267470143937,141.77487774297023,420.82685120595875,142.16970531272682,421.7259022077473,0.0,0.0,100827100,52911300
2021-07-14,0.0,147.22361755371094,421.7259216308594,0.0,0.0,147.63820621467397,423.35004905026454,145.77260242547374,420.4401848219895,146.18719108643677,422.84733100287826,0.0,0.0,127050800,64130400
2021-07-15,0.0,146.56224060058594,420.2855529785156,0.0,0.0,148.0626126258056,421.03960063413234,145.1901943260551,418.3230937272161,147.3124341440497,420.34355437492957,0.0,0.0,106820300,55126400
2021-07-16,0.0,144.499267578125,416.9889831542969,0.0,0.0,147.8257367919085,421.55194630684036,143.995860016038,416.5829733983385,146.54253927344624,421.5036216461617,0.0,0.0,93251400,75874700
2021-07-19,0.0,140.61013793945312,410.8309326171875,0.0,0.0,142.20922454745195,417.05667137865333,139.84021348666855,407.93074485261286,141.89335038133046,412.010343488204,0.0,0.0,121434600,147987000
2021-07-20,0.0,144.26234436035156,416.71832275390625,0.0,0.0,145.20008636432559,418.03308992116104,141.1135585330338,410.69558869445973,141.6071006144058,411.51731448621445,0.0,0.0,96350000,99608200
2021-07-21,0.0,143.52203369140625,420.0921630859375,0.0,0.0,144.24261598695622,420.23719606807913,142.761989717533,416.669962951181,143.65035945450322,417.95569980934084,0.0,0.0,74993500,64724400
2021-07-22,0.0,144.9039764404297,420.97186279296875,0.0,0.0,146.2858884184655,421.22322180993325,143.92675757343304,419.2607628369917,144.05508335057598,420.2758166324941,0.0,0.0,77338200,47878500
2021-07-23,0.0,146.64122009277344,425.3028259277344,0.0,0.0,146.799157172853,425.65083426174016,145.02240267623037,422.25763499625424,145.6442705154755,422.96332839651006,0.0,0.0,71447400,63766600
2021-07-26,0.0,147.06568908691406,426.346923828125,0.0,0.0,147.89483624919157,426.35660056135424,145.79234195897098,424.6455004071951,146.35498721590176,424.69382506887047,0.0,0.0,72434100,43719200
2021-07-27,0.0,144.87435913085938,424.4037780761719,0.0,0.0,147.28284710310365,425.3028291146561,143.67011514473722,421.48423713082855,147.19399807398523,425.2738284199383,0.0,0.0,104818600,67397100
2021-07-28,0.0,143.1074676513672,424.2297668457031,0.0,0.0,145.0717706940726,425.6508599665103,140.69897971687297,422.7603490652209,142.93966513943408,425.0514925758167,0.0,0.0,118931200,52472400
2021-07-29,0.0,143.7589111328125,425.9892272949219,0.0,0.0,144.657161174971,427.1009600037446,142.71260451742185,425.17717828581044,142.82118435836088,425.1868550187801,0.0,0.0,56699500,47435300
2021-07-30,0.0,143.97610473632812,423.9204406738281,0.0,0.0,144.44003552403547,425.4188591673662,142.2487073536718,423.2050409878702,142.51522430998895,423.3403972400527,0.0,0.0,70440600,68951200
2021-08-02,0.0,143.64048767089844,423.0310363769531,0.0,0.0,145.05201075559026,426.2599084355869,143.37397073693174,422.66367455252885,144.46963473022964,425.68954173533047,0.0,0.0,62880000,58783300
2021-08-03,0.0,145.45672607421875,426.47259521484375,0.0,0.0,146.12793609026053,426.59827473548467,143.30487471927148,421.5906243893471,143.92674257544087,423.85276725417873,0.0,0.0,64786600,58053900
2021-08-04,0.0,145.052001953125,424.3747863769531,0.0,0.0,145.88114896213952,426.44357148255057,144.39065742962237,424.1331040817711,145.36787608705873,425.1481579206425,0.0,0.0,56368300,46732200
2021-08-05,0.0,145.1605987548828,427.0622863769531,0.0,0.0,145.93052321911858,427.14928846174007,144.28209442714154,425.24483082211526,145.08163021217794,425.57351519872145,0.0,0.0,46397700,38969700
2021-08-06,0.0,144.46861267089844,427.7679443359375,0.22,0.0,145.42752009685526,428.20298422605094,143.96445091381563,427.1008989056199,144.67621756162433,427.39093533310563,0.0,0.0,54126800,46930000
2021-08-09,0.0,144.41920471191406,427.41998291015625,0.0,0.0,145.0222289108948,428.0676749483498,143.8557314909889,426.62725789119565,144.52794727514922,427.73899056292964,0.0,0.0,48908700,41222600
2021-08-10,0.0,143.934814453125,427.95166015625,0.0,0.0,146.02068350268405,428.68638376317926,143.63824246287774,427.17828862428547,144.7652039583949,427.88398203408906,0.0,0.0,69023100,43339300
2021-08-11,0.0,144.1918182373047,429.0151062011719,0.0,0.0,145.0419831294813,429.1117850268029,143.86559059544055,427.89369672877,144.37964764482732,429.0537836318714,0.0,0.0,48493500,44034300
2021-08-12,0.0,147.18714904785156,430.30084228515625,0.0,0.0,147.34532275300054,430.44587527443736,144.17202878715062,427.93237332411456,144.51803188162972,428.86042514344274,0.0,0.0,72282600,38909400
2021-08-13,0.0,147.394775390625,431.0838928222656,0.0,0.0,147.73088324981737,431.1032167852363,146.57426614545986,430.2621671113931,147.2662573509374,430.7648556687319,0.0,0.0,59375000,39470300
2021-08-16,0.0,149.3916473388672,432.0989685058594,0.0,0.0,149.4608539946953,432.2342952579598,144.7948350654629,428.1353727312918,146.8411527906132,429.74014680596,0.0,0.0,103296000,73740000
2021-08-17,0.0,148.4722900390625,429.26641845703125,0.0,0.0,149.94523936083777,430.15579275052914,147.3848646273103,426.1825501196287,148.51182592481922,429.45974658498494,0.0,0.0,92229700,92673900
2021-08-18,0.0,144.6860809326172,424.56817626953125,0.0,0.0,148.99621620553935,429.8368628717786,144.47847606603978,424.3168467075021,148.08674005785704,428.2224119241411,0.0,0.0,86326000,89351900
2021-08-19,0.0,145.02220153808594,425.2254638671875,0.0,0.0,146.30733656531203,426.46290548418807,142.8473657681594,421.609906336989,143.37130299641476,421.75490980703375,0.0,0.0,86960300,92812200
2021-08-20,0.0,146.49517822265625,428.6090393066406,0.0,0.0,146.80163039113324,428.947400423421,145.10130053608975,425.0804836653218,145.75375584694345,425.5832017253042,0.0,0.0,60549600,72008700
2021-08-23,0.0,147.99778747558594,432.37933349609375,0.0,0.0,148.4722935372234,433.3170620480334,146.1985954036188,428.68642068311635,146.61379009308604,430.3491961720535,0.0,0.0,60131800,54973000
2021-08-24,0.0,147.90879821777344,433.065673828125,0.0,0.0,149.13462182599963,433.61671654365756,147.44417237909033,432.533984577706,147.7407443099503,433.06567382812506,0.0,0.0,48606400,38744700
2021-08-25,0.0,146.6632080078125,433.97442626953125,0.0,0.0,148.6007981344639,434.5061155501482,146.1096151385619,432.87234077587203,148.09662134803798,433.25905607330446,0.0,0.0,58991300,40529700
2021-08-26,0.0,145.85260009765625,431.4125671386719,0.0,0.0,147.4145316803117,433.92603936894466,145.82294440998302,431.31588832160764,146.65334891766327,433.68435707740053,0.0,0.0,48597200,57829600
2021-08-27,0.0,146.9004669189453,435.2698059082031,0.0,0.0,147.04874533431226,435.6564916731941,145.15070619624444,432.1859375161596,145.79326610853346,432.2439389057966,0.0,0.0,55802400,77235100
2021-08-30,0.0,151.3687744140625,437.1839599609375,0.0,0.0,151.73455301201238,437.99600895465807,146.91036034089433,435.7145126846709,147.29589933982217,435.9658717192395,0.0,0.0,90956700,48357400
2021-08-31,0.0,150.09353637695312,436.5362243652344,0.0,0.0,151.052443784906,437.43527541840075,149.55970385898158,435.9175330337402,150.91404555511258,437.087267076104,0.0,0.0,86453100,59300200
2021-09-01,0.0,150.7657470703125,436.76824951171875,0.0,0.0,153.2074990388184,438.0346624289183,150.59769315998025,436.52656720687554,151.08209449042633,437.5029731591571,0.0,0.0,80313700,48721400
2021-09-02,0.0,151.89271545410156,438.1120300292969,0.0,0.0,152.95048521972134,438.94340302106366,150.65701156956032,436.8746177726016,152.1102005445229,438.237709551828,0.0,0.0,71115500,42501000
2021-09-03,0.0,152.53529357910156,438.0056457519531,0.0,0.0,152.86152122126617,438.5373645045493,151.3391255578313,436.52655128036645,152.00146104309536,436.9422672512277,0.0,0.0,57808700,47170500
2021-09-07,0.0,154.89797973632812,436.4395751953125,0.0,0.0,155.4614529511161,437.74466557204875,152.62428121980727,435.74352896120223,153.19764972114058,437.6479867474321,0.0,0.0,82278300,51671500
2021-09-08,0.0,153.33604431152344,435.9078369140625,0.0,0.0,155.24396411869262,436.6425604958782,152.21896302662006,433.9260244900153,155.18465273795047,435.88851295220536,0.0,0.0,74420200,56181900
2021-09-09,0.0,152.30792236328125,434.0420837402344,0.0,0.0,154.3245844277679,437.5126380032065,152.18928453529333,433.7907247093128,153.7116801395537,435.7048591324611,0.0,0.0,57305700,57970400
2021-09-10,0.0,147.26626586914062,430.6198425292969,0.0,0.0,153.70180707874297,436.46854218903405,146.9993495729185,430.4941630172236,153.2273009510086,436.03353176520295,0.0,0.0,140893200,89948200
2021-09-13,0.0,147.83963012695312,431.7219543457031,0.0,0.0,149.6882384908629,433.98412685150333,147.04877654715497,429.33413181379115,148.90728019703906,433.7134438297668,0.0,0.0,102404300,83738600
2021-09-14,0.0,146.4259490966797,429.3921203613281,0.0,0.0,149.34222206117437,433.4233645910871,145.22979629456466,428.473715823394,148.63045548294292,433.210682987683,0.0,0.0,109296300,78197100
2021-09-15,0.0,147.3255615234375,432.9786682128906,0.0,0.0,147.73087602549546,433.4910334962537,144.69597998693743,428.6863883098281,146.8609356472786,429.82712165735586,0.0,0.0,83281300,78792200
2021-09-16,0.0,147.08831787109375,432.2923278808594,0.0,0.0,147.26626709815287,433.44270853613034,145.53628142781676,429.2471071684989,146.74232978759332,432.43733136663,0.0,0.0,68034100,77786700
2021-09-17,0.0,144.38951110839844,428.0813293457031,0.0,1.428,147.1179546752493,431.9315409985406,144.0929391879658,427.7127906106745,147.1179546752493,431.49513691502017,0.0,0.0,129868800,118425000
2021-09-20,0.0,141.3052215576172,420.94342041015625,0.0,0.0,143.183485541913,423.3873720596072,139.65432287821943,415.91969762449287,142.15538648492807,421.7580709599732,0.0,0.0,123478900,166445500
2021-09-21,0.0,141.78961181640625,420.5457763671875,0.0,0.0,142.946244028704,424.6966316798323,141.14705177337618,420.0026760157573,142.2838934138993,423.35826667211165,0.0,0.0,75834000,92526100
2021-09-22,0.0,144.1819305419922,424.6481018066406,0.0,0.0,144.75528385140748,426.7526377629063,142.056510879889,420.6621301801336,142.79793318623945,422.89271868590544,0.0,0.0,76404300,102350100
2021-09-23,0.0,145.1507110595703,429.8076171875,0.0,0.0,145.39785181631188,431.466041488128,143.97431864399653,426.33565201845323,144.97276187089355,426.5781085960801,0.0,0.0,64838200,76396000
2021-09-24,0.0,145.23968505859375,430.51556396484375,0.0,0.0,145.78339776628593,431.2526413682985,143.89523867424367,427.8970213133319,143.9941010153788,428.1200920003636,0.0,0.0,53477900,62094800
2021-09-27,0.0,143.70742797851562,429.28387451171875,0.0,0.0,144.29069173227708,430.65130338035044,142.17516708144348,428.5661830127479,143.8062903325165,429.44872838813706,0.0,0.0,74150700,61371100
2021-09-28,0.0,140.28700256347656,420.633056640625,0.0,0.0,143.09451833581463,426.7623658523174,140.06951746012732,419.8765933237658,141.61167358622072,426.42292073392235,0.0,0.0,108972300,130436300
2021-09-29,0.0,141.19647216796875,421.3410339355469,0.0,0.0,142.79793959458667,423.85288041784383,140.40561865551538,420.75913225544645,140.84058884157855,422.0586959028463,0.0,0.0,74602000,82329200
2021-09-30,0.0,139.88168334960938,416.1912841796875,0.0,0.0,142.7287500002306,423.5910341935064,139.66419825356044,415.8421313116534,142.0169833375753,422.8636644482486,0.0,0.0,89056700,140506000
2021-10-01,0.0,141.01852416992188,421.13739013671875,0.0,0.0,141.2854404380687,422.8733876125016,137.5190173340216,414.33892746210046,140.27710182395117,417.9757763210927,0.0,0.0,94639600,129240100
2021-10-04,0.0,137.54867553710938,415.7063293457031,0.0,0.0,140.58357163591538,420.86578239468344,136.6886304270201,413.49509712889306,140.1387061527746,419.93475750116977,0.0,0.0,98322000,128570000
2021-10-05,0.0,139.49612426757812,420.03173828125,0.0,0.0,140.61320527440947,422.34960753731633,137.7661390332761,416.43369132229293,137.8946570490777,417.2580199249866,0.0,0.0,80861100,90682500
2021-10-06,0.0,140.37596130371094,421.7774658203125,0.0,0.0,140.52423973616644,421.99082879719873,136.78747239552806,414.6395582240307,137.8748978477883,416.3173388362826,0.0,0.0,83221100,113032200
2021-10-07,0.0,141.6511993408203,425.4239807128906,0.0,0.0,142.57057086361257,428.3528452940689,141.0877262201144,424.9778689309193,141.42383405241446,425.162138283706,0.0,0.0,61732700,72437500
2021-10-08,0.0,141.26568603515625,424.6481018066406,0.0,0.0,142.53104582105323,426.6168774800735,140.92957814171328,423.9983348022127,142.3827673634397,426.2192451714059,0.0,0.0,58773200,74557400
2021-10-11,0.0,141.1767120361328,421.57379150390625,0.0,0.0,143.15383849015728,426.9757310313559,140.18814880912058,421.5058965605255,140.6428945306284,423.9692636191672,0.0,0.0,64452200,65233300
2021-10-12,0.0,139.89157104492188,420.5361022949219,0.0,0.0,141.6116764192017,422.9412823271692,139.42694514067867,419.7214517025684,141.59190093188064,422.52426409478915,0.0,0.0,73035900,71181200
2021-10-13,0.0,139.29843139648438,422.0489807128906,0.0,0.0,139.78281766626054,422.8927248155928,137.60798184195636,418.51882855034665,139.6246590327714,421.5931611911523,0.0,0.0,78762700,72974000
2021-10-14,0.0,142.11581420898438,429.14813232421875,0.0,0.0,142.23445202859438,429.30330808186676,139.891547415798,425.3464002537146,140.48469126102418,425.83131339758376,0.0,0.0,69907100,70236800
2021-10-15,0.0,143.18350219726562,432.41644287109375,0.0,0.0,143.24281358072284,432.7946893303574,141.8687112216091,430.6901532600242,142.12574732896184,431.3302421625668,0.0,0.0,67940300,66260200
2021-10-18,0.0,144.87393188476562,433.69659423828125,0.0,0.0,145.16060855967095,434.04571747470413,141.5227034273232,429.8948623934386,141.80938010222852,430.573752593258,0.0,0.0,85589200,62213200
2021-10-19,0.0,147.05865478515625,437.0425109863281,0.0,0.0,147.46396931347874,437.11037632959744,144.87393858139527,434.7439979363319,145.32866920181988,435.37440866971053,0.0,0.0,76378900,46996800
2021-10-20,0.0,147.55294799804688,438.759033203125,0.0,0.0,148.03734942986043,439.06938466099643,146.42598647554127,437.40128257086775,146.99935498127618,437.5176569683835,0.0,0.0,58418800,49571600
2021-10-21,0.0,147.77041625976562,439.9034729003906,0.0,0.0,147.9285899848712,440.136221722931,146.17882897604792,437.6922702960144,147.1080807556973,438.13838207146597,0.0,0.0,61421000,41305400
2021-10-22,0.0,146.98947143554688,439.4476623535156,0.0,0.0,148.46242101789161,440.9509107877384,146.9400402563999,437.4401149279218,147.9780346813742,439.4573700869019,0.0,0.0,58883400,58845100
2021-10-25,0.0,146.94000244140625,441.80438232421875,0.0,0.0,147.66164920154662,442.14382746639205,145.93166396656034,438.7397571004437,146.97953832398244,440.5727135133772,0.0,0.0,50720600,45214500
2021-10-26,0.0,147.61224365234375,442.20196533203125,0.0,0.0,149.11484864584503,444.65562454217917,147.30577643234489,441.814040754303,147.62212385262424,443.40456999876153,0.0,0.0,60893400,56075100
2021-10-27,0.0,147.1476287841797,440.2429504394531,0.0,0.0,148.01755408629677,443.36579229123276,146.79174545195295,440.16534776172267,147.65179055305242,442.6772239093115,0.0,0.0,56094900,72438000
2021-10-28,0.0,150.82508850097656,444.49078369140625,0.0,0.0,151.4182173461719,444.5683567705278,148.0076774623993,441.7073870287187,148.1065398120702,441.71706516564075,0.0,0.0,100077900,51437900
2021-10-29,0.0,148.0867462158203,445.3927001953125,0.0,0.0,148.22514443786892,445.6933439616185,144.7355181179597,441.8140390061884,145.53625176583196,442.1146827724944,0.0,0.0,124953200,70162400
2021-11-01,0.0,147.25637817382812,446.15887451171875,0.0,0.0,147.98790527430268,446.7989633857097,146.10964126290196,444.37439777062934,147.2860338625351,446.4110092098983,0.0,0.0,74588300,48433600
2021-11-02,0.0,148.30422973632812,447.9627990722656,0.0,0.0,149.8365054471221,448.28285835189666,146.9498881301849,446.19770795717073,146.95978341440417,446.333497856833,0.0,0.0,69122000,48908400
2021-11-03,0.0,149.75741577148438,450.6977233886719,0.0,0.0,150.2319217925489,451.1147416352276,148.10651735537965,446.9250845063469,148.6699904270923,447.3809040957865,0.0,0.0,54511500,52509800
2021-11-04,0.0,149.23348999023438,452.8215637207031,0.0,0.0,150.68666384805547,452.9088445288527,148.917142562494,450.95948435660233,149.84639427613686,451.31831532235543,0.0,0.0,60394600,52847100
2021-11-05,0.0,149.76808166503906,454.3927307128906,0.22,0.0,150.67888522142528,456.44875780380613,148.56027333658793,452.83132452287026,150.37198582926462,455.12010046279477,0.0,0.0,65463900,66390600
2021-11-08,0.0,148.93649291992188,454.7806396484375,0.0,0.0,150.05520444276985,456.0414315961898,148.65929247101482,454.0726853915245,149.89679987016825,455.52742484118113,0.0,0.0,55020900,50405200
2021-11-09,0.0,149.30279541015625,453.27740478515625,0.0,0.0,149.91659426722987,455.4013266747174,148.56029094513156,451.8226653866486,148.69889117435116,455.1588701082994,0.0,0.0,56787900,51149100
2021-11-10,0.0,146.44166564941406,449.630859375,0.0,0.0,148.62958525650777,453.2774156926347,146.37237309417714,448.09854686093513,148.52068400717204,451.53171061436825,0.0,0.0,65187100,69429700
2021-11-11,0.0,146.3921661376953,449.7763366699219,0.0,0.0,147.9365729092724,451.2504916015214,146.20406260156636,449.75695079857195,147.47128403870482,451.1728889226213,0.0,0.0,41000000,34848500
2021-11-12,0.0,148.49098205566406,453.17071533203125,0.0,0.0,148.8968729711307,453.7429092857871,146.00605771792908,450.10606073473366,146.94656024895136,451.08559474877717,0.0,0.0,63804000,53466700
2021-11-15,0.0,148.50088500976562,453.3258972167969,0.0,0.0,150.3621009359012,454.6642622371572,147.93657439570873,452.1621234227768,148.86718235877652,454.4994083414604,0.0,0.0,59222800,46980500
2021-11-16,0.0,149.4908905029297,455.1200866699219,0.0,0.0,149.97599883090598,456.2935682104467,147.84747708778494,452.97677882558315,148.44148666872366,453.0543519073183,0.0,0.0,59256200,48857500
2021-11-17,0.0,151.9560089111328,454.0144958496094,0.0,0.0,153.45091236103033,455.0328016204394,149.48099419563232,453.37440694343775,149.49088881622956,454.8485322566893,0.0,0.0,88807000,47858300
2021-11-18,0.0,156.29225158691406,455.5565185546875,0.0,0.0,157.08425945479812,455.828068734818,151.52043024126905,452.26879319124134,152.17383786524545,455.08128354189665,0.0,0.0,137827700,50625600
2021-11-19,0.0,158.94544982910156,454.74188232421875,0.0,0.0,159.41075380932512,456.7300144630856,154.96562189228598,454.3636358488754,156.0744236632232,455.4401288693128,0.0,0.0,117305600,57315600
2021-11-22,0.0,159.41075134277344,453.4617004394531,0.0,0.0,164.04397161932116,459.25156476513575,159.39094699537281,453.2483374647626,160.06414374408516,456.68153093142,0.0,0.0,117467900,72762000
2021-11-23,0.0,159.79685974121094,454.06298828125,0.0,0.0,160.18296144713287,454.94553378630053,157.47033977841738,450.4358473062021,159.50974956386625,453.1222555645918,0.0,0.0,96041900,73206500
2021-11-24,0.0,160.32154846191406,455.2752380371094,0.0,0.0,160.51954660904542,455.40132018532984,158.04453200417777,451.15347646673865,159.1434390929906,451.9972205703701,0.0,0.0,69463600,61858800
2021-11-26,0.0,155.24281311035156,445.1212158203125,0.0,0.0,158.84643375805828,449.90245278131766,154.79731350430708,443.9574123229765,157.97523889249956,448.38952599283226,0.0,0.0,76959800,112669600
2021-11-29,0.0,158.6385498046875,450.5813293457031,0.0,0.0,159.57905238220675,452.4821807097441,157.20302917415216,447.7979324491695,157.77723440510806,450.0673225626856,0.0,0.0,88748200,86268800
2021-11-30,0.0,163.64797973632812,441.8140869140625,0.0,0.0,163.86578224475468,450.02851723178287,158.32174311328237,441.56192259365685,158.39105077791416,448.05977093729206,0.0,0.0,174048100,148559600
2021-12-01,0.0,163.12327575683594,436.9067077636719,0.0,0.0,168.598007154661,450.64915818693146,162.88566890346826,436.7030525465871,165.80618327618268,447.7105859534342,0.0,0.0,152052500,131939200
2021-12-02,0.0,162.12335205078125,443.5985107421875,0.0,0.0,162.5589570404256,445.21813356542276,156.22292566275434,436.722446337675,157.15353357585084,437.1297863759804,0.0,0.0,136739200,127637800
2021-12-03,0.0,160.2225341796875,439.7386474609375,0.0,0.0,163.31136253125393,446.41102744492395,158.12372672905474,435.374429175523,162.3807546672822,445.3151486034116,0.0,0.0,118023100,137331600
2021-12-06,0.0,163.6677703857422,444.9466247558594,0.0,0.0,166.2021828829923,446.88627739200564,162.63815586730303,439.8744224575068,162.6480504872974,442.36688319817483,0.0,0.0,107497000,98977500
2021-12-07,0.0,169.4691925048828,454.1502685546875,0.0,0.0,169.86520390480817,454.73217026681783,166.657579543719,444.8108363450844,167.39018930386322,450.39704542673496,0.0,0.0,120405400,95484700
2021-12-08,0.0,173.33023071289062,455.3528137207031,0.0,0.0,174.2014407184374,455.8183409790857,168.99400013874393,452.743978720551,170.40971639775742,454.55757868316215,0.0,0.0,116998900,72238800
2021-12-09,0.0,172.81544494628906,452.27850341796875,0.0,0.0,174.98356050333723,455.4595325156372,172.1818417105287,452.0748481809359,173.16195308881274,454.0241789288935,0.0,0.0,108923700,61272600
2021-12-10,0.0,177.65655517578125,456.5360107421875,0.0,0.0,177.83476409249297,456.69118649763413,172.94413254484624,452.4336645451733,173.45893984099092,455.07159319426773,0.0,0.0,115402700,77159800
2021-12-13,0.0,173.983642578125,452.4918518066406,0.0,0.0,180.30977968483106,456.36144916931073,173.77573469202963,452.20088616636343,179.30986405623077,456.0026181833763,0.0,0.0,153237000,87724700
2021-12-14,0.0,172.5877227783203,449.37872314453125,0.0,0.0,175.96364637453257,451.68691459206104,170.48891519652992,446.3625774037138,173.49852635355558,449.11688068496954,0.0,0.0,139380400,97264100
2021-12-15,0.0,177.50807189941406,456.4002990722656,0.0,0.0,177.70607007043466,456.6524338045696,170.5879247909966,446.83779560186997,173.35994450416152,449.43695278654025,0.0,0.0,131063300,116899300
2021-12-16,0.0,170.5384063720703,452.37548828125,0.0,0.0,179.32966336488852,458.6017565366578,169.04350294098862,450.77525121306826,177.48825183548175,458.3108204861246,0.0,0.0,150185800,116568600
2021-12-17,0.0,169.42959594726562,447.5609130859375,0.0,1.633,171.73631132765533,452.3005557773835,167.9940905251457,445.7993627160311,168.2316822546447,449.19593834075704,0.0,0.0,195432700,135511600
2021-12-20,0.0,168.0535125732422,442.8017578125,0.0,0.0,168.8752193370181,443.210499221744,165.78640555996523,439.0645449957756,166.5982025960633,442.3151410962485,0.0,0.0,107499100,107134800
2021-12-21,0.0,171.26112365722656,450.6654968261719,0.0,0.0,171.4690164337634,450.81147590930675,167.42979060613268,444.09617077854296,169.8454073849767,446.33459592188785,0.0,0.0,91185900,69806300
2021-12-22,0.0,173.8846435546875,455.1715393066406,0.0,0.0,174.10244607106472,455.2883225645987,170.42951736878692,450.1983010999302,171.31062205547954,450.40270150208363,0.0,0.0,92135300,58890200
2021-12-23,0.0,174.51824951171875,458.0036926269531,0.0,0.0,175.08256016023458,459.5511303332269,173.5183489298601,456.0961632765485,174.09255419971595,456.20320470556925,0.0,0.0,68356600,56439700
2021-12-27,0.0,178.52777099609375,464.4854736328125,0.0,0.0,178.61686790419714,464.53412343212074,175.30035710569638,459.37599727469524,175.32014634774714,459.42464707400353,0.0,0.0,74919600,56808600
2021-12-28,0.0,177.4981689453125,464.1058654785156,0.0,0.0,179.51778964315338,465.9939408896725,176.7457698242049,463.31754870074417,178.3594844368738,464.93311991342125,0.0,0.0,79144300,47274600
2021-12-29,0.0,177.58726501464844,464.6995544433594,0.0,0.0,178.8247724024609,465.75063358256756,176.35965224767364,463.1813125196529,177.5377616978777,464.21293768061423,0.0,0.0,62348900,54503000
2021-12-30,0.0,176.41905212402344,463.41485595703125,0.0,0.0,178.76537642937865,466.17883546753217,176.31015086844752,462.9379810575503,177.67636387361958,465.1374685190018,0.0,0.0,59773000,55329000
2021-12-31,0.0,175.79534912109375,462.2469787597656,0.0,0.0,177.4387473801581,464.09611648528494,175.48843461292282,461.9647624269,176.31014129560032,462.90880011792666,0.0,0.0,64062300,65237400
2022-01-03,0.0,180.19097900390625,464.92333984375,0.0,0.0,181.05229445977199,465.05960678214984,175.9339654689117,461.1666730092755,176.05276134987577,463.55107712472443,0.0,0.0,104487900,72668200
2022-01-04,0.0,177.90406799316406,464.76763916015625,0.0,0.0,181.1116927418729,467.1326191026784,177.3298627236012,462.85036800552746,180.80479331127546,466.39295214940165,0.0,0.0,99310400,71178700
2022-01-05,0.0,173.1718292236328,455.8431396484375,0.0,0.0,178.36936016887083,465.1861877658857,172.89462878172338,455.7458103522777,177.81495928505203,464.38812911839904,0.0,0.0,94537600,104538900
2022-01-06,0.0,170.281005859375,455.4148864746094,0.0,0.0,173.54802817909783,458.2178037073942,169.92460314983632,452.9720608847937,170.97400693173063,455.36623667988954,0.0,0.0,96904000,86858900
2022-01-07,0.0,170.44932556152344,453.6144104003906,0.0,0.0,172.39963852542743,456.6411821095036,169.32071936315748,452.2129517474139,171.1621310664169,455.42464020245643,0.0,0.0,86709100,85111600
2022-01-10,0.0,170.4691162109375,453.0499267578125,0.0,0.0,170.7760156191015,453.2737514497356,166.4892883128352,444.3784128873312,167.3901972961038,450.31514305519886,0.0,0.0,106765600,119362000
2022-01-11,0.0,173.33023071289062,457.1764221191406,0.0,0.0,173.4292222367904,457.27375140619836,169.11281111623086,449.6825125266249,170.5978199313451,452.7774175309803,0.0,0.0,76138300,74303100
2022-01-12,0.0,173.77574157714844,458.4125061035156,0.0,0.0,175.4092453369238,460.5341780468323,173.07284581871588,456.388193166711,174.35984145670042,458.9672564157893,0.0,0.0,74805200,67605400
2022-01-13,0.0,170.4691162109375,452.09619140625,0.0,0.0,174.85483504219388,460.22269769763784,170.07310479210412,451.0353703735889,174.02323372208028,459.55116415483,0.0,0.0,84505800,91173100
2022-01-14,0.0,171.34033203125,452.2810974121094,0.0,0.0,172.04322777577116,452.64118907418356,169.38010943076532,447.59010456393037,169.62761091106265,448.8455841620447,0.0,0.0,80440800,95890900
2022-01-18,0.0,168.10299682617188,444.2713928222656,0.0,0.0,170.81560319480948,447.6485145738844,167.7168951478327,443.12298431210263,169.7958983749319,447.4344019956564,0.0,0.0,90956700,109709100
2022-01-19,0.0,164.5686798095703,439.658203125,0.0,0.0,169.37021456285368,447.3078036479813,164.2815847396123,439.3759571133758,168.3010063567733,445.8674371763693,0.0,0.0,94815000,109357600
2022-01-20,0.0,162.86585998535156,434.7921142578125,0.0,0.0,167.9841885126374,446.46117571037973,162.53915623599835,432.60233864039765,165.311175689,441.604749511992,0.0,0.0,91420500,122379700
2022-01-21,0.0,160.786865234375,426.2568054199219,0.0,0.0,164.6676866314393,436.0669857185469,160.6779639788274,426.22760960388274,162.7767716970633,433.6339020461894,0.0,0.0,122848900,202271200
2022-01-24,0.0,160.00474548339844,428.0670471191406,0.0,0.0,160.67795733703522,428.59260155977455,153.15390660690394,409.49776379096363,158.42074513925402,420.4660953622507,0.0,0.0,162294600,251783900
2022-01-25,0.0,158.1831512451172,422.8407287597656,0.0,0.0,161.1333647792294,427.95020425807763,155.45074023093528,415.71665293680184,157.3911434550335,421.468466061846,0.0,0.0,115798400,167997300
2022-01-26,0.0,158.0940399169922,421.7799072265625,0.0,0.0,162.74706448825663,432.1545791195473,156.24273377270367,417.38087312929633,161.8659598675412,428.92343701464296,0.0,0.0,108275300,186391100
2022-01-27,0.0,157.62872314453125,419.6972351074219,0.0,0.0,162.2025450618341,429.77020849430465,156.6981152846166,417.9551684021265,160.8264376175297,426.52935377541564,0.0,0.0,121954600,149878300
2022-01-28,0.0,168.627685546875,430.12054443359375,0.0,0.0,168.6474898921452,430.1691942268574,161.17294326616351,416.36875073481315,164.05386369826186,421.0986511480167,0.0,0.0,179935700,164457400
2022-01-31,0.0,173.0332489013672,437.8675537109375,0.0,0.0,173.25105143167045,438.22764540823067,167.81591300849146,428.0378879355277,168.45942597758483,429.42960492264126,0.0,0.0,115541600,152251400
2022-02-01,0.0,172.86492919921875,440.8261413574219,0.0,0.0,173.09262632434437,441.4879330327447,170.58791262908917,434.97699831050676,172.27091962221414,438.61688222551237,0.0,0.0,86213900,123155400
2022-02-02,0.0,174.08262634277344,445.1083679199219,0.0,0.0,174.12223503659283,445.85774705760184,171.59771707892023,440.9234458543473,173.00352358369815,443.30787992082185,0.0,0.0,84914300,117361000
2022-02-03,0.0,171.17201232910156,434.6461181640625,0.0,0.0,174.47864348230152,440.84561125087595,170.39980894344717,433.77992603068657,172.73622344797076,438.87969013236386,0.0,0.0,89418100,118024400
2022-02-04,0.0,170.88455200195312,436.68988037109375,0.22,0.0,172.57962556917929,440.66065995586507,169.18947843472696,431.9502083095991,170.18074563472103,434.40277572144623,0.0,0.0,82465400,118454400
2022-02-07,0.0,170.1609344482422,435.2884521484375,0.0,0.0,172.43092972457674,438.9185943237617,169.45712806749682,433.91618926286264,171.35045208596668,437.47822766144884,0.0,0.0,77251200,84472900
2022-02-08,0.0,173.30325317382812,438.8699645996094,0.0,0.0,173.81871637315277,439.82374422560946,169.93293548659793,433.30306718609836,170.2303186833444,434.77265943517153,0.0,0.0,74829200,81012000
2022-02-09,0.0,174.74058532714844,445.29327392578125,0.0,0.0,175.10734936046612,445.62416975913925,173.37263171558251,442.8309943034065,174.51259810039994,443.03536502680083,0.0,0.0,71285000,92589900
2022-02-10,0.0,170.61691284179688,437.2933349609375,0.0,0.0,173.94757137972226,445.458749545304,170.05189837917317,435.2300844495333,172.61927690565753,439.2592561707082,0.0,0.0,90865900,140103700
2022-02-11,0.0,167.16729736328125,428.67041015625,0.0,0.0,171.5685260818685,439.5219575148552,166.57253100245822,427.19110595935524,170.82507569360814,437.3808616799335,0.0,0.0,98670700,153214600
2022-02-14,0.0,167.4052276611328,427.2689514160156,0.0,0.0,168.09911175098642,429.7799104251705,165.1054802484309,423.6874593401487,165.90840434708568,428.1448853080219,0.0,0.0,86185500,123006300
2022-02-15,0.0,171.28106689453125,434.1594543457031,0.0,0.0,171.43967328968137,434.33462924109483,168.7632546550612,431.3175995617489,169.47696830769834,431.85289578752787,0.0,0.0,62527400,88482700
2022-02-16,0.0,171.04315185546875,434.6461181640625,0.0,0.0,171.8262462583375,436.0670308596063,168.56498395007378,430.11084616521555,170.34926786706546,432.0475714646662,0.0,0.0,61177400,84863600
2022-02-17,0.0,167.4052276611328,425.3614501953125,0.0,0.0,170.40876639156528,434.6169106993032,166.99880443509758,424.73859617178033,169.53644632115575,431.3565723880545,0.0,0.0,69589300,102259100
2022-02-18,0.0,165.83901977539062,422.607177734375,0.0,0.0,169.05071609786086,426.918594851408,164.73871248421958,420.2616815222175,168.33701756828623,425.6241777119739,0.0,0.0,82772700,132642900
2022-02-22,0.0,162.8850555419922,418.07196044921875,0.0,0.0,165.2343542828062,423.8432285106368,160.7339921172811,414.4612424452325,163.53928048685717,420.3298695065441,0.0,0.0,91162800,124391800
2022-02-23,0.0,158.6721649169922,410.6558837890625,0.0,0.0,164.69905682644026,421.6631522064351,158.35495211884296,410.0719377537744,164.09438316481467,421.07920617114706,0.0,0.0,90009200,132578000
2022-02-24,0.0,161.31883239746094,416.8359069824219,0.0,0.0,161.42787239639142,417.28361578856055,150.6726170378804,399.6486290632261,151.2475538390105,400.01843285420614,0.0,0.0,141147500,213942900
2022-02-25,0.0,163.41041564941406,426.0329284667969,0.0,0.0,163.67804692215537,426.1205159102756,159.46516102105377,416.4076357123632,162.4092260255137,418.11079419281293,0.0,0.0,91974200,121804500
2022-02-28,0.0,163.67803955078125,424.9429626464844,0.0,0.0,163.97542274375022,426.47094642283815,161.01152829220405,419.17169491880094,161.63603148488514,420.46608245052886,0.0,0.0,95056600,145615000
2022-03-01,0.0,161.77481079101562,418.4709777832031,0.0,0.0,165.1451284875075,425.46852947175023,160.55555631909613,415.6777725109668,163.26171165329615,423.39553723206706,0.0,0.0,83474400,137785900
2022-03-02,0.0,165.10546875,426.1692199707031,0.0,0.0,165.89848556554983,427.9502241589019,161.52699341560762,420.01837728995866,162.9544206584898,420.7969521884735,0.0,0.0,79724800,117726500
2022-03-03,0.0,164.77835083007812,424.0475769042969,0.0,0.0,167.43495492693344,429.30303207404194,164.10429635993654,422.18869728096985,166.9987949165887,428.68017805354583,0.0,0.0,76678400,105501700
2022-03-04,0.0,161.7450714111328,420.60235595703125,0.0,0.0,164.1042922485981,421.770218395441,160.68442334485607,416.42717571544415,163.05355140938542,420.1935847981128,0.0,0.0,83737200,113978200
2022-03-07,0.0,157.90887451171875,408.20330810546875,0.0,0.0,163.57892434011342,420.7288181402225,157.65113534872225,408.1351746342418,161.9334170899732,419.9988930360925,0.0,0.0,96418800,137896600
2022-03-08,0.0,156.0651092529297,405.1084899902344,0.0,0.0,161.45760520179275,415.77512203509343,154.43943166177573,404.00873125928484,157.43306281915162,408.3882825024225,0.0,0.0,131148300,164772700
2022-03-09,0.0,161.52699279785156,415.9697570800781,0.0,0.0,161.98298238084854,418.0135534846112,158.01791344380138,411.5026186291489,160.06982875344372,413.7605276036946,0.0,0.0,91454900,116990800
2022-03-10,0.0,157.13568115234375,414.0914001464844,0.0,0.0,158.98934598057429,415.0159541507659,154.6178539880632,409.18629499177,158.80100279204103,411.2106076028342,0.0,0.0,105342000,93972700
2022-03-11,0.0,153.37876892089844,408.826171875,0.0,0.0,157.88903768542306,417.29328485013923,153.15078170108927,408.3006175094159,157.54208811679152,416.6606890641784,0.0,0.0,96970100,95636300
2022-03-14,0.0,149.30467224121094,405.83837890625,0.0,0.0,152.77410770651994,413.18628012126294,148.78922414818115,404.6607746601605,150.12742589519166,409.62427156534693,0.0,0.0,108732100,95729200
2022-03-15,0.0,153.73562622070312,414.762939453125,0.0,0.0,154.2114453664796,415.41498927466154,149.0667661849918,407.2203797246546,149.58221423794402,408.5342212070947,0.0,0.0,92964300,106219100
2022-03-16,0.0,158.19635009765625,423.9599914550781,0.0,0.0,158.60277333445518,424.018383091628,153.1111589629869,413.42959738653764,155.678537726209,418.3833822594522,0.0,0.0,102300200,144954800
2022-03-17,0.0,159.21734619140625,429.2641296386719,0.0,0.0,159.59403259920398,429.2641296386719,156.25346669490844,421.5950445016212,157.22490439731806,421.98433198203,0.0,0.0,75615400,102676900
2022-03-18,0.0,162.54798889160156,433.9657287597656,0.0,1.366,163.04362248449934,434.2976525476604,158.36484015750148,426.83906494079474,159.1082905468481,427.60054417019984,0.0,0.0,123511700,106345500
2022-03-21,0.0,163.935791015625,433.8388977050781,0.0,0.0,164.89732150726314,435.8597272162419,161.58647722780486,430.2169624904623,162.0821108781116,433.7900669753195,0.0,0.0,95811400,88349800
2022-03-22,0.0,167.34573364257812,438.9153747558594,0.0,0.0,167.94048487900454,439.8818596382293,163.46987531422113,435.2739254726389,164.06462655064755,435.2739254726389,0.0,0.0,81532000,74650400
2022-03-23,0.0,168.7235870361328,433.2628173828125,0.0,0.0,171.1323589329495,437.8414648077508,166.18593044504055,433.1749578335085,166.5229727690099,436.29899195386207,0.0,0.0,98062700,79426100
2022-03-24,0.0,172.54991149902344,439.7939758300781,0.0,0.0,172.6192923468856,439.8037479331588,168.72361899785875,434.20004267638217,169.56618715355125,435.3520187059988,0.0,0.0,90131400,64736900
2022-03-25,0.0,173.19419860839844,441.9417724609375,0.0,0.0,173.74930579535862,442.22489532576856,171.2414011021401,437.78290821306865,172.36153782795816,440.4481004806886,0.0,0.0,80546200,77101300
2022-03-28,0.0,174.0665283203125,445.0853271484375,0.0,0.0,174.19538277239084,445.0853271484375,170.49796031011837,439.3742178078025,170.6664739209418,441.3267317845667,0.0,0.0,90371900,68529800
2022-03-29,0.0,177.39720153808594,450.5914001464844,0.0,0.0,177.44675280234074,451.0990728469213,174.8000709431921,446.32516188288366,175.14702054620702,449.097728149043,0.0,0.0,100589400,86581500
2022-03-30,0.0,176.2175750732422,447.8091125488281,0.0,0.0,178.04150309829743,450.2497551291183,175.1569119048066,445.6320486417293,176.99076228224467,449.41015858913835,0.0,0.0,92633200,79666900
2022-03-31,0.0,173.08517456054688,440.9167175292969,0.0,0.0,176.47530672937728,447.8676624723366,172.87700178349212,440.4481034525868,176.28696353240818,447.01832366511104,0.0,0.0,103049300,121699900
2022-04-01,0.0,172.7877960205078,442.1663513183594,0.0,0.0,173.35282562665074,442.6935086685849,170.43849742252846,438.4761009017784,172.51024239397603,442.5470760713,0.0,0.0,78751300,89048800
2022-04-04,0.0,176.88174438476562,445.95416259765625,0.0,0.0,176.93131077626123,446.061566354456,172.9166750737439,441.521977498051,173.04554466652462,442.37131627720447,0.0,0.0,76468400,59601000
2022-04-05,0.0,173.53123474121094,440.3211975097656,0.0,0.0,176.7429459353053,446.9597332527439,172.89682433410385,439.1399348710974,175.94992914503712,444.4117167602859,0.0,0.0,73401800,74214500
2022-04-06,0.0,170.32945251464844,435.91827392578125,0.0,0.0,172.11373658066418,438.2710569195777,168.64430122334275,432.9407019314289,170.85482294442838,436.2795140493682,0.0,0.0,89058800,106898000
2022-04-07,0.0,170.63673400878906,438.1148376464844,0.0,0.0,171.8460811943685,439.98926417179575,168.36673879191179,432.9992605646746,169.665296394738,435.01034757590514,0.0,0.0,77594700,78097200
2022-04-08,0.0,168.60462951660156,436.94329833984375,0.0,0.0,170.27987345598882,439.9306420051561,167.72240233926902,435.3519948607207,170.27987345598882,437.33379513271547,0.0,0.0,76575500,79272700
2022-04-11,0.0,164.3025360107422,429.4749755859375,0.0,0.0,167.5538911694186,434.43434784113737,164.05471921434588,428.95756058809377,167.23669353531054,433.565464844816,0.0,0.0,72246700,89770500
2022-04-12,0.0,166.1958770751953,427.8836975097656,0.0,0.0,168.38656931056954,435.16656653474575,165.18478020665574,426.28262169680494,166.55273390376584,432.559947183206,0.0,0.0,79265200,84363600
2022-04-13,0.0,168.9119110107422,432.7844543457031,0.0,0.0,169.54632136181823,433.5654479672545,165.31362165449113,427.44432778277934,165.9282024280391,427.62981898167226,0.0,0.0,70618900,74070400
2022-04-14,0.0,163.8465576171875,427.39556884765625,0.0,0.0,169.77434668138505,434.1707949454547,163.5987408039011,427.28816508316675,169.1300138915177,433.01878901993,0.0,0.0,75329400,97869500
2022-04-18,0.0,163.6284637451172,427.5712890625,0.0,0.0,165.1451011636673,429.3090253697182,162.14156312884958,425.267306998514,162.48849753065755,426.4388273419645,0.0,0.0,69023900,66002500
2022-04-19,0.0,165.93812561035156,434.473388671875,0.0,0.0,166.35447115079714,435.2153236729523,162.47861271306476,427.2881222375168,163.57891992587136,427.4638413330617,0.0,0.0,67723800,77821000
2022-04-20,0.0,165.7696075439453,434.1512145996094,0.0,0.0,167.40520747877537,436.94332493492885,164.6494859073444,432.9504376332669,167.2862451309006,436.3087638837645,0.0,0.0,67929800,65224400
2022-04-21,0.0,164.96669006347656,427.6591796875,0.0,0.0,170.03206619727672,439.3254638636328,164.46114922301896,426.7219812204549,167.43495090331956,437.8903647455002,0.0,0.0,87227800,85417300
2022-04-22,0.0,160.3771209716797,415.9245300292969,0.0,0.0,166.40402763853763,427.67864255898434,160.08966012576172,415.33876988561514,165.00635231798768,426.5364385821535,0.0,0.0,84882400,132471800
2022-04-25,0.0,161.45761108398438,418.33587646484375,0.0,0.0,161.74507192512988,418.5115955660647,157.07621174729513,408.8954586203909,159.71297108077007,413.61079638747157,0.0,0.0,96046400,119647700
2022-04-26,0.0,155.43069458007812,406.2205505371094,0.0,0.0,160.92230802187353,415.92454766486657,155.35139139177141,406.19126401833347,160.8330976071047,415.7195122404352,0.0,0.0,95623200,103996300
2022-04-27,0.0,155.20272827148438,407.3627624511719,0.0,0.0,158.39459505890858,412.87863853578926,154.02311776553654,405.1564418103253,154.54848822398645,407.33347593182884,0.0,0.0,88063200,122030000
2022-04-28,0.0,162.2109832763672,417.65252685546875,0.0,0.0,163.08330335618535,419.4390939439512,157.54210755439004,407.68495070081826,157.85932035633806,412.2635986561956,0.0,0.0,130216800,105449100
2022-04-29,0.0,156.2732696533203,402.2178649902344,0.0,0.0,164.7486073264787,415.75854417339,155.8767688194159,401.4466136546457,160.42668168455637,413.5326795103096,0.0,0.0,131747600,145491100
2022-05-02,0.0,156.58058166503906,404.6390075683594,0.0,0.0,156.8482129324933,406.0448200161058,151.93153583652065,395.40359500049794,155.34149760095795,402.2862246494644,0.0,0.0,123055300,158312500
2022-05-03,0.0,158.0872802734375,406.493896484375,0.0,0.0,159.30654975390115,408.98333992977575,154.9548875862069,403.5455812619324,156.76889315365517,405.1564291544852,0.0,0.0,88966500,100028200
2022-05-04,0.0,164.57017517089844,418.872802734375,0.0,0.0,165.02614958597607,419.4585628603886,157.8691996097839,403.88725265943174,158.27562276818423,407.1772337995279,0.0,0.0,108256500,144247900
2022-05-05,0.0,155.40097045898438,403.9848937988281,0.0,0.0,162.6471316103484,414.9092116610616,153.596856810212,399.71865561286353,162.4191443788186,414.4698841079858,0.0,0.0,130525300,172929100
2022-05-06,0.0,156.13558959960938,401.57354736328125,0.23,0.0,158.27987652698923,404.9513882122927,153.05813992710523,396.09675994085796,154.8748262004885,401.33925521904894,0.0,0.0,116124600,151770800
2022-05-09,0.0,150.9535369873047,388.7162780761719,0.0,0.0,154.696108922872,396.7606265385695,150.3876924541417,387.085915713176,153.80264866053622,395.48173220174664,0.0,0.0,131577900,155586100
2022-05-10,0.0,153.3857421875,389.6144104003906,0.0,0.0,155.59952707122858,396.4384374340443,151.81723683425432,385.4458036519284,154.38840287628904,394.8861923479471,0.0,0.0,115366700,132497200
2022-05-11,0.0,145.4340057373047,383.4249267578125,0.0,0.0,154.31887882617508,394.44687634261646,144.74902403749422,382.6536754058718,152.38307085785848,388.61862101278285,0.0,0.0,142689800,142361000
2022-05-12,0.0,141.52268981933594,383.0246887207031,0.0,0.0,145.13620352153742,386.40252978311736,137.79005411909583,376.00539812396016,141.73116846366526,380.1252040806507,0.0,0.0,182602000,125090800
2022-05-13,0.0,146.03958129882812,392.18194580078125,0.0,0.0,147.02238319608435,393.6072726153913,142.06868657534451,386.2170003035399,143.5379133816603,387.29088891440966,0.0,0.0,113990900,104174400
2022-05-16,0.0,144.48098754882812,390.5906677246094,0.0,0.0,146.4465912032119,394.3785497307183,143.13088283318274,388.159797277524,144.49092447949562,390.4832937530032,0.0,0.0,86643800,78622400
2022-05-17,0.0,148.15408325195312,398.625244140625,0.0,0.0,148.68022557560093,398.8693083776145,145.61269797915526,393.0215090001063,147.77684341697517,396.8777358617404,0.0,0.0,78336300,83029700
2022-05-18,0.0,139.79534912109375,382.5560607910156,0.0,0.0,146.28775500898428,394.2125719699294,138.88203004967724,381.2771664808148,145.78147140988727,393.9197067817154,0.0,0.0,109742900,117674500
2022-05-19,0.0,136.35060119628906,380.2130432128906,0.0,0.0,140.62923776093464,384.7819486195948,135.60605844890728,377.9188333022698,138.86219085230275,379.3929909073281,0.0,0.0,136095600,98510700
2022-05-20,0.0,136.58885192871094,380.3789978027344,0.0,0.0,139.67622327962164,387.6032932286928,131.645092083235,371.50482575821405,138.07793749703902,383.913043172625,0.0,0.0,137426100,131432200
2022-05-23,0.0,142.0686798095703,387.4959411621094,0.0,0.0,142.21758229550522,388.2867069478801,136.6484021051316,381.111212046443,136.78738280792436,383.5030238182559,0.0,0.0,117726300,76414900
2022-05-24,0.0,139.3386993408203,384.5378723144531,0.0,0.0,140.93698510605824,385.7679358377358,136.33074773726096,377.772388867906,139.78542197691854,383.2394338599347,0.0,0.0,104132700,91448800
2022-05-25,0.0,139.49754333496094,387.9352111816406,0.0,0.0,140.75829157067912,389.96584227841475,137.33339771813021,382.5853422772487,137.42273921872214,382.9953535034262,0.0,0.0,92482700,91472900
2022-05-26,0.0,142.7338104248047,395.68670654296875,0.0,0.0,143.2897332655704,397.37564181124907,136.1421257527405,388.98959809007306,136.390306674351,389.20437581324745,0.0,0.0,90601500,82168300
2022-05-27,0.0,148.55116271972656,405.4004821777344,0.0,0.0,148.59086499973355,405.517628248203,144.20302839258298,398.01998180822807,144.33208731118634,398.2249874315481,0.0,0.0,90978500,84768700
2022-05-31,0.0,147.75698852539062,403.1257629394531,0.0,0.0,149.56375288938742,406.57194867630926,145.77154117036704,400.29462382925067,147.98532587760639,403.73103746314507,0.0,0.0,103718400,95937000
2022-06-01,0.0,147.62794494628906,399.8650817871094,0.0,0.0,150.6358964813733,406.3571845656838,146.6054256211368,397.26823471708,148.80927339999707,405.31261226869657,0.0,0.0,74286600,86585800
2022-06-02,0.0,150.10975646972656,407.4798889160156,0.0,0.0,150.1693174677386,407.5286898446704,145.7914023407159,397.3756238657535,146.75434553594118,399.69912009525683,0.0,0.0,72348100,79609600
2022-06-03,0.0,144.32215881347656,400.7925720214844,0.0,0.0,146.8933092485359,404.2094716485074,143.4088549382039,399.7870284658233,145.83108774770463,402.6083958083479,0.0,0.0,88570300,71874300
2022-06-06,0.0,145.07662963867188,402.0128479003906,0.0,0.0,147.4889559190541,406.7183836410424,143.84564689313325,400.8022690529102,145.96015305710577,404.93184657537745,0.0,0.0,71598400,57508900
2022-06-07,0.0,147.62794494628906,405.8690185546875,0.0,0.0,147.91582814813964,406.3376325742497,143.05148818089592,397.93204549426173,143.29966910060756,398.41043161620905,0.0,0.0,67808200,59272400
2022-06-08,0.0,146.88339233398438,401.4564514160156,0.0,0.0,148.77948292109005,405.9472400968372,146.3870305278578,400.6363990158138,147.49887612629803,404.1020998516312,0.0,0.0,53950200,64350000
2022-06-09,0.0,141.60211181640625,391.9085998535156,0.0,0.0,146.87347238324736,401.9640347127755,141.49291160052343,391.9085998535157,146.00980758802268,399.62102394676333,0.0,0.0,69473000,86289800
2022-06-10,0.0,136.1322021484375,380.54498291015625,0.0,0.0,139.73577878154987,386.3830107445836,136.0627042203906,380.49618197527496,139.25927565980365,385.50438536571676,0.0,0.0,91437900,132893900
2022-06-13,0.0,130.92041015625,366.09637451171875,0.0,0.0,134.21624505789245,372.7446822894116,130.4836092920868,364.4367256967326,131.90319695285518,370.8312269140035,0.0,0.0,122207100,170004900
2022-06-14,0.0,131.7939910888672,364.9931640625,0.0,0.0,132.91577370123466,368.96653681352416,130.52330598271703,361.7910426079515,132.1613091531334,367.90242036294205,0.0,0.0,84784300,104011800
2022-06-15,0.0,134.44456481933594,370.1966552734375,0.0,0.0,136.34067074153285,374.7850451607564,131.19836919293874,363.2847392355552,133.31286039546794,368.4003162291868,0.0,0.0,91533000,125666800
2022-06-16,0.0,129.11363220214844,357.94464111328125,0.0,0.0,131.42668006538247,362.13279219618704,128.10104986360264,355.43565334663833,131.11893816537355,361.71300881537155,0.0,0.0,108123900,134473300
2022-06-17,0.0,130.6027069091797,358.7162170410156,0.0,1.577,132.1116509360941,362.16750480331945,128.86544070872029,355.0982953701577,129.12355852449724,358.3730750652033,0.0,0.0,134520300,111113900
2022-06-21,0.0,134.88134765625,367.7464294433594,0.0,0.0,136.06269113736712,369.1779132574162,132.34991465129582,364.5500742887262,132.44917792041107,364.6285289732114,0.0,0.0,81000500,76811900
2022-06-22,0.0,134.3651580810547,367.0797119140625,0.0,0.0,136.7576106719913,371.3251515928733,132.93563353763741,362.9518944178461,133.80922008813351,363.3833054147034,0.0,0.0,73409200,90059400
2022-06-23,0.0,137.26390075683594,370.6780700683594,0.0,0.0,137.5815644420526,371.4330244232366,134.64311097581628,365.6090352596023,135.8244545208393,369.2858134739938,0.0,0.0,72433800,79292100
2022-06-24,0.0,140.6292266845703,382.46331787109375,0.0,0.0,140.8774075808168,382.4731321868849,138.75297971485728,373.92339696971493,138.8820234804288,373.95280999539403,0.0,0.0,89116800,98050300
2022-06-27,0.0,140.6292266845703,381.00244140625,0.0,0.0,142.44591266282575,383.7183439946424,139.94424498728844,379.87490213274316,141.6616525479414,383.41439940582825,0.0,0.0,70207900,66009600
2022-06-28,0.0,136.43994140625,373.21746826171875,0.0,0.0,142.3764246147896,385.48320909324394,136.32081941507366,373.09981615464244,141.09581776636168,382.6104270992481,0.0,0.0,67083400,86548900
2022-06-29,0.0,138.21690368652344,372.9134826660156,0.0,0.0,139.64642810554085,374.8057903306718,135.67553367394143,371.030989316435,136.459793806928,373.7861189003541,0.0,0.0,66242400,65676000
2022-06-30,0.0,135.72518920898438,369.8838806152344,0.0,0.0,137.3631772999331,373.2273011253819,132.7966572429865,365.2854543644132,136.25133157263517,368.8935921286375,0.0,0.0,98964500,112508300
2022-07-01,0.0,137.9191131591797,373.7959289550781,0.0,0.0,138.02831338538329,374.24696857582484,134.67291717140358,366.50119940085744,135.05014192284588,369.20731743856027,0.0,0.0,71051600,74839700
2022-07-05,0.0,140.5299530029297,374.5019226074219,0.0,0.0,140.57959221340383,374.5215512415997,135.9336378022625,365.61882861743015,136.76753715405113,368.5406525485692,0.0,0.0,73353800,81438000
2022-07-06,0.0,141.88006591796875,375.7666931152344,0.0,0.0,143.0713312992956,378.33553043072976,140.05345799008347,372.18796868895197,140.3214976239044,374.648938295805,0.0,0.0,74064300,70426200
2022-07-07,0.0,145.2851104736328,381.3946228027344,0.0,0.0,145.48365217167142,382.21821748251637,142.23744163418976,375.786309574194,142.24736341737548,377.60019270164406,0.0,0.0,66253700,64525900
2022-07-08,0.0,145.9700927734375,381.08087158203125,0.0,0.0,146.47639157786392,383.01240670505865,143.9449429990184,378.129635043769,144.20304571947742,379.70818394080607,0.0,0.0,64547800,72397800
2022-07-11,0.0,143.8158721923828,376.7275695800781,0.0,0.0,145.572997317032,379.3160056129522,142.73380703531947,376.0118127240736,144.61005415222928,378.31593281506593,0.0,0.0,63141600,58366900
2022-07-12,0.0,144.7986602783203,373.3939514160156,0.0,0.0,147.36981068475808,378.61989530820955,143.99455661163788,371.58988259942936,144.6993818623864,376.1588956560678,0.0,0.0,77588800,62219200
2022-07-13,0.0,144.43138122558594,371.4329833984375,0.0,0.0,145.38438752558372,374.4626746435605,141.0858919481818,367.3444232317666,141.94957189552218,367.775834221675,0.0,0.0,71185600,84224600
2022-07-14,0.0,147.38967895507812,370.531005859375,0.0,0.0,147.86618205738918,371.64873088008846,142.2076603806938,363.79515294107955,143.0316228135453,366.31494887654577,0.0,0.0,78140700,89704800
2022-07-15,0.0,149.07730102539062,377.6099853515625,0.0,0.0,149.76228273225627,377.72763745310993,147.12163432378526,373.1096129372086,148.6901394277396,375.08034548151625,0.0,0.0,76259900,79060400
2022-07-18,0.0,145.99986267089844,374.4920959472656,0.0,0.0,150.4671187346768,381.4926654897177,145.6325446496224,373.2272759751803,149.64315635407098,380.7965372540345,0.0,0.0,81420900,63203600
2022-07-19,0.0,149.90127563476562,384.6105651855469,0.0,0.0,150.12959783972357,385.1988556310336,145.84103942025354,377.8649284986102,146.84368488355693,378.5414281009707,0.0,0.0,82982400,78506000
2022-07-20,0.0,151.92642211914062,387.061767578125,0.0,0.0,152.60148208414427,388.5226944014127,149.2758517671536,383.3948038495525,150.0203945114565,384.80668901255615,0.0,0.0,64823400,71843800
2022-07-21,0.0,154.21963500976562,391.0032958984375,0.0,0.0,154.4380354386393,391.05230763741463,150.8344435099851,383.98309737153716,153.37581379386617,386.4636957820479,0.0,0.0,65086600,64903900
2022-07-22,0.0,152.9687957763672,387.37554931640625,0.0,0.0,155.14286316666434,392.36615941963595,152.2937509115278,385.08124327173095,154.25933965370578,391.1307822704712,0.0,0.0,66675400,72197300
2022-07-25,0.0,151.8370819091797,387.8461608886719,0.0,0.0,153.91187073871833,388.7285816261182,151.1719588697096,385.5322263700411,152.88936657305052,388.0226390518219,0.0,0.0,53623900,53631500
2022-07-26,0.0,150.49691772460938,383.257568359375,0.0,0.0,151.97606633071226,386.36565476823336,149.70273574167712,382.33592023216653,151.15210384884918,386.1499492507655,0.0,0.0,55138700,52946400
2022-07-27,0.0,155.64913940429688,393.2093505859375,0.0,0.0,156.1852186752148,395.0134193812867,151.05283905804376,386.35581612080983,151.46978118666811,386.65976070514233,0.0,0.0,78620700,82342100
2022-07-28,0.0,156.205078125,398.14111328125,0.0,0.0,156.49296132906105,398.85684020335594,153.28646806313938,390.37574547164735,155.83776006052878,394.0427388447597,0.0,0.0,81378700,73966600
2022-07-29,0.0,161.32752990722656,403.9455261230469,0.0,0.0,162.43939079907568,404.96522759349267,158.3394368961119,398.8274499817787,160.06678166090023,399.6216316311396,0.0,0.0,101786900,87003700
2022-08-01,0.0,160.3347930908203,402.7493591308594,0.0,0.0,162.39966012415158,405.3378252705288,159.7193092680692,400.4256401637496,159.83843126014725,401.160995782288,0.0,0.0,67829400,69997500
2022-08-02,0.0,158.845703125,400.0922546386719,0.0,0.0,161.22824893378422,404.93579903539745,158.46847844479024,398.87647634241836,158.9350597643028,401.1315547799909,0.0,0.0,59907000,63435400
2022-08-03,0.0,164.9211883544922,406.3575134277344,0.0,0.0,165.37783276052775,407.56347745264617,159.58033015580443,401.994391599018,159.6696716507556,402.2885218680951,0.0,0.0,82507500,67820600
2022-08-04,0.0,164.603515625,406.0829772949219,0.0,0.0,165.97347918953315,406.98499672439436,163.23355206046685,404.3867463044964,164.80205733707803,406.2790541648659,0.0,0.0,55474100,45656600
2022-08-05,0.0,164.3748779296875,405.3966369628906,0.23,0.0,164.87192925071008,406.06335218553613,162.03873065336037,401.60220689314247,162.24749888246296,401.66103294680556,0.0,0.0,56697000,56814900
2022-08-08,0.0,163.89768981933594,404.92596435546875,0.0,0.0,166.82035387271443,409.46556394983037,163.23164290160983,403.788610878042,165.38884371034115,407.14184526163586,0.0,0.0,60276900,53886100
2022-08-09,0.0,163.94740295410156,403.31805419921875,0.0,0.0,164.8421044171154,404.6907120473841,162.287253392032,402.21011360408266,163.05271665988997,404.1710619362323,0.0,0.0,63135500,44931800
2022-08-10,0.0,168.24192810058594,411.7893371582031,0.0,0.0,168.341329258487,411.93643222108756,165.91571650743504,408.58319739353135,166.69111531555143,410.6029717903627,0.0,0.0,70170500,68665700
2022-08-11,0.0,167.49636840820312,411.7893371582031,0.0,0.0,169.981625143728,416.652510585909,167.19813456617948,411.02456850233204,169.05710175033502,414.7307596687378,0.0,0.0,57149200,59489700
2022-08-12,0.0,171.08505249023438,418.760498046875,0.0,0.0,171.15463177996858,418.8683358364793,168.4009635083527,412.8090130224942,168.81849992196163,413.78948713174856,0.0,0.0,68039400,61694500
2022-08-15,0.0,172.16864013671875,420.48614501953125,0.0,0.0,172.3674576326767,421.0254237748165,170.33949490382145,416.41718313222253,170.5084905338258,416.4760091896431,0.0,0.0,54091700,54048300
2022-08-16,0.0,172.0095672607422,421.3096923828125,0.0,0.0,172.6855648992124,423.30005341829457,170.64765158762629,418.5447485044505,171.7610416171049,419.37815739396007,0.0,0.0,56377100,59289000
2022-08-17,0.0,173.52061462402344,418.31927490234375,0.0,0.0,175.11116970804392,421.1136321125754,171.55229569197712,416.2504888834827,171.75111318137942,417.59373363266855,0.0,0.0,79542000,63563400
2022-08-18,0.0,173.1229705810547,419.5350646972656,0.0,0.0,173.8685475692053,420.2409773037186,172.09904606416538,417.1917173046337,172.72533558822875,418.5251476790814,0.0,0.0,62290100,49023200
2022-08-19,0.0,170.50848388671875,413.8973693847656,0.0,0.0,172.7153928940638,416.95644392564435,170.29971566437985,412.99532000701345,172.00957336680577,416.6819123622757,0.0,0.0,70346300,68016900
2022-08-22,0.0,166.58177185058594,405.2789611816406,0.0,0.0,168.8582600194494,409.0832053453437,166.1542998656266,404.3474988502258,168.68926440593563,408.90669727296927,0.0,0.0,69026800,77695600
2022-08-23,0.0,166.24375915527344,404.2985534667969,0.0,0.0,167.71504179740873,407.3086165247383,165.6671778769448,403.72986165901506,166.09464984570593,404.8378023229393,0.0,0.0,54147100,49105200
2022-08-24,0.0,166.54200744628906,405.5927429199219,0.0,0.0,167.11858877482845,407.00459812662075,165.26955733116827,403.35726312024667,166.33325439471557,404.06317576274824,0.0,0.0,53841500,49177800
2022-08-25,0.0,169.0272674560547,411.3186950683594,0.0,0.0,169.13661935113032,411.36770680418124,167.35718233359296,406.00451233504583,167.78463917965084,407.1320515542001,0.0,0.0,51218200,50942300
2022-08-26,0.0,162.65505981445312,397.3959655761719,0.0,0.0,170.04124989564602,411.75990553631755,162.59541608646745,397.3371395223533,169.56408490295897,411.2010580250414,0.0,0.0,78961000,103087000
2022-08-29,0.0,160.4282684326172,394.7682800292969,0.0,0.0,161.93929333112956,397.9155934194124,158.8774709390489,393.36620928884884,160.1996139330471,394.346683359936,0.0,0.0,73314000,65370800
2022-08-30,0.0,157.9728546142578,390.4346008300781,0.0,0.0,161.60132319310372,396.20960790547304,156.78987004226948,388.2677613481044,161.17386633770764,395.96448936926845,0.0,0.0,77906200,85652400
2022-08-31,0.0,156.2928009033203,387.4637451171875,0.0,0.0,159.6329860092314,393.40541573050757,156.2132708807033,387.32649430336846,159.36457407899903,392.1209970616618,0.0,0.0,87991100,76029700
2022-09-01,0.0,157.02847290039062,388.6795654296875,0.0,0.0,157.48575165873476,389.0325217519391,153.75786644508614,382.4241357306446,155.7162500241605,385.21849296858545,0.0,0.0,74229900,78740100
2022-09-02,0.0,154.89112854003906,384.5811767578125,0.0,0.0,159.41429854575298,393.71920315333057,154.05608597034487,382.7084675127739,158.80789533396978,392.4641974194776,0.0,0.0,76957800,99632100
2022-09-06,0.0,153.61868286132812,383.1300964355469,0.0,0.0,156.16358324433435,386.424475285978,152.78364026730472,380.8357904672043,155.54724444905082,385.4538154321362,0.0,0.0,73714800,76637400
2022-09-07,0.0,155.04025268554688,390.0129699707031,0.0,0.0,155.74605705757313,390.807151564714,152.70410543998995,382.5809897694371,153.90697629529427,382.8064796531107,0.0,0.0,87449600,70964200
2022-09-08,0.0,153.54908752441406,392.5622253417969,0.0,0.0,155.4378763139133,393.03283376038723,151.77957101885633,386.42444789465793,153.7280187035282,387.6696691527998,0.0,0.0,84923800,80821700
2022-09-09,0.0,156.44192504882812,398.66082763671875,0.0,0.0,156.88928336456686,399.5530627760281,153.83738102856478,394.60164996480785,154.5531361311841,394.87618155215694,0.0,0.0,68028800,76706900
2022-09-12,0.0,162.4661865234375,402.9454650878906,0.0,0.0,163.29129353158893,403.69063502139295,158.36055295146778,400.4844653813895,158.64883604164,400.79822429251647,0.0,0.0,104956000,69256300
2022-09-13,0.0,152.9327392578125,385.42437744140625,0.0,0.0,159.59322359676912,395.22911851128833,152.46550982562522,384.26742517636694,158.95699854403776,393.9838972455284,0.0,0.0,122656600,122947100
2022-09-14,0.0,154.39407348632812,386.89508056640625,0.0,0.0,156.17352564761967,388.46384508934455,152.70410208796778,383.48301997314263,153.87713588335603,386.76761414767395,0.0,0.0,87965400,85023700
2022-09-15,0.0,151.47140502929688,382.5025329589844,0.0,0.0,154.3244897443255,388.22849784074685,150.4872531846326,381.18870131791465,153.73795769473188,385.287075680285,0.0,0.0,90481100,87633800
2022-09-16,0.0,149.81126403808594,379.58447265625,0.0,1.596,150.45743985201966,380.2637812321168,147.49500307862988,376.1879297769163,150.3182660898928,378.1864970686746,0.0,0.0,162278800,103084800
2022-09-19,0.0,153.56895446777344,382.5281677246094,0.0,0.0,153.6484844903677,382.5281677246093,148.22069317531495,376.25689597799743,148.42944621192424,376.33567294808165,0.0,0.0,81474200,73278500
2022-09-20,0.0,155.9746856689453,378.1372985839844,0.0,0.0,157.14773457806695,380.1358360669987,152.17722177575766,375.2921039613356,152.4953267073288,379.09226654648546,0.0,0.0,107689800,77274900
2022-09-21,0.0,152.81344604492188,371.5411376953125,0.0,0.0,157.80384512079485,383.2763819780045,152.69415859227828,371.5312830633296,156.4120924418145,380.12596429367113,0.0,0.0,101696800,106746600
2022-09-22,0.0,151.83924865722656,368.4202880859375,0.0,0.0,153.55904204469962,372.4370424642112,150.02003893432834,367.65237783518165,151.4813710860203,370.7436980593891,0.0,0.0,86652500,89472600
2022-09-23,0.0,149.5428466796875,362.2474365234375,0.0,0.0,150.57672187712916,364.876039411542,147.68387967365936,357.65965469224915,150.29837436292607,364.8366509284433,0.0,0.0,96029900,122346900
2022-09-26,0.0,149.880859375,358.663818359375,0.0,0.0,152.86316729688903,364.4723724846835,148.7575185370717,357.4036573625467,148.77740483714896,360.73127797539547,0.0,0.0,93339400,92581200
2022-09-27,0.0,150.86500549316406,357.74822998046875,0.0,0.0,153.8075558708083,364.65942104870976,149.06568220966486,355.2771211169648,151.83923696514196,362.31630221242256,0.0,0.0,84442700,108294100
2022-09-28,0.0,148.95631408691406,364.78741455078125,0.0,0.0,149.75159911601543,366.52997174779034,143.9858016160309,356.980323262262,146.76929163348552,358.7327350905686,0.0,0.0,146691400,110802200
2022-09-29,0.0,141.63975524902344,357.1673889160156,0.0,0.0,145.85475636015974,361.4204135304312,139.85036726935218,354.12528219375235,145.2384175105857,361.1250750310302,0.0,0.0,128138200,112952300
2022-09-30,0.0,137.38497924804688,351.64434814453125,0.0,0.0,142.25609119434162,360.2390597340141,137.18616175752106,351.5065335147759,140.44681714231157,356.19274168484077,0.0,0.0,124925300,153711200
2022-10-03,0.0,141.6099090576172,360.9281311035156,0.0,0.0,142.22626297013235,362.838066684898,136.87798625194168,353.6428249908786,137.3949238392378,355.4838382468922,0.0,0.0,114311700,89756500
2022-10-04,0.0,145.23838806152344,372.11212158203125,0.0,0.0,145.35767551304633,372.1416554322654,143.4092278482999,360.8888078239482,144.17469105610752,366.62843971323605,0.0,0.0,87830100,103602800
2022-10-05,0.0,145.53660583496094,371.2457275390625,0.0,0.0,146.51083724600878,373.57899166722547,142.16659883003666,365.2009029670081,143.220360264566,367.60308942210906,0.0,0.0,79471000,88065700
2022-10-06,0.0,144.5723419189453,367.41607666015625,0.0,0.0,146.66989912895627,372.8505156748189,144.36358885580452,366.9041165055233,144.95010578207987,369.79855414502026,0.0,0.0,68402200,82333500
2022-10-07,0.0,139.2638397216797,357.1673889160156,0.0,0.0,142.25609847332984,367.5046570195659,138.62761461816126,355.3460547174208,141.6993882350486,363.2516023605421,0.0,0.0,85925600,107789500
2022-10-10,0.0,139.59188842773438,354.4403076171875,0.0,0.0,141.05322049627736,358.56537233461466,137.7528076774363,352.12675255082996,139.59188842773438,358.31924689822694,0.0,0.0,74899000,76042800
2022-10-11,0.0,138.16036987304688,352.1956481933594,0.0,0.0,140.51640326068497,357.4036708894145,137.4048573864025,350.1971108326416,139.0749424101852,352.68789907082294,0.0,0.0,77033700,92482800
2022-10-12,0.0,137.52415466308594,351.033935546875,0.0,0.0,139.5322462298046,354.24342081102196,137.3452234701003,350.7779554819969,138.30950423799578,352.6189989603458,0.0,0.0,70433700,76991800
2022-10-13,0.0,142.14674377441406,360.298095703125,0.0,0.0,142.74319626476952,361.8142367645539,133.57756859310874,342.71487935912126,134.19392255258623,343.7978372601419,0.0,0.0,113224000,147254500
2022-10-14,0.0,137.5639190673828,352.08734130859375,0.0,0.0,143.6677082660222,364.5216023582536,137.37503715128264,351.427711962087,143.45894005117427,362.8380828500705,0.0,0.0,88598000,123737000
2022-10-17,0.0,141.57015991210938,361.13494873046875,0.0,0.0,142.05726049529892,362.276974396132,139.44278087964219,351.74279337370416,140.23806602152203,358.36850114311414,0.0,0.0,85250900,93168200
2022-10-18,0.0,142.90225219726562,365.37811279296875,0.0,0.0,145.83485190424906,369.63116725530807,139.78077056471744,361.824046109959,144.63199622376132,369.3161195074444,0.0,0.0,99136600,97162900
2022-10-19,0.0,143.0115966796875,362.78887939453125,0.0,0.0,144.09516484314776,366.0869661252213,140.66551400194888,359.8845873381159,140.85439591772297,363.2712756171722,0.0,0.0,61758300,79746900
2022-10-20,0.0,142.54437255859375,359.7467956542969,0.0,0.0,145.02962908215443,366.89428812420084,141.80873116685106,358.95917621093287,142.17655944712342,362.3261854865185,0.0,0.0,64522000,88283100
2022-10-21,0.0,146.4014892578125,368.4891662597656,0.0,0.0,146.97807056680443,368.9912417189881,141.80872508447706,357.90577250930954,142.02742886267404,359.46127204556257,0.0,0.0,86548600,131038400
2022-10-24,0.0,148.56861877441406,372.9981994628906,0.0,0.0,149.34401752752345,374.16975903140093,145.13896810969177,367.32745936957116,146.32195253704597,370.064403269992,0.0,0.0,75981900,85436900
2022-10-25,0.0,151.4415740966797,378.9544372558594,0.0,0.0,151.5906985758029,379.27930962266964,148.47915283746602,372.80130114906717,149.20484342903703,372.91943655518,0.0,0.0,74732300,78846300
2022-10-26,0.0,148.46922302246094,376.099365234375,0.0,0.0,151.09365316737305,381.5731928157295,147.1669359304103,375.4397658561377,150.06972874670512,375.7055705249573,0.0,0.0,88194300,104087300
2022-10-27,0.0,143.946044921875,374.09100341796875,0.0,0.0,148.17098054359107,379.033191619914,143.27999806764873,373.45105321461034,147.1967643416124,377.1331103635389,0.0,0.0,109180200,81971800
2022-10-28,0.0,154.82156372070312,382.9908752441406,0.0,0.0,156.57117905444696,383.48312613877357,146.94827196565026,373.7956321377509,147.32602068604268,373.9826898812802,0.0,0.0,164762400,100302000
2022-10-31,0.0,152.43569946289062,380.224365234375,0.0,0.0,153.3304009653271,382.3804262026793,151.02407549465843,379.2891067147916,152.2567682636851,380.4508114248116,0.0,0.0,97943200,96631300
2022-11-01,0.0,149.7615509033203,378.5605773925781,0.0,0.0,154.53324642602882,384.3396275254624,148.2505258700241,377.34965954764124,154.16543331735568,384.09350210402226,0.0,0.0,80379300,85407600
2022-11-02,0.0,144.17469787597656,369.0601806640625,0.0,0.0,151.2725897845585,382.6069348886926,144.14487601168517,368.9518998887356,148.07157822100177,377.9502306128234,0.0,0.0,93604600,126990400
2022-11-03,0.0,138.06097412109375,365.260009765625,0.0,0.0,141.95785449789213,368.400572802284,137.93173592890952,363.07441464363365,141.22221311216924,365.7128721654295,0.0,0.0,97918500,87100100
2022-11-04,0.0,137.7921142578125,370.5172119140625,0.23,0.0,142.06388202909315,372.9981453224785,133.80910777144902,364.2656202601361,141.48634426529478,371.15713199478733,0.0,0.0,140814800,103505200
2022-11-07,0.0,138.32981872558594,374.0614318847656,0.0,0.0,138.55883735297928,374.67181812991817,135.09362583195073,369.7099211633307,136.52751065278036,371.85612765261146,0.0,0.0,83374600,68286900
2022-11-08,0.0,138.9073486328125,376.07965087890625,0.0,0.0,140.82914193369797,379.151291387848,136.9058933804032,371.86598478812056,139.81348623818715,375.2034299410489,0.0,0.0,89908500,84641100
2022-11-09,0.0,134.29701232910156,368.3316345214844,0.0,0.0,137.96138608792583,375.23300121564455,134.01820309890402,367.8196743968523,137.91159546954123,374.04173249841085,0.0,0.0,74917800,78495500
2022-11-10,0.0,146.2460479736328,388.572998046875,0.0,0.0,146.2460479736328,388.91757966823985,138.9073627737481,379.6632692286905,140.63997620935567,382.03589200654255,0.0,0.0,118854000,141455800
2022-11-11,0.0,149.0640411376953,392.33380126953125,0.0,0.0,149.37272176407356,393.16077913262416,143.75668223051363,387.50971866790906,145.20053449294085,389.45904294530527,0.0,0.0,93979700,93839900
2022-11-14,0.0,147.65005493164062,388.996337890625,0.0,0.0,149.64155825167242,393.9779144859696,146.80365994304128,388.7108239623862,148.33712600808593,390.5124790419155,0.0,0.0,73374100,71903500
2022-11-15,0.0,149.402587890625,392.3140869140625,0.0,0.0,152.9375096893802,396.0748907538891,147.92887953514855,388.37607997257504,151.57333463563305,394.93286513550476,0.0,0.0,89868300,93194500
2022-11-16,0.0,148.1578826904297,389.3212585449219,0.0,0.0,149.23329630566613,391.6151345765461,146.66425520159535,388.6714837353509,148.4964498019785,390.6306327519739,0.0,0.0,64218300,68508500
2022-11-17,0.0,150.07969665527344,388.1299743652344,0.0,0.0,150.8364624734915,388.82899226517395,145.52910411694938,384.09354107970705,145.80791337597523,384.4085588172153,0.0,0.0,80389400,74496300
2022-11-18,0.0,150.6472625732422,389.89227294921875,0.0,0.0,152.0512760661458,391.64468506962896,149.33287827751886,386.94862198295414,151.66293352491337,391.57576272827384,0.0,0.0,74829600,92922500
2022-11-21,0.0,147.38119506835938,388.47454833984375,0.0,0.0,149.7311695513299,389.6854963283926,147.09243377751235,386.5744671416846,149.52207021512172,388.5237914549221,0.0,0.0,58724100,51243200
2022-11-22,0.0,149.54197692871094,393.70220947265625,0.0,0.0,149.78096279681515,393.8695879751835,146.30578403537697,389.0258265680864,147.50069818193344,390.4828998470423,0.0,0.0,51804100,60429000
2022-11-23,0.0,150.42822265625,396.1832275390625,0.0,0.0,151.1849885088291,396.68530302668097,148.70556120637923,393.1214113181476,148.81509450553884,393.3576821358504,0.0,0.0,58301400,68261600
2022-11-25,0.0,147.48077392578125,396.0946044921875,0.0,0.0,148.24750693206525,396.66563237344906,146.4949743462733,395.31686968558233,147.6799212121765,395.60235358160185,0.0,0.0,35195900,30545400
2022-11-28,0.0,143.6072998046875,389.7740478515625,0.0,0.0,146.0170169010193,394.59809987806966,142.77087209071394,388.9864285128924,144.52338947151054,392.9047558556861,0.0,0.0,69246000,67881600
2022-11-29,0.0,140.5702667236328,389.10467529296875,0.0,0.0,144.1948023311519,391.1425712796673,139.7537582243498,387.20456389685825,143.6770071889448,389.91194397253946,0.0,0.0,83763800,52310000
2022-11-30,0.0,147.40110778808594,401.3616943359375,0.0,0.0,148.0881788215148,401.3616943359375,139.95289009179822,387.3817865337149,140.7992698334425,389.36061475945456,0.0,0.0,111380900,144566700
2022-12-01,0.0,147.679931640625,401.0663146972656,0.0,0.0,148.49645532465777,403.64570439136094,145.9871567957836,398.47707037171546,147.5803655873785,402.43475646212795,0.0,0.0,71250400,76398200
2022-12-02,0.0,147.1820526123047,400.6036071777344,0.0,0.0,147.37124786153967,401.5388658052508,145.03122534831445,395.90754468755813,145.3399211304143,396.0158254576943,0.0,0.0,65447400,85342700
2022-12-05,0.0,146.007080078125,393.3970642089844,0.0,0.0,150.27884828657326,398.65430012946655,145.15073298816077,391.9990885008787,147.14223643515055,397.68950760983,0.0,0.0,68826400,77289800
2022-12-06,0.0,142.30287170410156,387.726318359375,0.0,0.0,146.67422083234916,393.790852860106,141.31707210246432,385.5702871268968,146.4452022075518,393.22970968583314,0.0,0.0,64727200,77972200
2022-12-07,0.0,140.34124755859375,387.06671142578125,0.0,0.0,142.7609169056208,389.5082865805186,139.40523852602743,385.89515194034686,141.58593718829044,386.8501198391142,0.0,0.0,69721100,65927900
2022-12-08,0.0,142.04397583007812,390.0989685058594,0.0,0.0,142.91029015257863,391.20160567200713,140.50057282957653,387.17499707134533,141.75521451855485,389.0160406034989,0.0,0.0,62128300,60737900
2022-12-09,0.0,141.55606079101562,387.1848449707031,0.0,0.0,144.95157762596486,391.45757893753427,140.30140396500693,387.0568549367492,141.7352887981799,388.8191214723294,0.0,0.0,76097000,81447700
2022-12-12,0.0,143.87615966796875,392.7669677734375,0.0,0.0,143.88611171452328,392.76696777343756,140.460723648209,387.3128199076675,142.0937557270374,388.00195307536063,0.0,0.0,70462700,75405800
2022-12-13,0.0,144.8520050048828,395.74017333984375,0.0,0.0,149.3328877783216,404.12811751200803,143.6272346344532,392.88512424714014,148.86488325091187,403.86231285308844,0.0,0.0,93886200,123782500
2022-12-14,0.0,142.60159301757812,393.2099914550781,0.0,0.0,146.03693299146755,399.21545811630443,140.56029920313372,390.16788466442785,144.73250082928038,395.3857319018652,0.0,0.0,82291200,108111300
2022-12-15,0.0,135.92010498046875,383.5914306640625,0.0,0.0,141.1975919489063,389.1243258218043,135.45210047307742,381.87840719312595,140.51052085533328,388.18903711950566,0.0,0.0,98931900,117705900
2022-12-16,0.0,133.9385528564453,379.0626525878906,0.0,1.781,137.0652125203728,382.33631473359867,133.16186776243538,376.8571516722596,136.1092994172674,380.9516892340287,0.0,0.0,160156900,119858000
2022-12-19,0.0,131.80764770507812,375.8483581542969,0.0,0.0,134.6256268401695,379.6066621495215,130.76212057494766,374.12746848611994,134.5360128336952,379.2604982024835,0.0,0.0,79592600,79878100
2022-12-20,0.0,131.73794555664062,376.3626403808594,0.0,0.0,132.68390657976732,378.0340908638975,129.33818044774594,373.7021673721216,130.8318079139347,375.06702328679864,0.0,0.0,77432800,74427200
2022-12-21,0.0,134.8745574951172,381.9902038574219,0.0,0.0,136.22878034227125,383.1572432638648,132.1860310880514,378.48905545551895,132.4150497124627,379.0429056884944,0.0,0.0,85928000,78167400
2022-12-22,0.0,131.66824340820312,376.5406799316406,0.0,0.0,133.9883466990253,381.97040426721935,129.7464499148839,370.6559834753114,133.7792473500558,378.84508927535643,0.0,0.0,77852100,100120900
2022-12-23,0.0,131.29981994628906,378.7066650390625,0.0,0.0,131.85743846800435,378.85501239946194,129.0892499537998,373.88022969689507,130.3638109159962,375.4824415543607,0.0,0.0,63814900,59857300
2022-12-27,0.0,129.4775848388672,377.2132263183594,0.0,0.0,130.85172696737465,378.9440159266998,128.17315261842685,375.482436710019,130.8218556336214,378.58798226633456,0.0,0.0,69007800,51638200
2022-12-28,0.0,125.5045394897461,372.5252685546875,0.0,0.0,130.4733381203248,379.18140174027235,125.33526353169621,372.2879127811999,129.11911526196144,377.14398734839403,0.0,0.0,85438400,70911500
2022-12-29,0.0,129.0593719482422,379.2308044433594,0.0,0.0,129.92567102156607,380.1308185749858,127.18736158138809,374.9186504820818,127.44625154052878,375.4626309876086,0.0,0.0,75703700,66970900
2022-12-30,0.0,129.3780059814453,378.2319030761719,0.0,0.0,129.39792526896937,378.380250428638,126.88863442668149,374.2758127033456,127.86447439683818,376.46157436578557,0.0,0.0,77034200,84022200
